district,subdistrict,unit_index,form_type,ballot_total,ballot_valid,ballot_invalid,ballot_no_vote,กรีน,กล้าธรรม,ก้าวอิสระ,ครูไทยเพื่อประชาชน,คลองไทย,ความหวังใหม่,ทางเลือกไทย,ท้องที่ไทย,ประชากรไทย,ประชาชน,ประชาชาติ,ประชาธิปัตย์,ประชาธิปไดยใหม่,ประชาอาสาชาติ,ประชาไทย,ปวงชนไทย,พร้อม,พลวัต,พลังธรรมใหม่,พลังประชารัฐ,พลังสังคมใหม่,พลังเพื่อไทย,พลังไทยรักชาติ,ฟิวชัน,ภูมิใจไทย,มิติใหม่,รวมพลังประชาชน,รวมใจไทย,รวมไทยสร้างชาติ,รักชาติ,วิชชั่นใหม่,สร้างอนาคตไทย,สังคมประชาธิปไดยไทย,อนาคตไทย,เครือข่ายชาวนาแห่งประเทศไทย,เป็นธรรม,เพื่อชาติไทย,เพื่อชีวิตใหม่,เพื่อบ้านเมือง,เพื่อไทย,เศรษฐกิจ,เสรีรวมไทย,แผ่นดินธรรม,แรงงานสร้างชาติ,โอกาสใหม่,ใหม่,ไทยก้าวหน้า,ไทยก้าวใหม่,ไทยชนะ,ไทยทรัพย์ทวี,ไทยธรรม,ไทยพร้อม,ไทยพิทักษ์ธรรม,ไทยภักดี,ไทยรวมไทย,ไทยสร้างไทย,ไทรวมพลัง
ควนขนุน,ควนขนุน(เทศบาล),0,partylist,256,238,11,7,0,0,0,0,4,0,0,0,0,34,0,108,1,0,0,0,0,0,0,1,0,0,0,0,56,0,1,0,9,0,0,0,0,0,0,0,2,1,1,12,1,1,0,0,0,0,1,1,0,1,0,0,0,3,0,0,0
ควนขนุน,ควนขนุน(เทศบาล),1,partylist,337,320,8,9,0,1,0,0,0,0,1,0,0,45,0,137,2,0,0,0,1,0,0,0,0,0,0,0,87,0,0,0,8,1,0,1,0,0,0,0,2,0,0,15,7,0,0,0,1,0,0,2,0,1,0,0,0,8,0,0,0
ควนขนุน,ควนขนุน(เทศบาล),2,partylist,403,390,8,5,0,0,0,0,1,0,0,0,0,51,0,146,4,0,0,0,0,1,0,0,0,0,0,0,117,0,0,0,11,0,0,1,0,0,0,0,2,0,2,31,5,3,0,0,0,2,0,1,0,3,0,0,0,8,0,1,0
ควนขนุน,ควนขนุน(เทศบาล),3,partylist,206,199,3,4,0,2,0,0,0,0,1,0,0,34,0,79,2,0,0,0,0,0,1,0,0,0,0,0,51,0,0,0,6,0,0,0,1,0,0,0,1,0,0,13,2,1,0,0,0,0,0,0,0,1,0,0,0,4,0,0,0
ควนขนุน,ควนขนุน,0,partylist,384,365,11,8,0,0,0,0,2,0,1,0,0,46,0,215,3,0,0,1,0,1,1,0,0,1,0,0,41,0,1,2,6,0,0,0,0,0,0,0,3,2,0,29,2,1,0,0,1,1,0,0,5,0,0,0,0,0,0,0,0
ควนขนุน,ควนขนุน,1,partylist,305,301,4,0,0,1,0,0,1,6,0,0,0,15,0,202,8,0,0,0,0,2,0,0,0,1,0,0,30,0,0,2,5,0,0,0,1,0,0,0,2,0,0,10,4,1,0,0,0,0,1,0,1,7,0,0,0,0,0,0,1
ควนขนุน,ควนขนุน,2,partylist,639,612,17,10,0,0,0,2,0,0,0,0,0,70,1,371,7,0,0,0,0,4,1,2,0,1,0,0,99,2,0,0,5,0,1,0,1,0,0,0,3,0,2,23,3,2,0,0,0,1,0,3,0,3,0,0,0,4,0,1,0
ควนขนุน,ควนขนุน,3,partylist,707,671,32,4,0,1,0,0,1,4,5,0,1,89,0,371,12,0,2,0,0,4,0,0,0,0,1,1,99,0,1,3,2,0,0,1,1,1,0,0,7,1,1,27,11,2,0,1,0,1,2,0,1,12,0,1,0,4,0,0,0
ควนขนุน,ควนขนุน,4,partylist,381,368,8,5,0,1,0,0,1,0,1,0,1,33,0,214,2,0,1,0,0,10,0,0,0,0,0,0,61,0,0,0,11,0,0,0,0,0,0,0,0,1,0,19,3,0,0,0,0,3,1,1,2,1,0,0,0,1,0,0,0
ควนขนุน,ควนขนุน,5,partylist,623,599,22,2,2,0,0,0,1,0,1,0,0,87,3,347,2,0,0,0,0,5,0,1,0,1,2,1,74,0,3,1,3,1,1,0,0,0,0,0,4,0,1,40,4,4,0,0,0,1,0,0,1,5,0,0,0,1,0,1,1
ควนขนุน,ควนขนุน,6,partylist,374,361,8,5,0,0,0,0,1,1,2,0,0,62,2,157,5,0,1,1,0,2,1,0,0,0,0,0,89,0,1,0,4,0,0,0,0,0,0,0,3,0,0,17,4,1,0,0,0,0,1,0,0,3,0,1,0,2,0,0,0
ควนขนุน,ควนขนุน,7,partylist,208,204,4,0,0,0,0,0,0,0,2,0,0,20,0,101,0,0,0,0,1,1,0,0,0,0,0,0,48,0,0,2,6,0,0,0,0,0,0,0,3,0,1,11,3,0,0,0,0,0,0,0,1,0,0,0,0,4,0,0,0
ควนขนุน,ควนขนุน,8,partylist,80,78,1,1,0,0,0,0,0,0,0,0,0,15,0,23,2,1,0,0,0,0,0,0,0,0,0,0,24,0,0,0,4,0,0,0,0,0,0,0,0,0,0,6,2,0,0,0,0,0,0,0,0,0,0,0,0,1,0,0,0
ควนขนุน,ชะมวง,0,partylist,573,564,7,2,0,0,0,0,0,0,0,0,0,80,0,316,2,0,3,0,0,6,0,1,1,0,1,0,101,1,0,2,10,0,0,0,0,0,0,0,0,0,3,22,0,1,0,1,0,2,0,1,0,6,0,0,0,4,0,0,0
ควนขนุน,ชะมวง,1,partylist,194,177,11,6,0,0,0,0,0,0,1,0,0,14,0,83,3,0,0,0,0,2,0,0,0,0,0,0,46,0,0,0,6,0,0,0,0,0,0,0,3,0,0,12,2,1,0,0,0,0,0,0,0,2,0,2,0,0,0,0,0
ควนขนุน,ชะมวง,2,partylist,545,523,13,9,0,1,0,0,0,0,1,0,1,51,1,305,0,0,0,0,0,7,0,0,0,1,0,0,96,0,1,1,2,1,0,1,0,0,0,0,2,1,0,26,5,5,0,0,0,1,0,0,0,9,0,0,0,4,0,0,0
ควนขนุน,ชะมวง,3,partylist,185,180,2,3,1,0,0,0,0,0,2,0,0,27,2,80,3,0,0,1,0,2,0,0,0,0,0,0,53,0,1,0,0,0,0,0,0,0,0,0,0,0,1,4,0,0,0,0,0,0,1,0,0,2,0,0,0,0,0,0,0
ควนขนุน,ชะมวง,4,partylist,511,490,16,5,0,2,0,0,1,0,0,0,0,45,0,278,4,0,1,1,0,4,0,0,0,0,0,0,91,0,0,4,2,1,0,0,1,0,0,0,3,0,2,38,2,1,0,0,0,0,0,0,0,7,0,0,0,1,0,1,0
ควนขนุน,ชะมวง,5,partylist,326,317,4,5,0,0,0,0,1,0,1,0,0,33,2,162,1,0,0,0,0,6,1,0,0,1,0,0,77,1,0,0,0,0,0,0,0,0,0,0,1,0,3,7,5,1,0,1,0,0,0,0,1,6,0,2,0,3,0,1,0
ควนขนุน,ชะมวง,6,partylist,394,376,13,5,0,0,0,0,1,0,1,0,0,36,0,201,3,0,0,0,0,1,1,0,0,0,0,0,100,0,2,2,3,0,0,0,1,0,0,0,5,0,0,10,4,0,0,0,0,0,0,0,0,4,0,1,0,0,0,0,0
ควนขนุน,ชะมวง,7,partylist,360,342,16,2,0,1,0,0,0,0,1,0,0,83,3,135,0,0,0,1,1,3,2,2,0,0,0,1,70,1,0,1,7,0,0,0,0,0,0,0,2,0,0,12,2,1,0,0,0,1,0,0,0,10,0,0,0,2,0,0,0
ควนขนุน,ชะมวง,8,partylist,328,316,8,4,0,0,0,0,1,1,1,0,0,59,0,114,2,0,0,0,0,1,0,1,0,0,0,0,84,0,0,1,6,1,0,0,0,0,0,0,0,0,0,30,2,2,0,1,0,1,0,1,2,1,0,1,0,2,0,1,0
ควนขนุน,ชะมวง,9,partylist,196,188,6,2,0,2,0,0,0,0,1,0,0,43,0,51,3,0,1,0,0,1,0,1,0,0,0,0,52,0,0,0,3,0,1,0,0,0,0,0,0,0,0,25,1,1,0,0,0,0,0,1,0,0,1,0,0,0,0,0,0
ควนขนุน,ชะมวง,10,partylist,486,463,18,5,0,1,0,0,0,0,3,0,0,49,0,244,2,0,1,1,0,6,0,0,0,0,0,0,100,0,0,3,0,0,0,0,0,0,0,0,2,0,2,37,1,0,1,0,0,0,1,1,2,4,0,1,1,0,0,0,0
ควนขนุน,ชะมวง,11,partylist,296,276,13,7,0,0,0,1,0,0,2,0,0,35,0,150,2,0,1,0,0,2,0,0,0,0,0,0,50,0,1,0,2,0,0,0,0,0,0,0,5,0,0,16,0,0,0,1,0,0,0,0,2,6,0,0,0,0,0,0,0
ควนขนุน,ชะมวง,12,partylist,462,445,10,7,0,0,0,0,3,0,1,0,0,51,2,274,11,0,0,0,0,3,1,0,0,1,0,0,43,0,2,0,5,0,0,0,0,0,0,0,1,0,3,26,4,1,0,0,0,0,1,0,0,12,0,0,0,0,0,0,0
ควนขนุน,ชะมวง,13,partylist,588,555,28,5,0,0,0,1,0,0,2,0,0,85,0,315,3,0,0,0,0,4,0,0,0,0,0,0,88,1,2,2,5,0,0,0,0,0,0,0,2,0,1,27,11,1,0,0,0,0,0,0,2,2,0,0,0,0,0,1,0
ควนขนุน,ชะมวง,14,partylist,366,351,9,6,0,0,0,0,1,0,0,0,1,35,0,227,3,0,0,0,0,3,0,0,0,0,0,1,39,0,0,1,1,0,1,0,0,0,0,0,6,0,2,16,1,1,0,0,0,0,0,1,1,4,0,3,0,3,0,0,0
กงหรา2,ชะรัด,0,partylist,593,562,17,14,0,0,0,0,0,0,2,0,3,48,2,357,4,1,1,0,0,4,0,1,0,0,0,0,78,5,0,1,3,1,0,0,1,0,0,0,4,0,5,14,6,0,0,1,0,0,0,0,6,11,0,2,0,0,0,0,1
กงหรา2,ชะรัด,1,partylist,419,398,20,1,0,1,0,0,0,0,1,0,1,66,2,210,5,0,0,0,0,7,1,0,0,0,0,0,75,1,1,0,1,0,3,0,1,0,0,0,0,0,3,8,1,1,0,0,0,1,0,0,3,4,0,0,0,0,1,0,0
กงหรา2,ชะรัด,2,partylist,655,631,16,8,0,0,0,0,3,1,2,0,2,90,5,390,7,0,3,0,0,5,1,0,0,1,0,0,55,0,0,1,5,0,2,0,1,0,0,1,4,0,3,27,2,2,0,2,0,0,0,0,0,12,0,2,0,2,0,0,0
กงหรา2,ชะรัด,3,partylist,331,308,16,7,0,2,0,0,0,0,1,0,0,44,6,171,4,0,0,1,0,2,1,0,0,0,0,0,37,0,0,1,4,0,0,0,0,0,0,0,0,0,1,23,3,0,0,0,0,0,0,0,3,2,0,2,0,0,0,0,0
กงหรา2,ชะรัด,4,partylist,399,383,14,2,0,0,0,0,0,0,0,0,0,69,7,170,0,0,3,0,1,7,0,0,0,0,1,0,55,2,2,2,3,0,0,0,0,0,0,0,5,2,1,41,7,0,0,1,0,1,0,0,0,2,0,0,0,0,1,0,0
กงหรา2,ชะรัด,5,partylist,429,412,15,2,0,8,0,0,0,0,4,0,0,74,1,172,3,0,1,0,0,13,1,0,0,0,0,0,75,0,1,2,2,0,0,0,0,0,0,0,4,0,0,37,4,0,0,0,0,1,0,0,1,4,0,1,0,2,0,0,1
กงหรา2,ชะรัด,6,partylist,277,271,3,3,0,1,0,0,1,0,0,0,0,26,0,153,3,0,0,0,0,0,0,0,0,1,0,0,65,0,0,1,3,0,1,0,1,0,0,0,1,0,0,9,0,1,0,0,0,0,1,0,0,3,0,0,0,0,0,0,0
กงหรา2,ชะรัด,7,partylist,617,592,15,10,0,1,0,0,3,0,2,0,0,69,1,359,6,0,1,0,0,5,1,0,0,1,0,0,99,0,2,1,5,2,1,0,0,0,0,0,2,2,1,8,4,0,0,0,0,1,2,1,2,7,0,1,0,1,1,0,0
กงหรา2,ชะรัด,8,partylist,383,360,13,10,0,0,0,0,1,0,0,0,0,49,2,222,5,0,0,0,0,7,0,1,0,0,0,0,43,0,0,1,4,0,1,0,0,0,0,0,2,0,1,11,3,0,0,0,0,1,0,0,1,3,0,1,0,0,0,1,0
กงหรา2,ชะรัด,9,partylist,517,490,22,5,0,0,0,0,1,1,3,1,3,42,3,313,1,1,0,1,0,5,0,0,1,0,0,0,69,1,1,0,5,0,2,0,0,0,0,0,4,0,2,11,5,1,0,0,1,1,0,1,0,7,0,1,0,1,1,0,0
ศรีนครินทร์,ชุมพล,0,partylist,645,596,25,24,0,0,0,0,0,0,3,0,1,89,1,341,3,0,0,1,0,7,0,0,0,2,1,1,63,0,3,3,7,0,2,0,2,0,0,0,2,1,2,35,8,2,0,1,1,2,0,0,5,2,0,3,1,0,0,1,0
ศรีนครินทร์,ชุมพล,1,partylist,345,328,12,5,1,1,1,0,0,0,1,0,1,45,1,212,4,0,0,0,0,6,0,0,0,0,1,0,15,0,1,1,2,0,0,0,0,0,0,0,2,0,0,19,5,2,0,0,0,0,1,1,1,3,0,0,0,0,0,1,0
ศรีนครินทร์,ชุมพล,2,partylist,363,339,16,8,0,2,0,1,0,0,0,0,0,71,0,153,5,0,2,0,0,4,1,1,0,1,0,0,30,0,2,2,7,0,0,0,0,1,0,2,1,0,1,37,7,1,0,1,0,1,0,0,2,1,0,0,0,2,0,0,0
ศรีนครินทร์,ชุมพล,3,partylist,418,375,19,24,1,6,2,0,0,0,13,1,1,66,1,85,5,0,0,1,0,11,0,0,0,3,0,0,45,3,3,8,8,0,0,1,0,2,0,0,24,0,0,38,18,1,0,0,0,0,1,0,1,23,0,0,0,2,0,1,0
ศรีนครินทร์,ชุมพล,4,partylist,402,384,13,5,0,1,1,0,1,0,3,0,1,50,0,248,5,0,1,0,0,6,0,1,0,1,0,0,27,0,1,1,2,0,0,0,1,0,0,0,2,0,0,22,1,1,0,0,0,1,1,0,0,4,0,1,0,0,0,0,0
ศรีนครินทร์,ชุมพล,5,partylist,493,455,22,16,0,0,0,0,1,0,1,0,0,56,1,269,7,0,0,2,0,8,2,1,0,1,0,0,53,1,2,0,6,1,0,2,0,0,0,1,1,1,0,25,2,5,0,0,0,1,0,0,1,3,0,0,0,0,0,1,0
ศรีนครินทร์,ชุมพล,6,partylist,274,259,5,10,0,0,0,0,0,0,1,0,0,41,0,150,2,0,0,0,0,3,0,0,0,1,1,0,25,0,0,3,2,0,1,0,0,0,0,0,1,0,1,14,8,0,0,0,0,0,1,0,0,4,0,0,0,0,0,0,0
ศรีนครินทร์,ชุมพล,7,partylist,637,604,20,13,0,1,0,0,0,0,11,1,0,134,0,301,3,0,3,0,0,3,1,2,0,0,0,0,66,1,2,3,5,0,0,0,1,1,0,0,5,0,0,36,4,3,0,2,0,1,0,2,1,2,0,1,0,6,0,2,0
ศรีนครินทร์,ชุมพล,8,partylist,290,274,9,7,0,0,0,0,1,0,0,0,1,35,0,176,3,0,1,0,0,2,0,0,0,0,0,0,31,0,0,1,0,0,0,0,0,0,0,0,1,0,1,16,3,0,0,0,0,0,0,0,0,2,0,0,0,0,0,0,0
ศรีนครินทร์,ชุมพล,9,partylist,349,331,9,9,0,1,0,1,1,0,1,0,1,35,0,206,1,0,1,0,0,5,0,0,0,0,0,0,31,1,1,0,4,0,0,0,1,0,0,0,2,0,1,26,3,0,0,0,0,0,0,0,0,4,0,0,0,0,0,4,0
ศรีนครินทร์,ชุมพล,10,partylist,547,526,21,0,0,0,0,1,1,0,7,0,0,75,0,310,6,0,1,0,0,10,0,2,1,1,0,0,44,0,0,0,4,0,0,0,0,0,0,0,3,0,4,37,3,0,0,1,0,1,0,0,1,7,0,0,0,3,0,0,3
ศรีนครินทร์,ชุมพล,11,partylist,244,224,11,9,0,1,0,0,0,0,0,1,0,35,0,118,3,0,0,0,0,7,0,1,0,1,0,0,20,0,1,1,2,0,1,0,0,0,0,0,0,0,1,22,6,1,0,0,0,0,0,1,1,0,0,0,0,0,0,0,0
ศรีนครินทร์,ชุมพล,12,partylist,254,245,3,6,2,0,0,0,0,0,2,1,0,24,0,179,1,0,0,0,0,1,0,0,0,0,1,0,7,0,1,0,3,1,0,1,0,0,0,0,0,0,0,12,4,0,0,0,0,0,0,2,2,1,0,0,0,0,0,0,0
ศรีนครินทร์,ชุมพล,13,partylist,275,260,10,5,0,0,0,0,1,0,1,0,0,28,0,166,2,0,1,1,0,3,0,0,0,0,0,0,20,0,3,4,0,0,0,0,0,0,1,0,3,0,0,18,1,3,0,0,0,0,0,0,0,0,0,0,0,0,0,4,0
ศรีนครินทร์,ชุมพล,14,partylist,247,242,5,0,0,0,0,0,1,0,4,0,0,33,0,154,2,1,1,0,0,2,1,0,0,0,0,0,17,0,0,1,1,0,0,1,0,0,0,0,2,1,1,14,1,0,0,0,0,0,0,0,0,3,0,0,0,0,0,1,0
ควนขนุน,ดอนทราย,0,partylist,206,202,2,2,0,1,0,0,1,0,0,0,0,27,0,105,1,0,0,0,0,0,1,1,0,0,0,0,42,0,0,1,3,1,0,0,0,0,0,0,0,0,0,10,1,1,0,0,1,0,0,0,1,0,0,0,0,4,0,0,0
ควนขนุน,ดอนทราย,1,partylist,372,357,10,5,1,1,0,0,1,0,3,0,0,68,0,193,4,0,1,0,0,1,0,0,0,0,0,1,52,0,0,1,3,0,0,0,1,0,0,0,0,1,1,14,3,1,0,0,0,0,1,1,0,3,0,0,0,1,0,0,0
ควนขนุน,ดอนทราย,2,partylist,301,286,11,4,0,3,0,0,0,0,0,0,0,26,0,196,2,0,1,0,0,1,0,0,0,0,0,0,27,0,1,0,5,0,0,0,0,1,0,0,0,1,2,7,4,2,0,0,0,2,1,0,1,2,0,0,0,1,0,0,0
ควนขนุน,ดอนทราย,3,partylist,255,246,3,6,0,1,0,0,2,0,1,0,0,30,0,109,3,0,0,0,0,1,0,0,0,0,0,0,70,0,1,2,10,0,1,0,0,0,0,0,2,0,0,3,1,1,0,0,0,0,1,0,0,3,0,2,0,2,0,0,0
ควนขนุน,ดอนทราย,4,partylist,475,456,15,4,1,2,0,0,0,0,1,0,0,43,2,281,8,0,0,0,0,3,0,0,0,0,0,0,75,0,2,1,2,0,0,0,1,1,0,0,1,0,1,6,11,0,0,0,4,2,1,0,0,2,0,2,0,3,0,0,0
ควนขนุน,ดอนทราย,5,partylist,284,279,2,3,0,1,0,0,1,0,1,0,0,32,0,126,1,0,1,0,0,1,0,0,0,1,0,0,76,1,1,1,8,0,0,0,0,0,0,0,3,0,1,8,1,1,0,0,0,0,0,0,0,3,0,2,0,7,0,0,1
ควนขนุน,ดอนทราย,6,partylist,528,504,20,4,0,0,1,0,1,1,5,1,1,68,0,257,2,0,0,2,0,1,1,0,0,1,0,1,114,0,1,2,9,0,0,0,0,0,0,0,1,0,0,16,6,2,0,0,0,0,0,1,0,3,1,1,0,1,0,1,2
ควนขนุน,ดอนทราย,7,partylist,262,255,5,2,0,0,0,0,0,0,0,0,0,34,1,120,3,0,0,0,0,3,0,0,0,0,0,0,63,1,0,0,2,0,0,0,1,0,0,1,0,0,0,15,3,1,0,1,0,0,0,0,0,4,0,0,0,2,0,0,0
ควนขนุน,ดอนทราย,8,partylist,586,568,15,3,1,9,1,0,1,0,1,0,0,68,0,368,5,0,0,0,0,3,0,0,0,0,0,0,68,1,2,1,1,0,0,0,2,2,0,0,1,1,2,15,2,2,0,1,0,2,1,0,1,3,0,0,0,3,0,0,0
ควนขนุน,ดอนทราย,9,partylist,379,367,6,6,0,0,0,0,0,0,1,0,0,42,0,214,1,0,0,0,0,0,0,1,0,0,0,0,74,1,0,0,2,0,0,0,0,0,0,0,1,0,2,10,6,1,0,0,0,0,0,0,0,8,0,0,0,3,0,0,0
ควนขนุน,ดอนทราย,10,partylist,264,252,10,2,1,0,0,0,2,0,0,0,0,23,0,151,1,0,1,0,0,3,0,0,0,0,0,0,36,0,0,1,8,0,0,0,0,0,0,0,0,0,0,5,8,0,0,0,0,1,0,2,0,5,0,1,0,3,0,0,0
ศรีบรรพต,ตะแพน,0,partylist,340,329,9,2,0,2,0,0,0,0,2,0,1,31,0,208,3,0,2,0,0,3,0,0,0,0,0,0,40,0,0,0,3,0,0,1,0,0,0,1,2,0,0,19,5,0,0,0,0,0,1,1,0,4,0,0,0,0,0,0,0
ศรีบรรพต,ตะแพน,1,partylist,603,582,15,6,0,0,0,0,0,0,2,0,0,98,2,272,4,0,0,0,0,4,0,0,0,0,0,0,121,0,1,1,3,1,0,1,0,0,0,0,3,2,0,40,9,0,0,2,0,0,0,1,2,8,0,0,0,3,0,1,1
ศรีบรรพต,ตะแพน,2,partylist,335,323,4,8,0,0,0,1,1,0,0,0,0,55,2,208,3,0,0,0,0,8,0,0,0,0,0,0,15,0,0,1,1,0,0,0,0,0,0,0,1,0,2,15,2,2,0,1,0,0,0,0,0,3,0,0,0,1,0,0,1
ศรีบรรพต,ตะแพน,3,partylist,144,143,1,0,0,0,0,0,0,0,1,0,0,24,0,86,1,0,0,0,0,0,1,0,0,0,0,0,23,0,0,0,0,0,0,0,0,0,0,0,0,0,0,6,0,0,1,0,0,0,0,0,0,0,0,0,0,0,0,0,0
ศรีบรรพต,ตะแพน,4,partylist,549,522,18,9,0,5,0,1,0,1,3,0,0,111,0,297,5,0,1,0,1,6,0,0,0,0,0,0,40,0,1,1,3,2,1,0,0,0,0,0,2,1,1,20,5,1,0,0,1,0,0,1,2,7,0,0,0,2,0,0,0
ศรีบรรพต,ตะแพน,5,partylist,376,369,5,2,0,1,0,0,2,0,2,0,0,50,0,227,0,0,0,0,0,8,0,0,0,0,0,1,36,0,1,3,4,0,2,0,1,0,0,1,0,2,0,11,5,1,0,2,0,0,0,0,0,6,0,0,0,2,0,1,0
ศรีบรรพต,ตะแพน,6,partylist,614,602,6,6,0,0,0,0,0,0,1,0,0,65,0,435,3,1,1,0,2,5,0,0,0,0,0,0,46,2,1,1,4,0,1,1,0,0,0,0,2,0,2,16,5,1,0,0,0,0,0,0,0,6,0,0,0,0,1,0,0
ศรีบรรพต,ตะแพน,7,partylist,343,336,5,2,0,2,0,0,1,0,1,1,0,32,1,202,5,0,0,0,0,1,0,0,0,0,0,0,42,0,0,0,0,0,1,0,1,0,0,0,1,3,4,28,1,2,0,0,0,0,0,1,2,3,0,0,0,0,1,0,0
ศรีบรรพต,ตะแพน,8,partylist,339,320,12,7,0,1,0,0,0,0,2,0,1,54,0,196,2,0,0,1,0,2,0,0,0,0,0,0,36,0,1,0,8,0,0,0,1,0,0,0,0,1,0,7,3,0,0,0,0,0,1,0,0,1,0,2,0,0,0,0,0
ควนขนุน,ทะเลน้อย,0,partylist,614,578,30,6,0,2,0,1,1,0,4,0,0,56,0,287,6,0,2,0,1,10,1,0,0,2,1,0,110,1,1,2,4,1,1,0,2,0,0,0,6,1,1,59,2,1,0,0,0,0,0,0,0,7,0,0,0,2,0,2,1
ควนขนุน,ทะเลน้อย,1,partylist,330,314,12,4,0,0,0,0,3,0,0,0,0,46,0,130,0,0,0,0,0,4,1,0,0,0,1,0,98,0,0,0,2,0,0,0,0,0,0,0,0,0,0,15,2,1,0,0,0,1,0,0,0,7,0,2,0,1,0,0,0
ควนขนุน,ทะเลน้อย,2,partylist,341,320,17,4,0,0,0,2,0,0,2,0,0,41,0,138,1,0,2,0,0,1,1,0,0,0,0,0,63,0,1,1,1,0,1,0,0,0,0,1,0,0,0,49,3,0,0,1,0,1,0,0,0,7,0,0,0,3,0,0,0
ควนขนุน,ทะเลน้อย,3,partylist,377,355,18,4,0,0,0,2,2,0,0,0,0,30,1,131,8,0,0,0,0,1,0,0,0,0,0,0,139,1,1,2,1,0,0,1,1,0,0,0,2,1,0,17,2,1,0,0,0,2,0,2,1,6,0,0,0,0,0,0,0
ควนขนุน,ทะเลน้อย,4,partylist,508,476,29,3,0,1,0,0,0,0,0,1,0,58,1,202,4,0,1,1,0,1,3,0,0,2,0,0,110,0,2,1,2,1,0,1,1,0,0,0,1,0,0,56,9,2,0,1,0,0,0,1,1,8,0,2,0,2,0,0,0
ควนขนุน,ทะเลน้อย,5,partylist,296,278,15,3,0,2,0,0,0,0,1,0,0,21,0,138,2,0,1,0,0,2,2,0,0,0,0,0,64,1,0,1,4,0,2,1,0,0,0,0,2,1,0,24,3,3,0,0,0,1,0,0,0,2,0,0,0,0,0,0,0
ควนขนุน,ทะเลน้อย,6,partylist,337,315,17,5,0,1,0,0,0,0,0,0,0,27,1,173,8,0,0,0,0,2,1,0,0,0,0,0,64,0,2,1,1,0,0,1,0,0,0,0,3,0,1,22,0,0,0,2,0,0,0,0,1,2,0,0,1,1,0,0,0
ควนขนุน,ทะเลน้อย,7,partylist,456,429,19,8,0,4,0,0,0,0,0,0,0,55,1,230,4,0,0,1,1,1,0,1,0,0,1,0,84,0,0,6,2,0,0,0,0,0,0,2,4,1,2,13,5,0,0,2,0,1,0,1,1,4,0,0,0,2,0,0,0
ควนขนุน,ทะเลน้อย,8,partylist,408,382,19,7,0,5,0,0,2,0,1,1,1,49,0,164,1,0,1,0,0,2,0,0,0,0,0,0,99,0,1,2,1,0,1,0,0,0,0,1,0,0,4,22,7,1,0,0,0,1,1,2,0,6,0,3,0,2,0,1,0
ควนขนุน,ทะเลน้อย,9,partylist,387,356,29,2,0,1,0,1,1,0,0,0,1,36,2,148,3,0,0,1,0,3,1,0,0,1,0,0,115,0,1,1,2,0,1,0,0,0,0,1,3,0,1,17,6,0,0,0,0,1,0,0,1,6,0,0,0,1,0,0,0
ควนขนุน,นาขยาด,0,partylist,681,648,21,12,0,2,0,0,2,0,0,0,1,106,0,366,4,0,2,1,0,4,0,0,0,0,0,0,93,0,0,2,7,0,0,0,0,0,0,0,3,2,0,34,5,0,0,0,0,0,0,2,3,2,0,0,0,6,0,1,0
ควนขนุน,นาขยาด,1,partylist,656,619,22,15,0,1,1,0,2,0,1,1,1,78,0,377,9,1,0,0,0,4,0,1,0,0,0,0,76,0,0,1,10,0,1,0,0,0,0,0,3,2,2,23,6,1,0,0,1,0,0,0,1,10,0,0,0,5,0,0,0
ควนขนุน,นาขยาด,2,partylist,326,311,10,5,0,0,0,0,1,0,0,0,0,30,0,166,2,0,0,0,0,0,0,0,0,0,0,0,80,0,1,0,6,0,0,0,0,0,0,0,0,0,1,8,4,0,0,0,0,0,0,0,0,3,0,1,0,6,0,2,0
ควนขนุน,นาขยาด,3,partylist,380,359,13,8,0,2,0,0,0,0,1,0,0,41,0,207,4,0,1,0,0,1,0,0,0,0,0,0,75,0,1,2,4,0,0,0,0,0,0,1,1,0,1,12,2,0,0,1,0,0,0,0,0,1,0,1,0,0,0,0,0
ควนขนุน,นาขยาด,4,partylist,471,438,20,13,0,2,0,0,1,0,1,0,0,72,1,221,3,0,2,0,0,3,0,1,0,0,0,0,69,1,0,5,6,0,0,0,0,0,0,0,2,1,0,31,7,0,0,0,0,1,1,0,1,3,0,1,0,1,1,0,0
ควนขนุน,นาขยาด,5,partylist,628,602,15,11,0,3,0,0,2,0,1,1,1,68,1,407,8,0,0,0,0,4,0,0,0,0,0,0,57,0,1,2,2,1,1,0,0,0,1,0,3,2,2,11,7,1,0,0,2,0,4,0,1,5,0,1,0,1,0,0,1
ควนขนุน,นาขยาด,6,partylist,387,368,13,6,0,0,0,0,0,0,0,0,0,67,0,224,5,1,2,0,0,3,1,0,0,0,0,0,25,0,3,0,0,0,0,0,0,0,0,0,2,0,2,25,2,1,0,1,0,0,0,2,2,0,0,0,0,0,0,0,0
ควนขนุน,นาขยาด,7,partylist,393,384,5,4,0,1,0,0,2,0,3,0,0,58,0,221,0,0,1,0,0,1,0,0,0,0,1,0,53,0,1,1,2,1,1,0,0,0,0,0,1,2,2,11,4,0,0,0,0,2,0,1,0,6,0,0,0,6,0,1,1
ควนขนุน,นาขยาด,8,partylist,416,400,7,9,0,1,0,1,0,0,0,0,0,46,0,255,2,0,1,0,0,4,0,0,0,0,1,0,42,0,1,4,9,0,0,0,1,0,0,0,1,0,1,22,1,1,0,0,0,0,0,0,1,4,0,1,0,0,0,0,0
ควนขนุน,นาขยาด,9,partylist,366,347,13,6,0,1,1,0,1,0,0,0,1,55,0,188,3,0,0,0,0,0,0,1,0,0,0,0,39,0,1,1,2,0,1,0,0,0,0,1,5,0,2,26,8,0,0,1,0,2,0,0,2,4,0,1,0,0,0,0,0
ควนขนุน,นาขยาด,10,partylist,404,388,6,10,0,1,0,0,1,0,0,0,2,52,0,260,1,0,0,0,0,4,0,0,0,0,1,0,36,0,0,1,2,0,0,0,1,0,0,0,1,0,1,13,2,0,0,0,0,1,1,0,0,5,0,1,1,0,0,0,0
ควนขนุน,นาขยาด,11,partylist,456,436,15,5,0,0,0,0,1,0,4,0,0,76,0,239,3,0,0,1,0,2,0,0,0,0,0,0,75,0,2,0,6,0,0,1,0,0,0,0,2,0,0,10,4,0,0,0,0,0,1,1,1,6,0,0,0,0,0,0,1
ศรีนครินทร์,บ้านนา,0,partylist,619,576,33,10,0,0,0,0,1,0,6,0,1,75,0,306,4,0,1,2,0,8,0,0,0,1,0,0,82,1,0,4,2,4,1,1,0,0,0,0,4,1,1,35,15,1,0,1,0,0,0,2,1,8,0,0,0,7,0,0,0
ศรีนครินทร์,บ้านนา,1,partylist,185,182,3,0,0,0,0,0,0,0,2,0,0,0,0,88,0,0,0,0,1,0,0,0,0,0,0,0,32,0,0,0,2,0,0,0,0,0,0,29,1,0,1,22,1,0,0,0,0,0,0,0,0,2,0,0,0,1,0,0,0
ศรีนครินทร์,บ้านนา,2,partylist,501,468,22,11,0,2,0,0,0,0,2,0,0,60,0,252,3,0,0,0,0,5,1,0,0,0,0,0,84,0,0,0,7,1,0,0,0,0,0,0,4,0,0,32,4,0,0,1,0,2,1,0,0,0,0,1,0,5,0,1,0
ศรีนครินทร์,บ้านนา,3,partylist,439,413,15,11,0,0,0,1,0,0,0,0,1,35,0,247,2,0,0,0,0,11,0,0,0,0,0,0,63,0,0,0,2,0,0,0,1,1,0,0,2,2,1,20,8,0,0,0,0,4,0,0,1,11,0,0,0,0,0,0,0
ศรีนครินทร์,บ้านนา,4,partylist,314,288,17,9,1,0,0,0,0,0,0,0,0,44,1,135,3,0,0,0,0,3,0,0,0,0,0,0,65,0,0,1,5,0,0,1,0,1,0,0,0,0,1,15,1,1,0,0,0,0,0,0,2,3,0,0,0,4,0,1,0
ศรีนครินทร์,บ้านนา,5,partylist,433,414,18,1,0,0,0,0,0,0,2,0,1,48,1,210,3,0,0,0,0,2,0,1,0,0,0,0,109,0,1,1,3,0,0,0,0,0,0,1,3,2,0,20,3,0,0,0,0,0,0,0,0,3,0,0,0,0,0,0,0
ศรีนครินทร์,บ้านนา,6,partylist,406,391,12,3,0,1,0,0,0,0,2,0,0,37,0,245,2,0,0,0,0,4,0,0,0,0,0,0,48,0,1,4,3,0,2,0,1,0,0,0,5,0,0,21,5,0,0,1,0,0,0,0,2,2,1,1,0,2,0,1,0
ศรีนครินทร์,บ้านนา,7,partylist,591,574,14,3,0,2,0,0,0,1,0,0,1,91,0,329,6,0,0,0,0,2,0,0,0,1,0,0,82,0,2,4,5,0,0,0,1,0,0,0,3,0,0,27,4,2,0,2,0,1,0,0,0,2,0,2,0,3,0,0,1
ศรีนครินทร์,บ้านนา,8,partylist,329,309,9,11,0,1,0,1,0,0,1,0,0,68,0,99,3,0,0,0,0,5,0,0,1,0,0,1,37,0,1,0,2,0,0,0,0,0,0,0,3,0,0,76,4,0,0,2,0,0,0,0,1,2,0,0,0,0,0,1,0
ศรีนครินทร์,บ้านนา,9,partylist,341,327,12,2,0,0,0,0,0,0,0,0,0,40,0,215,4,0,2,0,0,3,0,0,0,0,0,0,23,0,1,1,2,0,0,0,0,0,0,0,1,0,2,24,1,2,0,0,0,1,1,0,1,1,0,1,0,0,0,1,0
ศรีนครินทร์,บ้านนา,10,partylist,427,409,14,4,0,1,0,0,0,0,3,1,0,55,0,226,1,0,0,0,0,3,0,0,0,0,0,0,78,1,0,0,2,0,0,0,0,0,0,0,3,1,0,18,3,1,0,0,0,0,1,0,3,5,1,0,0,1,0,0,1
ศรีนครินทร์,บ้านนา,11,partylist,387,361,21,5,0,1,0,0,0,0,1,1,0,43,0,229,3,0,1,0,0,2,0,0,0,0,0,1,36,0,0,2,3,1,0,0,0,0,0,0,2,0,3,18,5,0,2,1,0,0,0,0,1,3,0,0,0,2,0,0,0
ควนขนุน,ปันแต,0,partylist,227,217,7,3,0,0,0,0,0,0,1,0,0,27,0,133,3,0,1,0,0,3,0,1,0,0,0,0,25,0,1,0,2,0,0,0,0,0,0,0,0,0,2,11,0,0,0,1,0,2,0,1,0,2,0,0,0,1,0,0,0
ควนขนุน,ปันแต,1,partylist,129,126,2,1,0,0,0,0,0,0,0,0,0,15,1,77,0,0,0,0,0,0,0,0,0,0,0,0,8,1,2,0,1,0,0,0,0,0,0,0,0,0,0,19,1,0,0,0,0,0,0,0,0,1,0,0,0,0,0,0,0
ควนขนุน,ปันแต,2,partylist,493,483,5,5,0,0,0,0,0,0,2,0,0,62,0,317,5,0,2,0,0,3,0,0,0,0,0,0,57,0,0,2,3,0,0,0,0,2,0,0,1,0,0,16,3,1,0,1,0,0,0,0,1,3,0,2,0,0,0,0,0
ควนขนุน,ปันแต,3,partylist,251,240,9,2,0,0,0,0,1,0,2,0,0,16,0,141,1,0,1,0,0,1,0,0,0,0,0,0,59,0,0,0,5,0,0,0,0,0,0,0,0,0,1,8,2,0,0,0,0,0,0,0,0,2,0,0,0,0,0,0,0
ควนขนุน,ปันแต,4,partylist,490,467,13,10,0,0,0,0,0,0,2,0,0,47,2,283,5,0,1,0,0,4,1,1,0,0,0,0,80,1,1,1,4,0,1,0,0,0,0,0,3,0,3,18,2,1,0,0,0,0,0,0,0,4,0,1,0,0,0,1,0
ควนขนุน,ปันแต,5,partylist,498,477,15,6,1,0,0,0,0,0,0,0,1,59,1,267,5,0,0,0,0,6,0,0,0,1,2,0,79,0,0,1,6,0,0,0,0,0,0,0,2,0,1,25,7,1,0,1,1,0,1,0,1,7,0,0,0,1,0,0,0
ควนขนุน,ปันแต,6,partylist,200,195,3,2,0,1,0,0,0,0,2,0,0,23,0,104,2,0,0,1,0,2,0,0,0,0,0,0,45,0,0,0,2,0,0,0,0,0,0,0,0,0,0,5,1,1,0,0,0,1,0,0,1,2,0,0,0,2,0,0,0
ควนขนุน,ปันแต,7,partylist,171,168,3,0,0,1,0,0,2,0,1,0,0,16,0,115,3,0,1,0,0,2,1,0,0,0,0,0,17,1,0,0,1,0,0,0,0,0,0,0,0,1,0,4,0,0,0,0,0,1,0,0,0,1,0,0,0,0,0,0,0
ควนขนุน,ปันแต,8,partylist,349,342,5,2,0,0,0,0,0,0,1,0,0,38,0,221,4,0,1,1,0,3,0,0,0,0,0,0,44,0,0,0,2,0,0,0,0,0,0,0,0,0,1,17,1,1,0,0,1,0,2,0,0,1,0,0,1,2,0,0,0
ควนขนุน,ปันแต,9,partylist,353,338,10,5,0,0,0,0,0,0,3,0,1,46,0,153,5,0,0,0,0,5,0,0,0,1,1,0,63,0,0,0,0,0,0,0,1,0,0,0,0,0,1,40,4,3,0,0,0,0,0,0,0,9,0,1,0,1,0,0,0
ควนขนุน,ปันแต,10,partylist,384,358,23,3,0,0,0,1,0,0,1,0,0,32,0,212,1,0,0,0,0,5,0,0,0,0,1,0,45,0,0,4,1,1,0,2,0,1,0,0,0,0,0,30,8,2,0,1,0,0,1,1,2,3,0,0,0,3,0,0,0
ควนขนุน,ปันแต,11,partylist,336,328,4,4,0,0,0,0,2,0,1,0,0,45,0,192,2,0,0,0,0,0,0,0,0,0,0,0,47,0,0,0,5,1,0,1,0,0,0,0,0,2,1,22,4,0,0,0,0,1,0,0,1,1,0,0,0,0,0,0,0
ควนขนุน,ปันแต,12,partylist,188,180,8,0,0,0,0,0,0,0,0,0,0,12,0,102,1,0,0,0,0,1,0,0,0,0,0,0,43,1,0,1,7,0,0,0,0,0,0,0,0,0,0,8,2,0,1,0,0,0,0,0,0,1,0,0,0,0,0,0,0
ควนขนุน,พนมวังก์,0,partylist,400,393,4,3,0,2,1,0,0,0,1,1,0,58,0,234,5,0,0,0,0,2,0,1,0,1,0,0,45,0,3,0,4,1,0,0,0,0,0,0,5,0,1,19,2,0,0,0,0,1,0,0,4,1,0,0,0,1,0,0,0
ควนขนุน,พนมวังก์,1,partylist,631,596,23,12,0,0,0,0,1,0,1,0,0,72,0,351,3,0,3,0,0,2,1,2,0,0,0,1,98,1,1,3,5,1,0,0,1,0,0,0,4,0,0,22,2,2,0,0,0,1,0,0,2,10,0,2,0,3,1,0,0
ควนขนุน,พนมวังก์,2,partylist,574,545,17,12,0,1,0,0,0,0,0,0,0,92,0,288,3,0,0,0,0,5,1,0,0,2,0,0,96,0,0,1,6,0,0,0,0,0,0,1,0,0,0,16,8,2,0,1,2,0,1,2,1,7,0,3,0,5,0,1,0
ควนขนุน,พนมวังก์,3,partylist,530,502,20,8,0,0,0,0,0,0,4,1,1,63,0,233,6,0,1,2,0,7,1,0,0,0,0,0,134,0,0,2,7,0,1,0,0,0,0,1,3,1,1,13,5,1,0,0,0,0,0,0,0,4,0,0,0,8,0,1,1
ควนขนุน,พนมวังก์,4,partylist,398,371,19,8,0,1,0,0,1,0,1,0,1,39,0,187,4,0,2,0,0,6,2,0,0,0,0,0,43,0,0,1,11,0,0,0,2,0,0,0,0,0,0,53,2,4,0,0,0,3,0,0,0,3,0,2,3,0,0,0,0
ควนขนุน,พนมวังก์,5,partylist,628,596,23,9,0,5,0,0,0,0,2,0,1,72,0,200,4,0,1,0,1,3,0,1,0,0,0,0,216,0,0,1,5,1,0,0,0,0,0,0,2,0,0,55,4,3,1,1,0,0,1,1,2,8,0,0,0,5,0,0,0
ควนขนุน,พนมวังก์,6,partylist,516,492,14,10,0,0,0,0,0,0,1,0,0,62,0,308,4,0,2,0,0,3,1,0,0,0,1,0,67,0,0,2,4,0,0,0,0,0,0,0,1,0,3,18,4,1,0,1,0,2,0,0,0,6,0,0,0,1,0,0,0
ควนขนุน,พนมวังก์,7,partylist,551,523,23,5,0,1,0,1,0,0,0,0,0,61,0,316,3,0,0,0,0,4,0,0,0,1,0,0,67,0,1,2,8,0,0,0,0,0,0,0,3,1,5,28,5,3,0,0,0,1,1,1,1,4,0,3,0,2,0,0,0
ควนขนุน,พนางตุง,0,partylist,412,384,18,10,0,0,0,1,0,0,1,1,0,50,1,104,6,0,0,1,0,5,0,0,0,0,0,0,122,0,0,2,5,0,1,0,0,0,0,0,4,0,0,63,9,2,0,1,0,0,0,1,0,3,0,0,0,0,0,0,1
ควนขนุน,พนางตุง,1,partylist,352,326,22,4,0,1,0,0,2,0,0,0,1,47,0,94,0,0,0,0,0,2,0,0,0,0,0,0,110,0,0,0,2,1,0,0,0,0,0,0,2,1,0,48,6,1,0,1,0,0,0,3,1,2,1,0,0,0,0,0,0
ควนขนุน,พนางตุง,2,partylist,650,629,14,7,0,0,0,0,1,0,3,0,0,111,0,271,11,0,0,0,0,1,0,0,0,0,0,0,143,2,1,1,3,0,0,0,0,0,0,0,4,0,2,48,7,2,0,1,0,2,0,3,0,3,0,2,0,6,0,1,0
ควนขนุน,พนางตุง,3,partylist,367,356,7,4,0,0,0,0,0,0,0,0,0,26,1,221,3,0,1,0,0,1,0,0,0,0,0,0,62,0,1,1,1,0,0,0,1,0,0,3,5,0,0,19,5,1,0,0,0,0,0,0,2,2,0,0,0,0,0,0,0
ควนขนุน,พนางตุง,4,partylist,659,634,19,6,0,3,0,0,0,0,3,0,3,77,0,308,6,0,0,1,0,6,1,1,0,4,0,0,131,0,1,2,8,0,1,0,2,0,0,0,11,0,1,32,13,2,0,0,0,0,1,0,2,6,0,0,0,7,0,0,1
ควนขนุน,พนางตุง,5,partylist,680,655,19,6,1,2,0,0,0,0,4,0,0,52,1,325,4,0,0,0,0,5,1,1,0,1,1,1,182,0,0,2,2,1,0,1,0,0,1,0,2,2,1,34,6,1,0,0,0,2,0,0,4,12,0,0,1,2,0,0,0
ควนขนุน,พนางตุง,6,partylist,483,455,25,3,1,0,0,1,1,0,1,0,0,41,0,209,5,0,1,0,0,4,0,0,0,0,0,0,148,0,0,2,3,0,1,0,0,0,0,0,2,1,1,5,7,0,0,1,0,1,0,0,1,13,2,1,0,2,0,0,0
ควนขนุน,พนางตุง,7,partylist,726,682,38,6,0,2,0,0,1,0,3,0,3,72,1,388,7,0,1,1,0,15,2,0,0,0,0,0,89,1,0,2,9,1,0,1,0,0,1,0,7,2,2,33,9,1,0,1,0,2,1,0,3,17,0,1,0,2,0,0,1
ควนขนุน,พนางตุง,8,partylist,166,160,3,3,0,0,0,0,0,0,0,0,0,24,0,76,2,0,0,0,0,1,0,0,0,0,0,0,36,0,0,0,4,0,0,0,0,0,0,0,0,0,1,10,2,0,0,0,0,0,0,0,0,2,0,2,0,0,0,0,0
ควนขนุน,พนางตุง,9,partylist,632,592,31,9,0,3,1,0,0,0,3,0,0,60,1,338,10,0,0,0,0,3,1,2,0,0,0,1,102,0,0,0,7,1,1,0,0,0,0,0,5,0,4,28,0,0,0,2,0,1,0,1,0,4,0,0,0,0,0,0,2
ควนขนุน,พนางตุง,10,partylist,338,324,8,6,0,0,1,1,0,0,2,0,1,22,0,188,3,0,1,0,0,1,0,0,0,0,1,0,84,0,0,0,4,0,0,1,0,0,0,0,0,0,0,9,0,1,0,0,0,0,1,0,0,2,0,0,0,1,0,0,0
ควนขนุน,พนางตุง,11,partylist,548,515,27,6,0,0,1,1,0,0,1,0,2,54,1,243,6,0,0,0,0,1,0,0,0,0,0,1,136,0,1,2,1,3,0,1,0,0,0,0,5,0,2,28,8,0,0,1,0,2,0,0,0,10,0,2,0,2,0,0,0
ควนขนุน,พนางตุง,12,partylist,510,466,34,10,0,0,0,0,1,0,1,0,0,89,1,161,1,1,0,0,0,4,0,0,0,1,1,0,110,0,2,0,4,0,0,1,0,0,0,0,3,0,0,63,7,1,0,0,0,0,1,1,0,6,0,0,0,6,0,0,0
ควนขนุน,มะกอกเหนือ(เทศบาล),0,partylist,400,392,6,2,0,0,0,0,0,0,0,0,0,54,0,217,1,0,0,0,0,3,0,1,0,0,0,0,89,0,1,2,2,0,0,0,0,0,0,1,0,0,0,13,1,0,0,0,0,0,0,0,0,5,0,1,0,0,0,1,0
ควนขนุน,มะกอกเหนือ(เทศบาล),1,partylist,307,296,4,7,0,1,0,1,0,0,3,0,0,33,1,154,0,0,0,0,1,1,0,1,0,0,0,0,69,1,0,0,1,0,0,0,0,0,0,0,1,0,1,13,2,0,0,0,0,0,0,1,0,4,0,1,0,6,0,0,0
ควนขนุน,มะกอกเหนือ(เทศบาล),2,partylist,374,366,3,5,0,0,0,0,1,0,1,0,0,65,0,181,2,0,0,0,0,0,0,0,0,0,0,0,69,0,1,1,6,1,0,0,1,0,0,1,4,0,0,15,5,1,0,1,0,0,1,0,2,2,0,0,0,5,0,0,0
ควนขนุน,มะกอกเหนือ(เทศบาล),3,partylist,229,226,3,0,0,0,0,0,1,0,0,0,0,29,0,122,3,0,0,0,0,0,0,1,0,0,0,0,44,0,2,0,0,0,0,0,0,0,0,0,3,1,0,11,4,0,0,0,0,0,0,0,1,1,0,0,0,3,0,0,0
ควนขนุน,มะกอกเหนือ,0,partylist,478,458,11,9,0,1,0,1,2,0,2,0,0,64,0,247,3,0,2,1,0,2,0,1,0,1,0,0,82,2,0,1,6,0,0,1,2,0,0,1,4,0,0,14,5,1,0,0,0,0,0,2,1,7,0,0,0,2,0,0,0
ควนขนุน,มะกอกเหนือ,1,partylist,93,90,1,2,0,0,0,0,0,0,0,0,0,15,0,36,1,0,1,0,0,0,0,0,0,0,0,0,27,0,0,1,0,1,0,0,0,0,0,0,1,0,1,3,0,0,0,0,0,0,0,0,0,2,0,0,0,1,0,0,0
ควนขนุน,มะกอกเหนือ,2,partylist,113,108,1,4,0,0,0,0,0,0,1,0,1,11,0,60,0,0,0,0,0,0,0,0,0,0,0,0,21,0,0,0,2,0,0,0,0,0,0,0,0,0,0,5,6,0,0,0,0,0,0,0,0,1,0,0,0,0,0,0,0
ควนขนุน,มะกอกเหนือ,3,partylist,259,249,2,8,0,1,0,0,1,0,3,0,0,40,0,102,2,0,0,0,0,2,0,0,0,0,0,0,58,0,0,0,3,0,0,0,0,0,0,0,0,0,1,26,2,0,0,0,3,0,0,0,2,2,0,0,0,0,0,1,0
ควนขนุน,มะกอกเหนือ,4,partylist,461,440,11,10,0,1,0,0,1,1,1,0,0,55,0,257,3,0,1,2,0,3,0,1,0,0,0,0,53,0,2,1,9,0,1,0,0,0,0,0,0,0,0,36,1,1,0,0,0,0,0,0,1,7,1,0,0,1,0,0,0
ควนขนุน,มะกอกเหนือ,5,partylist,477,463,9,5,0,0,0,0,1,0,1,0,0,54,0,234,4,0,0,0,1,6,0,0,0,0,0,0,63,0,1,2,9,0,0,0,0,0,0,0,4,1,0,59,3,4,0,0,0,0,0,1,1,6,0,1,0,5,0,1,1
ควนขนุน,มะกอกเหนือ,6,partylist,485,466,8,11,0,1,0,0,1,0,2,0,0,73,1,233,3,0,1,0,0,1,0,0,0,0,0,0,74,0,1,0,6,0,0,0,0,0,0,0,5,0,0,48,5,0,0,1,1,1,0,1,1,1,0,1,0,3,0,1,0
ควนขนุน,มะกอกเหนือ,7,partylist,420,405,10,5,0,2,0,1,0,0,1,0,0,39,0,189,0,0,0,0,0,4,1,0,0,0,0,1,100,1,0,2,3,0,0,0,1,0,0,0,4,0,0,42,5,0,0,0,0,0,1,1,0,5,0,0,0,2,0,0,0
ควนขนุน,มะกอกเหนือ,8,partylist,413,399,9,5,0,1,0,0,0,0,0,0,3,38,0,200,2,1,2,0,0,2,1,0,0,0,0,0,85,0,0,1,11,0,0,0,0,0,0,1,2,1,0,29,12,0,0,1,0,0,0,1,0,3,0,0,0,1,0,0,1
ควนขนุน,มะกอกเหนือ,9,partylist,162,153,6,3,0,1,0,0,0,0,1,0,1,26,0,65,5,0,0,0,0,1,0,0,0,0,0,0,18,0,1,2,5,2,0,0,0,0,0,0,0,0,1,17,2,1,0,0,0,0,0,0,1,2,0,0,0,0,0,1,0
ศรีนครินทร์,ลำสินธ์ุ,0,partylist,561,533,11,17,0,2,0,1,1,0,0,0,0,97,0,252,6,0,2,1,0,6,0,0,0,0,0,0,52,0,0,2,9,0,0,1,0,0,0,0,6,0,0,75,4,1,0,2,2,0,1,4,2,3,0,0,0,0,0,0,1
ศรีนครินทร์,ลำสินธ์ุ,1,partylist,399,380,15,4,0,0,0,0,1,0,1,0,0,55,0,202,2,0,0,0,0,6,0,0,0,0,0,0,60,0,2,1,5,0,1,0,1,1,0,1,1,0,0,28,5,1,0,0,0,1,0,0,0,5,0,0,0,0,0,0,0
ศรีนครินทร์,ลำสินธ์ุ,2,partylist,536,508,28,0,1,0,0,0,5,0,0,0,0,95,0,271,6,0,1,0,0,4,0,0,0,0,0,0,38,0,1,1,1,0,0,0,0,0,0,0,5,0,0,59,3,1,0,0,0,0,0,0,2,10,0,2,0,1,0,1,0
ศรีนครินทร์,ลำสินธ์ุ,3,partylist,221,209,10,2,0,0,0,0,0,0,0,0,0,26,0,101,3,0,0,0,1,4,0,0,0,0,2,0,27,0,1,0,3,0,0,0,1,0,0,0,1,0,0,31,0,3,0,0,0,1,0,0,1,3,0,0,0,0,0,0,0
ศรีนครินทร์,ลำสินธ์ุ,4,partylist,417,401,14,2,0,2,0,0,1,0,1,0,0,29,0,271,4,0,1,0,0,9,0,1,0,0,0,0,38,0,0,1,5,1,1,0,0,0,0,0,3,1,1,17,2,1,0,0,1,0,0,1,3,3,0,2,0,1,0,0,0
ศรีนครินทร์,ลำสินธ์ุ,5,partylist,591,567,19,5,0,1,1,0,0,0,2,0,0,59,0,388,3,0,1,0,0,7,1,1,1,1,0,0,39,0,2,1,3,0,1,0,0,0,0,0,2,0,2,30,9,1,0,0,0,0,0,1,2,8,0,0,0,0,0,0,0
ศรีนครินทร์,ลำสินธ์ุ,6,partylist,604,567,33,4,0,0,0,0,6,0,0,0,0,32,0,389,5,1,0,0,0,9,0,1,2,1,0,0,52,0,1,2,1,1,0,0,0,0,0,0,6,0,3,23,4,1,0,3,0,2,1,0,4,13,0,2,0,1,1,0,0
ศรีนครินทร์,ลำสินธ์ุ,7,partylist,563,535,17,11,0,1,0,0,1,1,1,0,1,86,0,294,7,0,1,0,0,6,0,0,0,0,0,0,49,0,2,4,5,2,0,1,0,0,0,0,2,3,0,47,3,1,1,0,0,1,0,0,0,4,0,0,0,8,1,2,0
ศรีนครินทร์,ลำสินธ์ุ,8,partylist,233,214,19,0,0,2,0,0,1,0,0,0,0,37,0,97,4,0,2,0,0,5,0,0,0,0,0,0,30,0,0,1,3,0,1,0,0,0,0,1,1,0,1,22,3,0,0,0,0,0,0,0,0,1,0,0,0,2,0,0,0
กงหรา2,สมหวัง,0,partylist,316,301,9,6,0,6,0,1,2,0,0,0,0,41,0,189,3,0,1,0,0,2,0,0,0,0,0,0,32,0,1,0,1,0,0,0,0,0,0,0,5,0,3,6,3,0,0,0,0,1,0,0,0,0,0,0,0,2,0,2,0
กงหรา2,สมหวัง,1,partylist,665,631,23,11,0,1,0,0,2,0,2,1,2,67,0,446,4,0,0,0,0,4,0,0,0,0,0,0,47,0,0,3,6,0,0,0,1,0,0,0,4,0,2,19,8,0,0,1,1,1,1,1,2,3,0,0,0,2,0,0,0
กงหรา2,สมหวัง,2,partylist,396,376,18,2,0,4,0,0,3,0,2,0,0,40,0,230,5,0,1,0,0,2,0,0,0,0,0,0,53,0,0,1,0,0,0,1,0,0,0,0,5,0,0,18,6,1,0,0,0,1,0,1,1,1,0,0,0,0,0,0,0
กงหรา2,สมหวัง,3,partylist,358,322,31,5,0,0,0,0,1,0,0,0,0,29,0,198,3,0,1,1,1,4,0,0,0,0,0,0,40,1,0,2,2,1,0,1,1,1,0,0,2,1,2,12,4,3,0,0,0,0,1,1,0,5,0,1,1,0,2,0,0
กงหรา2,สมหวัง,4,partylist,413,394,9,10,1,1,0,0,1,1,1,0,0,50,0,230,7,0,0,0,0,3,0,0,0,0,0,0,58,0,1,3,3,0,0,1,0,0,0,0,4,0,0,21,0,2,0,0,0,1,0,1,0,3,0,0,0,1,0,0,0
กงหรา2,สมหวัง,5,partylist,374,347,16,11,0,0,1,0,1,0,2,0,0,43,0,239,0,0,1,1,0,1,0,1,0,1,0,0,19,1,0,3,3,0,1,0,0,0,1,0,3,0,3,10,3,1,0,1,0,0,1,0,1,3,0,0,0,1,1,0,0
กงหรา2,สมหวัง,6,partylist,427,404,19,4,0,2,1,0,1,0,1,0,1,37,0,289,3,0,0,1,0,6,0,0,0,0,0,0,36,1,0,1,3,0,0,0,0,0,0,0,4,0,1,7,0,0,0,0,0,0,0,1,3,2,0,1,0,2,0,0,0
กงหรา2,สมหวัง,7,partylist,197,187,4,6,0,1,0,0,1,0,0,0,0,19,1,131,1,0,0,0,0,1,0,0,1,0,0,0,16,4,0,0,1,0,1,0,0,0,0,0,0,1,0,2,4,0,0,0,0,1,0,0,0,1,0,0,0,0,0,0,0
ศรีนครินทร์,อ่างทอง,0,partylist,450,421,22,7,0,2,1,1,1,0,6,0,0,51,0,246,3,0,1,1,0,5,1,0,0,1,0,0,53,0,0,4,4,0,0,0,0,0,0,1,3,0,3,19,2,5,0,0,0,1,0,0,2,3,0,0,0,1,0,0,0
ศรีนครินทร์,อ่างทอง,1,partylist,379,366,10,3,0,2,0,1,0,0,2,0,0,65,0,223,2,0,2,0,0,1,1,0,0,0,0,0,36,0,1,0,4,1,1,1,1,0,0,1,0,0,1,6,8,0,0,1,0,0,0,1,0,3,0,1,0,0,0,0,0
ศรีนครินทร์,อ่างทอง,2,partylist,498,476,16,6,1,0,0,1,0,0,5,0,0,49,0,324,4,0,0,0,0,2,0,0,0,0,0,0,36,2,1,3,4,0,0,0,0,0,0,0,4,0,2,18,7,0,0,1,0,0,1,0,2,7,0,0,0,2,0,0,0
ศรีนครินทร์,อ่างทอง,3,partylist,538,516,14,8,1,1,0,0,2,0,1,0,0,2,1,308,4,0,0,2,0,2,0,0,0,0,0,0,117,0,1,1,5,0,0,0,0,0,0,42,0,2,0,12,4,1,0,1,0,0,0,0,0,6,0,0,0,0,0,0,0
ศรีนครินทร์,อ่างทอง,4,partylist,300,295,5,0,0,0,1,2,2,0,5,0,0,23,0,165,2,0,0,1,0,3,0,2,0,0,0,0,33,1,1,1,16,0,0,0,0,0,0,0,1,0,3,22,3,0,0,0,0,2,0,1,0,5,0,0,0,0,0,0,0
ศรีนครินทร์,อ่างทอง,5,partylist,223,217,3,3,1,0,0,0,0,0,3,0,2,17,0,138,1,0,0,0,0,0,1,0,0,0,0,0,21,0,0,1,0,0,0,0,0,0,0,0,2,0,3,9,3,1,0,0,0,1,0,0,2,9,0,1,0,0,0,1,0
ศรีนครินทร์,อ่างทอง,6,partylist,299,282,10,7,0,4,0,0,0,0,10,0,0,45,0,157,3,0,0,0,0,2,0,1,0,0,0,0,32,0,0,0,9,0,0,0,0,0,0,0,1,0,0,14,1,1,0,0,0,0,0,0,0,1,0,0,0,1,0,0,0
ศรีนครินทร์,อ่างทอง,7,partylist,250,229,21,0,0,0,0,0,1,0,0,0,0,28,0,135,2,0,0,0,0,2,0,2,0,0,0,0,24,0,0,0,3,0,0,0,0,0,0,0,2,1,0,22,2,0,0,0,0,0,0,0,1,4,0,0,0,0,0,0,0
ศรีบรรพต,เขาปู่,0,partylist,359,345,7,7,0,0,0,0,1,0,1,0,0,53,2,192,3,0,0,0,0,2,0,0,1,0,1,0,41,0,0,1,5,0,0,0,0,0,0,1,2,0,0,23,6,0,0,0,0,0,1,1,0,2,0,1,0,4,1,0,0
ศรีบรรพต,เขาปู่,1,partylist,494,466,21,7,1,0,0,0,2,0,0,0,1,92,0,257,5,0,1,0,0,6,0,0,0,0,3,0,40,1,2,1,2,0,0,0,0,0,0,0,1,0,6,28,6,0,0,0,0,1,0,1,0,6,0,1,0,1,0,0,1
ศรีบรรพต,เขาปู่,2,partylist,198,187,7,4,0,0,0,0,0,0,2,0,0,22,0,117,2,0,0,0,0,1,0,0,1,0,0,0,22,0,0,1,2,0,0,1,0,0,0,0,1,0,0,12,2,0,0,0,0,0,0,0,0,1,0,0,0,0,0,0,0
ศรีบรรพต,เขาปู่,3,partylist,298,274,11,13,0,0,0,0,0,0,0,0,0,35,1,153,1,0,0,0,0,10,0,0,1,3,0,0,31,0,0,1,1,0,0,0,0,1,0,0,5,1,1,17,3,0,0,0,0,2,1,0,0,5,0,0,0,0,1,0,0
ศรีบรรพต,เขาปู่,4,partylist,253,233,9,11,0,0,0,0,1,0,1,0,0,30,0,153,1,0,0,0,0,1,0,0,0,0,0,0,13,0,0,3,4,0,0,0,0,0,0,0,1,0,0,10,6,0,0,0,0,1,0,0,2,4,0,1,0,1,0,0,0
ศรีบรรพต,เขาปู่,5,partylist,499,471,18,10,1,2,0,0,1,0,0,0,0,94,0,249,6,0,0,0,0,9,0,0,0,0,0,1,52,0,0,1,2,1,0,1,1,0,0,0,2,0,2,28,5,2,0,1,1,1,1,0,1,4,0,1,0,0,0,1,0
ศรีบรรพต,เขาปู่,6,partylist,361,348,11,2,0,0,0,0,0,0,0,0,0,38,0,193,3,0,1,0,0,4,0,0,0,0,0,0,56,1,0,1,3,0,0,0,0,0,0,0,2,0,1,28,4,0,0,1,1,1,1,0,0,6,0,1,0,2,0,0,0
ศรีบรรพต,เขาปู่,7,partylist,435,405,17,13,0,3,0,0,2,0,0,0,1,47,0,261,1,0,1,0,0,1,1,1,0,1,0,0,44,1,0,0,6,0,0,1,0,0,6,0,2,1,2,11,3,0,0,1,1,0,0,2,0,2,0,0,0,1,0,1,0
ศรีบรรพต,เขาปู่,8,partylist,290,278,2,10,0,0,0,0,0,0,0,1,0,47,0,176,2,0,1,0,0,5,0,0,0,0,0,0,27,0,0,1,3,0,0,0,0,0,0,0,0,0,0,6,5,1,0,1,0,0,0,0,0,1,0,0,0,0,0,0,1
ศรีบรรพต,เขาปู่,9,partylist,283,271,8,4,0,0,0,0,0,0,2,0,0,31,0,148,7,0,0,0,0,2,0,0,0,0,0,0,49,1,0,2,1,0,0,0,0,0,0,0,1,1,1,13,2,1,0,0,5,1,0,0,0,3,0,0,0,0,0,0,0
ศรีบรรพต,เขาปู่,10,partylist,357,348,5,4,0,1,0,0,0,0,0,0,0,49,2,171,4,0,0,0,0,4,1,0,0,0,0,0,63,0,2,2,7,0,1,0,0,0,1,1,3,0,0,19,9,2,0,0,0,0,0,0,1,3,0,1,0,1,0,0,0
ศรีบรรพต,เขาย่า,0,partylist,404,385,15,4,0,2,0,0,1,0,3,0,1,65,1,192,3,0,0,0,0,0,1,0,0,0,0,0,65,0,0,4,3,0,0,0,1,0,0,1,3,0,2,19,6,2,0,0,0,2,0,1,0,6,0,0,0,0,0,1,0
ศรีบรรพต,เขาย่า,1,partylist,396,378,13,5,0,1,0,0,0,0,0,0,0,40,0,235,4,0,1,0,0,5,0,0,0,0,0,0,55,0,0,0,4,0,0,0,0,0,0,0,3,2,0,8,2,0,0,0,1,0,0,1,2,10,0,0,0,4,0,0,0
ศรีบรรพต,เขาย่า,2,partylist,537,524,9,4,2,1,0,0,2,0,3,0,0,58,0,362,5,0,2,0,0,3,1,1,0,0,0,1,42,2,3,2,6,0,0,1,0,0,0,0,2,1,0,6,8,0,0,0,0,1,0,0,0,7,0,1,0,1,0,0,0
ศรีบรรพต,เขาย่า,3,partylist,474,453,17,4,0,2,0,1,0,0,3,0,1,53,1,276,8,0,1,0,0,5,0,0,0,0,0,0,50,0,1,2,4,1,0,2,1,0,0,0,0,1,1,24,2,2,0,0,0,0,1,0,1,3,0,2,0,3,0,1,0
ศรีบรรพต,เขาย่า,4,partylist,451,431,19,1,0,0,0,0,0,0,1,0,1,58,0,281,0,0,2,0,0,3,0,0,0,1,1,0,46,0,0,1,1,0,0,0,0,0,0,0,0,0,0,19,3,1,0,0,0,1,0,0,2,6,0,0,0,2,0,0,1
ศรีบรรพต,เขาย่า,5,partylist,496,476,17,3,0,0,0,0,2,0,1,0,0,45,0,325,2,0,0,0,0,5,0,0,0,0,0,1,39,1,1,0,3,0,0,1,0,0,0,0,2,1,0,22,5,0,1,1,0,1,1,2,1,7,0,0,0,6,0,0,0
ศรีบรรพต,เขาย่า,6,partylist,552,525,16,11,2,1,0,0,1,0,0,0,1,75,0,292,3,0,0,0,1,10,0,1,0,0,0,1,46,1,1,1,11,1,0,0,0,0,0,0,4,0,1,34,9,4,0,1,0,0,2,0,2,16,0,0,0,2,1,0,0
ศรีบรรพต,เขาย่า,7,partylist,537,519,13,5,2,1,0,0,0,0,1,0,0,48,0,344,6,0,1,0,0,5,0,0,0,0,1,0,53,0,0,3,4,0,0,0,0,0,0,0,2,0,0,29,5,0,0,1,0,2,0,3,2,5,0,1,0,0,0,0,0
ศรีบรรพต,เขาย่า,8,partylist,375,360,10,5,0,1,0,0,0,0,2,0,0,38,0,199,4,0,1,1,1,1,0,0,1,0,0,0,61,2,0,2,7,0,0,0,2,1,0,0,1,0,0,10,11,3,0,1,0,2,0,0,0,8,0,1,0,0,0,0,0
ศรีบรรพต,เขาย่า,9,partylist,446,416,22,8,0,1,0,0,0,1,1,0,0,32,2,286,2,0,1,1,0,2,0,0,0,2,1,0,47,0,0,0,1,0,0,0,0,0,0,0,4,1,1,10,5,0,0,0,0,1,0,0,2,10,0,1,0,1,0,0,0
ควนขนุน,แพรกหา,0,partylist,622,593,21,8,0,0,0,0,0,0,5,0,0,87,1,273,5,0,0,0,0,3,0,2,1,0,0,0,162,0,0,3,7,1,0,1,0,0,0,0,4,0,0,22,5,3,0,0,0,0,0,0,1,4,0,1,0,0,0,2,0
ควนขนุน,แพรกหา,1,partylist,346,330,8,8,0,0,0,0,1,0,0,0,2,28,0,207,2,0,0,0,0,2,0,0,0,0,0,0,37,0,0,1,5,0,0,0,0,0,0,0,0,0,0,32,3,3,1,1,0,0,0,0,0,3,0,0,0,1,0,1,0
ควนขนุน,แพรกหา,2,partylist,575,549,20,6,0,1,0,1,0,0,2,4,0,70,1,323,8,0,0,2,0,2,2,0,1,0,0,0,68,0,0,1,8,0,1,0,1,0,0,1,1,1,0,36,6,0,0,0,0,0,1,1,0,6,0,0,0,0,0,0,0
ควนขนุน,แพรกหา,3,partylist,680,642,23,15,0,0,0,1,0,0,1,1,0,83,0,368,9,0,0,1,0,2,1,1,1,0,0,0,100,1,1,1,6,0,0,2,0,0,0,0,3,2,1,31,6,0,1,1,0,0,0,1,2,12,0,1,0,1,0,0,0
ควนขนุน,แพรกหา,4,partylist,677,643,25,9,1,0,0,0,0,0,7,0,1,80,0,358,5,0,0,0,0,10,0,0,0,0,0,0,111,0,0,2,15,0,0,0,0,0,0,2,1,0,2,22,5,0,0,2,0,1,1,1,3,8,0,1,1,1,0,0,2
ควนขนุน,แพรกหา,5,partylist,417,403,9,5,0,0,0,0,2,0,1,0,0,49,0,262,0,0,0,0,0,1,0,0,0,0,0,0,68,0,2,0,2,0,0,0,0,0,0,0,1,0,1,4,3,0,0,1,0,0,0,0,1,3,0,0,0,1,0,0,1
ควนขนุน,แพรกหา,6,partylist,434,414,12,8,0,0,0,0,1,0,0,0,0,68,0,226,4,0,0,1,0,1,0,0,1,0,0,0,85,1,0,0,3,0,0,0,0,0,0,0,1,1,1,14,1,0,0,0,0,0,0,0,1,2,0,1,0,1,0,0,0
ควนขนุน,แพรกหา,7,partylist,385,371,8,6,1,0,0,0,0,0,1,0,0,34,2,220,1,0,0,0,0,5,0,1,0,0,1,0,68,0,0,3,3,0,0,0,1,0,0,0,0,1,0,12,0,0,0,0,0,1,0,1,0,6,0,0,0,2,1,0,0
ควนขนุน,แหลมโตนด,0,partylist,512,492,17,3,0,1,0,0,1,0,2,0,0,53,2,299,4,0,0,0,0,6,0,1,0,1,0,0,37,0,2,1,8,0,1,0,1,0,0,0,3,4,2,40,5,3,0,1,0,1,0,0,2,5,0,2,0,3,0,0,1
ควนขนุน,แหลมโตนด,1,partylist,386,364,14,8,0,2,1,0,1,0,1,0,0,31,0,211,7,0,0,0,0,2,0,0,0,0,0,0,57,0,0,1,10,0,1,0,0,0,0,0,0,0,0,19,7,0,0,0,0,0,1,0,0,8,0,0,0,4,0,0,0
ควนขนุน,แหลมโตนด,2,partylist,326,313,9,4,0,0,0,0,0,0,0,0,0,34,1,206,2,0,1,0,0,1,0,0,0,0,0,1,31,1,1,0,5,0,0,0,0,0,0,0,1,1,0,19,1,0,0,0,0,0,0,0,0,5,0,0,0,1,0,1,0
ควนขนุน,แหลมโตนด,3,partylist,590,555,29,6,0,2,0,1,0,0,1,0,1,60,2,306,5,0,0,1,0,7,0,0,0,1,0,0,92,0,1,1,3,0,0,0,1,0,0,0,3,0,3,35,6,1,0,1,3,1,1,3,4,8,0,0,0,1,0,0,0
ควนขนุน,แหลมโตนด,4,partylist,305,290,10,5,0,1,1,0,1,0,0,1,0,41,0,180,7,0,0,0,0,5,0,0,0,0,0,0,23,0,0,2,4,0,0,0,0,0,1,0,2,0,1,13,3,0,0,0,0,0,0,0,0,2,0,0,0,1,0,1,0
ควนขนุน,แหลมโตนด,5,partylist,224,217,7,0,0,1,0,0,0,0,0,0,0,17,0,140,3,0,0,0,0,2,0,0,0,0,0,0,11,0,0,0,2,0,0,0,0,0,0,0,1,0,1,28,3,0,0,0,0,0,1,0,1,4,0,2,0,0,0,0,0
ควนขนุน,แหลมโตนด,6,partylist,323,313,8,2,0,0,0,0,0,0,0,0,0,28,1,233,2,0,0,0,0,1,1,0,0,0,0,0,12,0,0,1,3,0,0,0,2,0,0,0,1,0,1,17,6,0,0,0,0,0,0,0,1,2,0,0,0,1,0,0,0
ควนขนุน,แหลมโตนด,7,partylist,276,263,13,0,1,0,0,1,0,0,0,0,0,37,0,143,3,0,0,0,0,6,0,0,0,1,0,0,47,0,0,0,5,0,0,0,0,0,0,0,1,0,1,9,3,0,0,1,0,0,1,0,2,0,0,0,0,0,0,0,1
ควนขนุน,แหลมโตนด,8,partylist,232,223,6,3,0,2,0,0,0,0,0,0,0,23,0,156,1,0,0,0,0,2,0,0,0,0,0,0,15,0,0,0,3,1,0,0,0,0,0,0,1,0,0,14,0,0,0,0,0,0,0,3,1,0,0,0,0,1,0,0,0
ควนขนุน,โตนดด้วน,0,partylist,262,248,7,7,0,0,0,0,1,0,0,0,1,28,0,112,4,0,0,0,0,1,1,0,0,1,0,0,68,0,0,1,7,1,0,0,0,0,0,0,0,0,0,11,1,1,0,0,0,0,0,5,0,3,0,0,0,1,0,0,0
ควนขนุน,โตนดด้วน,1,partylist,596,559,37,0,0,0,0,0,0,0,6,0,2,86,0,248,5,1,0,1,0,1,1,0,0,0,0,0,145,1,1,2,3,0,1,1,0,0,0,1,3,2,2,34,4,0,0,0,0,1,0,2,0,3,0,1,0,1,0,0,0
ควนขนุน,โตนดด้วน,2,partylist,246,235,11,0,0,0,0,0,0,0,2,0,0,23,0,129,2,0,1,0,0,1,0,0,0,0,0,0,51,0,0,2,2,0,0,0,0,0,0,0,1,0,2,13,2,0,0,0,0,0,0,1,1,1,1,0,0,0,0,0,0
ควนขนุน,โตนดด้วน,3,partylist,231,226,4,1,0,0,0,0,0,0,1,0,0,29,0,111,2,0,0,0,0,1,1,0,0,0,0,0,52,0,0,0,8,0,0,0,1,0,0,0,1,0,0,15,1,0,0,0,0,0,0,0,1,1,0,0,0,1,0,0,0
ควนขนุน,โตนดด้วน,4,partylist,558,535,14,9,0,0,0,0,1,0,2,0,0,58,0,284,4,0,0,0,0,2,0,0,0,1,0,0,139,0,3,2,6,0,0,0,0,0,0,0,1,1,1,20,3,0,0,0,0,0,1,1,0,3,0,0,0,2,0,0,0
ควนขนุน,โตนดด้วน,5,partylist,226,208,12,6,0,0,1,0,0,0,1,0,0,31,0,110,0,0,0,0,0,0,0,0,0,0,0,0,49,0,0,0,0,0,0,0,0,0,0,0,1,0,0,8,0,0,0,0,0,0,1,0,2,1,0,1,0,1,0,1,0
ควนขนุน,โตนดด้วน,6,partylist,705,680,13,12,0,3,0,0,3,0,6,0,2,79,1,292,4,0,0,0,0,8,2,0,0,0,0,0,211,0,0,3,10,0,0,0,0,0,0,0,5,0,1,22,5,1,0,0,0,0,0,3,3,8,0,1,0,6,0,1,0
ควนขนุน,โตนดด้วน,7,partylist,341,328,11,2,0,0,0,1,0,0,2,0,0,38,1,135,3,0,0,1,0,3,1,0,0,1,0,0,116,0,0,2,2,0,0,0,2,0,0,0,1,0,1,11,0,0,0,0,0,1,0,0,0,3,0,1,0,2,0,0,0
ควนขนุน,โตนดด้วน,8,partylist,431,406,16,9,0,4,0,0,0,0,0,1,0,57,1,190,3,0,2,0,0,1,0,0,0,0,0,1,94,0,0,2,12,0,0,0,0,0,0,1,1,0,1,20,3,0,0,1,0,1,0,2,2,3,0,0,0,2,0,1,0
ควนขนุน,โตนดด้วน,9,partylist,280,271,7,2,0,0,0,0,1,0,0,0,1,25,0,156,1,0,0,0,0,1,0,0,0,0,1,0,48,0,1,1,6,1,0,0,0,0,0,0,1,0,0,9,5,0,0,0,0,0,0,0,1,6,0,2,0,4,0,0,0
ควนขนุน,โตนดด้วน,10,partylist,374,356,11,7,0,0,0,0,1,0,0,0,0,42,0,166,5,0,1,0,0,0,0,0,0,1,0,0,101,0,0,0,3,0,0,2,0,0,0,0,1,0,1,12,2,0,0,0,1,1,0,0,0,6,0,1,0,9,0,0,0
,,0,partylist,765,729,5,31,0,5,0,0,0,0,4,0,0,387,1,170,5,0,0,0,0,0,0,1,0,1,0,0,91,1,2,1,12,0,0,1,0,0,0,0,2,0,0,27,6,1,0,0,0,1,1,1,0,1,0,0,0,4,0,3,0
,,1,partylist,762,731,9,22,2,6,0,0,0,0,6,0,0,323,1,218,4,0,1,0,0,2,1,0,0,0,2,0,95,0,3,1,12,0,0,0,1,0,0,0,0,1,0,23,16,3,0,1,0,1,1,3,1,1,0,0,0,1,0,1,0
,,2,partylist,765,745,6,14,0,3,0,0,0,0,2,0,1,345,1,227,4,0,1,0,0,0,0,0,0,0,1,0,98,0,1,1,9,0,0,0,0,0,0,0,2,0,0,30,9,3,0,0,0,0,0,4,0,1,0,0,0,1,0,1,0
,,3,partylist,520,498,2,20,0,1,0,0,0,0,0,0,0,242,0,141,3,0,0,0,0,0,0,1,0,0,0,0,60,0,2,0,7,1,0,1,0,1,0,0,1,0,0,20,5,1,0,0,0,2,1,0,1,1,0,0,0,3,0,3,0
,,4,partylist,765,731,3,31,0,2,0,1,1,0,3,0,0,376,1,177,4,0,1,1,0,0,0,0,0,0,0,0,101,0,1,0,9,1,0,0,1,0,0,0,5,0,0,28,5,2,0,1,0,0,1,5,0,0,0,0,0,2,0,2,0
,,5,partylist,763,727,2,34,0,0,0,0,1,0,4,0,0,360,1,226,0,0,0,0,0,3,0,0,0,0,0,0,81,0,4,1,4,1,0,0,0,0,0,0,0,0,0,16,8,3,0,0,0,3,1,2,0,1,0,0,0,4,0,2,1
,,6,partylist,765,733,4,28,1,1,0,0,0,1,0,0,0,399,0,180,4,0,0,0,0,0,0,1,0,1,0,0,83,0,0,2,10,0,0,0,0,1,0,1,1,0,0,31,2,3,0,0,1,1,0,3,0,1,0,1,0,3,0,1,0
,,7,partylist,765,736,5,24,0,2,0,0,1,0,0,0,0,346,0,227,4,0,0,0,0,3,0,0,0,1,0,0,88,0,1,1,9,1,0,0,0,0,0,0,2,0,0,27,7,2,0,0,0,0,4,2,0,2,0,1,0,2,0,3,0
,,8,partylist,765,739,3,23,1,3,2,0,1,0,1,0,0,374,0,207,5,0,4,0,0,0,1,0,0,0,0,0,82,0,3,1,10,0,0,1,0,0,0,0,2,0,0,23,6,1,0,0,1,0,0,2,0,2,0,0,0,3,0,3,0
,,9,partylist,770,741,8,21,1,0,0,0,0,0,2,1,0,345,0,244,9,0,0,0,0,1,0,2,0,2,0,0,79,1,2,1,9,0,0,0,0,0,0,0,1,0,0,22,11,2,0,0,0,0,1,1,0,0,0,0,0,4,0,0,0
