province,registrar,subdistrict,electorate,location,latitude,longitude,district,source_subdistrict_pdf,polling_unit_no,unit_index,moo,polling_place_pdf,registered_voters_66,pdf_sequence,pdf_page,unit_match_method,unit_match_score,unit_match_note
พัทลุง,อำเภอกงหรา,สมหวัง,2,ศาลาประจำหมู่บ้านบ้านคลองลำ,7.5077431,100.0024084,กงหรา,สมหวัง,1,0,1,ศาลาประจ าหมู่บ้านบ้านคลองล า,386,508,8,location_exact_normalized,1.0,
พัทลุง,อำเภอกงหรา,สมหวัง,2,ศาลาประชาร่วมใจ (ช่องเตย),7.5077431,100.0024084,กงหรา,สมหวัง,2,1,2,ศาลาประชาร่วมใจ (ช่องเตย),778,509,8,location_exact_normalized,1.0,
พัทลุง,อำเภอกงหรา,สมหวัง,2,ศาลาประจำหมู่บ้านบ้านสมหวังตก,7.52108,100.008,กงหรา,สมหวัง,3,2,3,ศาลาประจ าหมู่บ้านบ้านสมหวังตก,508,510,8,location_exact_normalized,1.0,
พัทลุง,อำเภอกงหรา,สมหวัง,2,โรงเรียนวัดหวัง,7.5076504,99.9837692,กงหรา,สมหวัง,4,3,4,โรงเรียนวัดหวัง,478,511,8,location_exact_normalized,1.0,
พัทลุง,อำเภอกงหรา,สมหวัง,2,ศาลาการเปรียญวัดสมหวัง,7.507084499999999,99.9848915,กงหรา,สมหวัง,5,4,4,ศาลาการเปรียญวัดสมหวัง,483,512,8,location_exact_normalized,1.0,
พัทลุง,อำเภอกงหรา,สมหวัง,2,ศาลาประจำหมู่บ้านบ้านไสคุณเปลือย,7.4978326,100.015403,กงหรา,สมหวัง,6,5,5,ศาลาประจ าหมู่บ้านบ้านไสคุณเปลือย,464,513,8,location_exact_normalized,1.0,
พัทลุง,อำเภอกงหรา,สมหวัง,2,ศาลาประจำหมู่บ้านบ้านพรุนาแด้,7.4922222,100.0025,กงหรา,สมหวัง,7,6,6,ศาลาประจ าหมู่บ้านบ้านพรุนาแด้,526,514,8,location_exact_normalized,1.0,
พัทลุง,อำเภอกงหรา,สมหวัง,2,ศาลาประจำหมู่บ้านบ้านทุ่งเลียบ,7.550502400000001,100.0024084,กงหรา,สมหวัง,8,7,7,ศาลาประจ าหมู่บ้านบ้านทุ่งเลียบ,234,515,8,location_exact_normalized,1.0,
พัทลุง,อำเภอควนขนุน,ควนขนุน,2,ศาลาประจำหมู่บ้านบ้านควนบก,7.7485644,100.007979,ควนขนุน,ควนขนุน,1,0,1,ศาลาประจ าหมู่บ้านบ้านควนบก,447,381,4,location_exact_normalized,1.0,
พัทลุง,อำเภอควนขนุน,ควนขนุน,2,ศาลา อพป.บ้านดอนนูด,7.7484794,100.0080005,ควนขนุน,ควนขนุน,2,1,2,ศาลา อพป.บ้านดอนนูด,399,382,4,location_exact_normalized,1.0,
พัทลุง,อำเภอควนขนุน,ควนขนุน,2,ศาลาประจำหมู่บ้านบ้านโคกวัด,7.747440399999999,99.9966606,ควนขนุน,ควนขนุน,3,2,3,ศาลาประจ าหมู่บ้านบ้านโคกวัด,761,383,4,location_exact_normalized,1.0,
พัทลุง,อำเภอควนขนุน,ควนขนุน,2,ศาลาประจำหมู่บ้านบ้านโคกวา,7.7516832,100.0132899,ควนขนุน,ควนขนุน,4,3,4,ศาลาประจ าหมู่บ้านบ้านโคกวา,909,384,4,location_exact_normalized,1.0,
พัทลุง,อำเภอควนขนุน,ควนขนุน,2,ศาลาประจำหมู่บ้านบ้านเพิง,7.764699,100.0024084,ควนขนุน,ควนขนุน,5,4,5,ศาลาประจ าหมู่บ้านบ้านเพิง,465,385,4,location_exact_normalized,1.0,
พัทลุง,อำเภอควนขนุน,ควนขนุน,2,ศาลาประจำหมู่บ้านบ้านควนพลี,7.7625474,100.0007649,ควนขนุน,ควนขนุน,6,5,6,ศาลาประจ าหมู่บ้านบ้านควนพลี,735,386,4,location_exact_normalized,1.0,
พัทลุง,อำเภอควนขนุน,ควนขนุน,2,ศาลาประจำหมู่บ้านบ้านโพธิ์,7.764699,100.0024084,ควนขนุน,ควนขนุน,7,6,7,ศาลาประจ าหมู่บ้านบ้านโพธิ์,489,387,4,location_exact_normalized,1.0,
พัทลุง,อำเภอควนขนุน,ควนขนุน,2,ศาลาประจำหมู่บ้านบ้านข่อยม้า,7.764699,100.0024084,ควนขนุน,ควนขนุน,8,7,8,ศาลาประจ าหมู่บ้านบ้านข่อยม้า,256,388,4,location_exact_normalized,1.0,
พัทลุง,อำเภอควนขนุน,ควนขนุน,2,ศาลาประจำหมู่บ้าน หมู่ที่ 9 บ้านควนขนุน,7.735698699999999,100.0077949,ควนขนุน,ควนขนุน,9,8,9,ศาลาประจ าหมู่บ้าน หมู่ที่ 9 บ้านควนขนุน,104,389,4,location_exact_normalized,1.0,
พัทลุง,อำเภอควนขนุน,ทะเลน้อย,2,ศาลาประจำหมู่บ้านบ้านทะเลน้อย,7.7777536,100.1167953,ควนขนุน,ทะเลน้อย,1,0,1,ศาลาประจ าหมู่บ้านบ้านทะเลน้อย,857,262,1,location_exact_normalized,1.0,
พัทลุง,อำเภอควนขนุน,ทะเลน้อย,2,ศาลากลางบ้านหัวเลี้ยว,7.782416400000001,100.1591213,ควนขนุน,ทะเลน้อย,2,1,2,ศาลากลางบ้านหัวเลี้ยว,402,263,1,location_exact_normalized,1.0,
พัทลุง,อำเภอควนขนุน,ทะเลน้อย,2,ศาลาทวดวิรุฬเจ้าแม่อุบล,7.7872498,100.1162419,ควนขนุน,ทะเลน้อย,3,2,3,ศาลาทวดวิรุฬเจ้าแม่อุบล,480,264,1,location_exact_normalized,1.0,
พัทลุง,อำเภอควนขนุน,ทะเลน้อย,2,ศาลาประจำหมู่บ้านบ้านบนออก,7.3838149,100.2598974,ควนขนุน,ทะเลน้อย,4,3,4,ศาลาประจ าหมู่บ้านบ้านบนออก,434,265,1,location_exact_normalized,1.0,
พัทลุง,อำเภอควนขนุน,ทะเลน้อย,2,ศาลาประจำหมู่บ้านบ้านปลายตรอก,7.3838149,100.2598974,ควนขนุน,ทะเลน้อย,5,4,5,ศาลาประจ าหมู่บ้านบ้านปลายตรอก,691,266,1,location_exact_normalized,1.0,
พัทลุง,อำเภอควนขนุน,ทะเลน้อย,2,ศาลาประจำหมู่บ้านบ้านโคกศักดิ์,7.814868300000001,100.1479182,ควนขนุน,ทะเลน้อย,6,5,6,ศาลาประจ าหมู่บ้านบ้านโคกศักดิ์,380,267,1,location_exact_normalized,1.0,
พัทลุง,อำเภอควนขนุน,ทะเลน้อย,2,ศูนย์ศิลปาชีพบ้านหัวป่าเขียว,7.876837900000001,100.0242995,ควนขนุน,ทะเลน้อย,7,6,7,ศูนย์ศิลปาชีพบ้านหัวป่าเขียว,443,268,1,location_exact_normalized,1.0,
พัทลุง,อำเภอควนขนุน,ทะเลน้อย,2,ศาลาประจำหมู่บ้านบ้านโคกเมา,7.814868300000001,100.1479182,ควนขนุน,ทะเลน้อย,8,7,8,ศาลาประจ าหมู่บ้านบ้านโคกเมา,557,269,1,location_exact_normalized,1.0,
พัทลุง,อำเภอควนขนุน,ทะเลน้อย,2,ศาลาประจำหมู่บ้านบ้านบนตก,7.3838149,100.2598974,ควนขนุน,ทะเลน้อย,9,8,9,ศาลาประจ าหมู่บ้านบ้านบนตก,525,270,1,location_exact_normalized,1.0,
พัทลุง,อำเภอควนขนุน,ทะเลน้อย,2,ศาลาประจำหมู่บ้านบ้านบนกลาง,7.3838149,100.2598974,ควนขนุน,ทะเลน้อย,10,9,10,ศาลาประจ าหมู่บ้านบ้านบนกลาง,502,271,1,location_exact_normalized,1.0,
พัทลุง,อำเภอควนขนุน,นาขยาด,2,ศาลาประจำหมู่บ้านบ้านศาลาต้นรักษ์,7.679982700000001,99.9576849,ควนขนุน,นาขยาด,1,0,1,ศาลาประจ าหมู่บ้านบ้านศาลาต้นรักษ์,821,336,3,location_exact_normalized,1.0,
พัทลุง,อำเภอควนขนุน,นาขยาด,2,ศาลาประจำหมู่บ้านบ้านพังดาน,7.670382399999999,99.9823069,ควนขนุน,นาขยาด,2,1,2,ศาลาประจ าหมู่บ้านบ้านพังดาน,812,337,3,location_exact_normalized,1.0,
พัทลุง,อำเภอควนขนุน,นาขยาด,2,ศาลาประจำหมู่บ้านบ้านเกาะยาง,7.685908899999999,99.9794414,ควนขนุน,นาขยาด,3,2,3,ศาลาประจ าหมู่บ้านบ้านเกาะยาง,404,338,3,location_exact_normalized,1.0,
พัทลุง,อำเภอควนขนุน,นาขยาด,2,ศาลาประจำหมู่บ้านบ้านหนองในวัง,7.679982700000001,99.9576849,ควนขนุน,นาขยาด,4,3,4,ศาลาประจ าหมู่บ้านบ้านหนองในวัง,505,339,3,location_exact_normalized,1.0,
พัทลุง,อำเภอควนขนุน,นาขยาด,2,ศาลาประจำหมู่บ้านบ้านนาท่อม,7.591457699999999,100.0019597,ควนขนุน,นาขยาด,5,4,5,ศาลาประจ าหมู่บ้านบ้านนาท่อม,575,340,3,location_exact_normalized,1.0,
พัทลุง,อำเภอควนขนุน,นาขยาด,2,ศาลาประจำหมู่บ้านบ้านขันหมู่,7.668115999999999,99.955747,ควนขนุน,นาขยาด,6,5,6,ศาลาประจ าหมู่บ้านบ้านขันหมู่,796,341,3,location_exact_normalized,1.0,
พัทลุง,อำเภอควนขนุน,นาขยาด,2,ศาลาประจำหมู่บ้านบ้านสะพานข่อย,7.6901421,99.9402381,ควนขนุน,นาขยาด,7,6,7,ศาลาประจ าหมู่บ้านบ้านสะพานข่อย,469,342,3,location_exact_normalized,1.0,
พัทลุง,อำเภอควนขนุน,นาขยาด,2,ศาลาประจำหมู่บ้านบ้านโงกน้ำ,7.707698400000001,99.9269198,ควนขนุน,นาขยาด,8,7,8,ศาลาประจ าหมู่บ้านบ้านโงกน ้า,476,343,3,location_exact_normalized,1.0,
พัทลุง,อำเภอควนขนุน,นาขยาด,2,ศาลาประจำหมู่บ้านบ้านทุ่งสำโรง,7.679982700000001,99.9576849,ควนขนุน,นาขยาด,9,8,9,ศาลาประจ าหมู่บ้านบ้านทุ่งส าโรง,495,344,3,location_exact_normalized,1.0,
พัทลุง,อำเภอควนขนุน,นาขยาด,2,ศาลาประจำหมู่บ้านบ้านโรงรม,7.679982700000001,99.9576849,ควนขนุน,นาขยาด,10,9,10,ศาลาประจ าหมู่บ้านบ้านโรงรม,448,345,3,location_exact_normalized,1.0,
พัทลุง,อำเภอควนขนุน,นาขยาด,2,ศาลาประจำหมู่บ้านบ้านไสควายฟัน,7.679982700000001,99.9576849,ควนขนุน,นาขยาด,11,10,11,ศาลาประจ าหมู่บ้านบ้านไสควายฟัน,474,346,3,location_exact_normalized,1.0,
พัทลุง,อำเภอควนขนุน,นาขยาด,2,ศาลาประจำหมู่บ้านบ้านเขาวังทอง,7.679982700000001,99.9576849,ควนขนุน,นาขยาด,12,11,12,ศาลาประจ าหมู่บ้านบ้านเขาวังทอง,522,347,3,location_exact_normalized,1.0,
พัทลุง,อำเภอควนขนุน,พนมวังก์,2,ศาลาอเนกประสงค์บ้านเขานม (อบต.หลังเก่า),7.6738819,100.0809748,ควนขนุน,พนมวังก์,1,0,1,ศาลาอเนกประสงค์บ้านเขานม (อบต.หลังเก่า),455,348,3,location_exact_normalized,1.0,
พัทลุง,อำเภอควนขนุน,พนมวังก์,2,ศาลาประจำหมู่บ้านบ้านระหว่างควน,7.6920875,100.0469114,ควนขนุน,พนมวังก์,2,1,2,ศาลาประจ าหมู่บ้านบ้านระหว่างควน,821,349,3,location_exact_normalized,1.0,
พัทลุง,อำเภอควนขนุน,พนมวังก์,2,ศาลาประจำหมู่บ้านบ้านควนปริง,7.681553500000001,100.0052044,ควนขนุน,พนมวังก์,3,2,3,ศาลาประจ าหมู่บ้านบ้านควนปริง,693,350,3,location_exact_normalized,1.0,
พัทลุง,อำเภอควนขนุน,พนมวังก์,2,โรงเรียนทุ่งยางเปล,7.653512500000001,100.0357031,ควนขนุน,พนมวังก์,4,3,4,โรงเรียนทุ่งยางเปล,656,351,3,location_exact_normalized,1.0,
พัทลุง,อำเภอควนขนุน,พนมวังก์,2,ศาลาประจำหมู่บ้านบ้านพนมวังก์,7.3838149,100.2598974,ควนขนุน,พนมวังก์,5,4,5,ศาลาประจ าหมู่บ้านบ้านพนมวังก์,485,352,3,location_exact_normalized,1.0,
พัทลุง,อำเภอควนขนุน,พนมวังก์,2,ศาลาประจำหมู่บ้านบ้านทุ่งขึงหนัง,7.6731922,100.0191857,ควนขนุน,พนมวังก์,6,5,6,ศาลาประจ าหมู่บ้านบ้านทุ่งขึงหนัง,771,353,3,location_exact_normalized,1.0,
พัทลุง,อำเภอควนขนุน,พนมวังก์,2,ศาลาประจำหมู่บ้านบ้านไสยวน,7.688851199999999,100.0064228,ควนขนุน,พนมวังก์,7,6,7,ศาลาประจ าหมู่บ้านบ้านไสยวน,631,354,3,location_exact_normalized,1.0,
พัทลุง,อำเภอควนขนุน,พนมวังก์,2,ศาลาประจำหมู่บ้านบ้านเกาะอ้ายเฒ่า,7.697101200000001,100.0275755,ควนขนุน,พนมวังก์,8,7,8,ศาลาประจ าหมู่บ้านบ้านเกาะอ้ายเฒ่า,708,355,3,location_exact_normalized,1.0,
พัทลุง,อำเภอควนขนุน,แหลมโตนด,2,ศาลาประจำหมู่บ้านบ้านกองเกวียน,7.828554299999999,100.0247788,ควนขนุน,แหลมโตนด,1,0,1,ศาลาประจ าหมู่บ้านบ้านกองเกวียน,642,253,1,location_exact_normalized,1.0,
พัทลุง,อำเภอควนขนุน,แหลมโตนด,2,ศาลาประจำหมู่บ้านบ้านแหลมโตนด,7.812371,100.049519,ควนขนุน,แหลมโตนด,2,1,2,ศาลาประจ าหมู่บ้านบ้านแหลมโตนด,532,254,1,location_exact_normalized,1.0,
พัทลุง,อำเภอควนขนุน,แหลมโตนด,2,ศาลาประจำหมู่บ้านบ้านมาบเนียน,7.838152273124791,100.0744355760674,ควนขนุน,แหลมโตนด,3,2,3,ศาลาประจ าหมู่บ้านบ้านมาบเนียน,397,255,1,location_exact_normalized,1.0,
พัทลุง,อำเภอควนขนุน,แหลมโตนด,2,ศาลาประจำหมู่บ้านบ้านเตง(โคกถิน),7.838233,100.0031462,ควนขนุน,แหลมโตนด,4,3,4,ศาลาประจ าหมู่บ้านบ้านเตง (โคกถิน),756,256,1,location_exact_normalized,1.0,
พัทลุง,อำเภอควนขนุน,แหลมโตนด,2,ศาลาประจำหมู่บ้านบ้านหนองสามก้อน,7.828554299999999,100.0247788,ควนขนุน,แหลมโตนด,5,4,5,ศาลาประจ าหมู่บ้านบ้านหนองสามก้อน,408,257,1,location_exact_normalized,1.0,
พัทลุง,อำเภอควนขนุน,แหลมโตนด,2,ศาลาประจำหมู่บ้านบ้านทุ่งใน,7.828554299999999,100.0247788,ควนขนุน,แหลมโตนด,6,5,6,ศาลาประจ าหมู่บ้านบ้านทุ่งใน,270,258,1,location_exact_normalized,1.0,
พัทลุง,อำเภอควนขนุน,แหลมโตนด,2,ศาลาประจำหมู่บ้านบ้านบนลาน,7.3838149,100.2598974,ควนขนุน,แหลมโตนด,7,6,7,ศาลาประจ าหมู่บ้านบ้านบนลาน,428,259,1,location_exact_normalized,1.0,
พัทลุง,อำเภอควนขนุน,แหลมโตนด,2,ศาลประจำหมู่บ้านบ้านเสือสะอาด,7.828554299999999,100.0247788,ควนขนุน,แหลมโตนด,8,7,8,ศาลาประจ าหมู่บ้านบ้านเสือสะอาด,325,260,1,location_fuzzy,0.9831,
พัทลุง,อำเภอควนขนุน,แหลมโตนด,2,ศาลาประจำหมู่บ้านบ้านในตลาด,7.3838149,100.2598974,ควนขนุน,แหลมโตนด,9,8,9,ศาลาประจ าหมู่บ้านบ้านในตลาด,332,261,1,location_exact_normalized,1.0,
พัทลุง,อำเภอควนขนุน,ปันแต,2,ศาลาประจำหมู่บ้านบ้านปลายคลอง,7.792807099999998,100.0611429,ควนขนุน,ปันแต,1,0,1,ศาลาประจ าหมู่บ้านบ้านปลายคลอง,281,364,4,location_exact_normalized,1.0,
พัทลุง,อำเภอควนขนุน,ปันแต,2,ศาลาประจำหมู่บ้านบ้านปันแต,7.791803600000001,100.0351252,ควนขนุน,ปันแต,2,1,2,ศาลาประจ าหมู่บ้านบ้านปันแต,160,365,4,location_exact_normalized,1.0,
พัทลุง,อำเภอควนขนุน,ปันแต,2,ศาลาประจำหมู่บ้านบ้านสำนักกอ,7.804429099999999,100.0067757,ควนขนุน,ปันแต,3,2,3,ศาลาประจ าหมู่บ้านบ้านส านักกอ,593,366,4,location_exact_normalized,1.0,
พัทลุง,อำเภอควนขนุน,ปันแต,2,ศาลาประจำหมู่บ้านบ้านปากสระ,7.804978500000001,100.0569463,ควนขนุน,ปันแต,4,3,4,ศาลาประจ าหมู่บ้านบ้านปากสระ,337,367,4,location_exact_normalized,1.0,
พัทลุง,อำเภอควนขนุน,ปันแต,2,ศาลาประจำหมู่บ้านบ้านควนปันแต,7.8043368,100.0275755,ควนขนุน,ปันแต,5,4,5,ศาลาประจ าหมู่บ้านบ้านควนปันแต,633,368,4,location_exact_normalized,1.0,
พัทลุง,อำเภอควนขนุน,ปันแต,2,ศาลาประจำหมู่บ้านบ้านในไร่,7.7882409,100.0275755,ควนขนุน,ปันแต,6,5,6,ศาลาประจ าหมู่บ้านบ้านในไร่,602,369,4,location_exact_normalized,1.0,
พัทลุง,อำเภอควนขนุน,ปันแต,2,ศาลาประจำหมู่บ้านบ้านโพธิ์,7.7850935,100.0471549,ควนขนุน,ปันแต,7,6,7,ศาลาประจ าหมู่บ้านบ้านโพธิ์,246,370,4,location_exact_normalized,1.0,
พัทลุง,อำเภอควนขนุน,ปันแต,2,ศาลาประจำหมู่บ้านบ้านสุนทราออก,7.782078799999999,100.0611429,ควนขนุน,ปันแต,8,7,8,ศาลาประจ าหมู่บ้านบ้านสุนทราออก,199,371,4,location_exact_normalized,1.0,
พัทลุง,อำเภอควนขนุน,ปันแต,2,ศาลาประจำหมู่บ้านบ้านสุนทราตก,7.782478,100.0443576,ควนขนุน,ปันแต,9,8,9,ศาลาประจ าหมู่บ้านบ้านสุนทราตก,457,372,4,location_exact_normalized,1.0,
พัทลุง,อำเภอควนขนุน,ปันแต,2,สถานปฏิบัติธรรมบ้านไสหลวง,7.7735798,100.0289689,ควนขนุน,ปันแต,10,9,10,สถานปฏิบัติธรรมบ้านไสหลวง,444,373,4,location_exact_normalized,1.0,
พัทลุง,อำเภอควนขนุน,ปันแต,2,ศาลาประจำหมู่บ้านบ้านทุ่งลาน,7.734939400000001,100.0100936,ควนขนุน,ปันแต,11,10,11,ศาลาประจ าหมู่บ้านบ้านทุ่งลาน,473,374,4,location_exact_normalized,1.0,
พัทลุง,อำเภอควนขนุน,ปันแต,2,ศาลาประจำหมู่บ้านบ้านหารเจ,7.791652699999999,99.9968167,ควนขนุน,ปันแต,12,11,12,ศาลาประจ าหมู่บ้านบ้านหารเจ,383,375,4,location_exact_normalized,1.0,
พัทลุง,อำเภอควนขนุน,ปันแต,2,ศาลาประจำหมู่บ้านบ้านเขากลาง,7.762721,100.0576457,ควนขนุน,ปันแต,13,12,13,ศาลาประจ าหมู่บ้านบ้านเขากลาง,242,376,4,location_exact_normalized,1.0,
พัทลุง,อำเภอควนขนุน,โตนดด้วน,2,ศาลาประจำหมู่บ้านบ้านไสคำ,7.7160528,100.0191857,ควนขนุน,โตนดด้วน,1,0,1,ศาลาประจ าหมู่บ้านบ้านไสค า,322,299,2,location_exact_normalized,1.0,
พัทลุง,อำเภอควนขนุน,โตนดด้วน,2,ศาลาประจำหมู่บ้านบ้านโคกโดน,7.713701899999998,100.0255558,ควนขนุน,โตนดด้วน,2,1,2,ศาลาประจ าหมู่บ้านบ้านโคกโดน,751,300,2,location_exact_normalized,1.0,
พัทลุง,อำเภอควนขนุน,โตนดด้วน,2,ศาลาประจำหมู่บ้านบ้านหนองฟ้าผ่า,7.7243442,100.0433388,ควนขนุน,โตนดด้วน,3,2,3,ศาลาประจ าหมู่บ้านบ้านหนองฟ้าผ่า,299,301,2,location_exact_normalized,1.0,
พัทลุง,อำเภอควนขนุน,โตนดด้วน,2,ศาลาประจำหมู่บ้านบ้านป่าตอ,7.7285293,100.0221358,ควนขนุน,โตนดด้วน,4,3,4,ศาลาประจ าหมู่บ้านบ้านป่าตอ,291,302,2,location_exact_normalized,1.0,
พัทลุง,อำเภอควนขนุน,โตนดด้วน,2,ศาลาประจำหมู่บ้านบ้านวังจระเข้,7.7160528,100.0191857,ควนขนุน,โตนดด้วน,5,4,5,ศาลาประจ าหมู่บ้านบ้านวังจระเข้,668,303,2,location_exact_normalized,1.0,
พัทลุง,อำเภอควนขนุน,โตนดด้วน,2,ศาลาประจำหมู่บ้านบ้านหนักกุล,7.7160528,100.0191857,ควนขนุน,โตนดด้วน,6,5,6,ศาลาประจ าหมู่บ้านบ้านหนักกุล,262,304,2,location_exact_normalized,1.0,
พัทลุง,อำเภอควนขนุน,โตนดด้วน,2,ศาลาประจำหมู่บ้านบ้านโคกโพธิ์,7.691745399999999,100.0315103,ควนขนุน,โตนดด้วน,7,6,7,ศาลาประจ าหมู่บ้านบ้านโคกโพธิ์,822,305,2,location_exact_normalized,1.0,
พัทลุง,อำเภอควนขนุน,โตนดด้วน,2,ศาลาประจำหมู่บ้านบ้านไสโดน,7.7160528,100.0191857,ควนขนุน,โตนดด้วน,8,7,8,ศาลาประจ าหมู่บ้านบ้านไสโดน,436,306,2,location_exact_normalized,1.0,
พัทลุง,อำเภอควนขนุน,โตนดด้วน,2,ศาลาประจำหมู่บ้านบ้านโตนดด้วน หมู่ที่ 9,7.7160528,100.0191857,ควนขนุน,โตนดด้วน,9,8,9,ศาลาประจ าหมู่บ้านบ้านโตนดด้วน หมู่ที่ 9,516,307,2,location_exact_normalized,1.0,
พัทลุง,อำเภอควนขนุน,โตนดด้วน,2,ศาลาประจำหมู่บ้านบ้านตีนคลอง,7.7160528,100.0191857,ควนขนุน,โตนดด้วน,10,9,10,ศาลาประจ าหมู่บ้านบ้านตีนคลอง,325,308,2,location_exact_normalized,1.0,
พัทลุง,อำเภอควนขนุน,โตนดด้วน,2,ศาลาประจำหมู่บ้าน หมู่ที่ 11 บ้านไสเหรียง,7.7160528,100.0191857,ควนขนุน,โตนดด้วน,11,10,11,ศาลาประจ าหมู่บ้าน หมู่ที่ 11 บ้านไสเหรียง,454,309,2,location_exact_normalized,1.0,
พัทลุง,อำเภอควนขนุน,ดอนทราย,2,ศาลาประจำหมู่บ้านบ้านเขากอย,7.7173634,99.9632741,ควนขนุน,ดอนทราย,1,0,1,ศาลาประจ าหมู่บ้านบ้านเขากอย,254,325,3,location_exact_normalized,1.0,
พัทลุง,อำเภอควนขนุน,ดอนทราย,2,ศาลาประจำหมู่บ้านบ้านหม้อ,7.7253162,99.9828919,ควนขนุน,ดอนทราย,2,1,2,ศาลาประจ าหมู่บ้านบ้านหม้อ,437,326,3,location_exact_normalized,1.0,
พัทลุง,อำเภอควนขนุน,ดอนทราย,2,ศาลาประจำหมู่บ้านบ้านเขาวัง,7.7066667,99.9511111,ควนขนุน,ดอนทราย,3,2,3,ศาลาประจ าหมู่บ้านบ้านเขาวัง,356,327,3,location_exact_normalized,1.0,
พัทลุง,อำเภอควนขนุน,ดอนทราย,2,ศาลาประจำหมู่บ้านบ้านลำรุณ,7.7173634,99.9632741,ควนขนุน,ดอนทราย,4,3,4,ศาลาประจ าหมู่บ้านบ้านล ารุณ,303,328,3,location_exact_normalized,1.0,
พัทลุง,อำเภอควนขนุน,ดอนทราย,2,ศาลาประจำหมู่บ้านบ้านควนเหลง,7.7173634,99.9632741,ควนขนุน,ดอนทราย,5,4,5,ศาลาประจ าหมู่บ้านบ้านควนเหลง,568,329,3,location_exact_normalized,1.0,
พัทลุง,อำเภอควนขนุน,ดอนทราย,2,ศาลาประจำหมู่บ้านบ้านเกาะทอง,7.722331100000001,99.9800438,ควนขนุน,ดอนทราย,6,5,6,ศาลาประจ าหมู่บ้านบ้านเกาะทอง,345,330,3,location_exact_normalized,1.0,
พัทลุง,อำเภอควนขนุน,ดอนทราย,2,ศาลาประจำหมู่บ้านบ้านควนดินแดง,7.7186105,99.9665503,ควนขนุน,ดอนทราย,7,6,7,ศาลาประจ าหมู่บ้านบ้านควนดินแดง,668,331,3,location_exact_normalized,1.0,
พัทลุง,อำเภอควนขนุน,ดอนทราย,2,ศาลาประจำหมู่บ้านบ้านจันนา,7.7290582,99.9418062,ควนขนุน,ดอนทราย,8,7,8,ศาลาประจ าหมู่บ้านบ้านจันนา,319,332,3,location_exact_normalized,1.0,
พัทลุง,อำเภอควนขนุน,ดอนทราย,2,ศาลาประจำหมู่บ้านบ้านไสอ้อย,7.706008700000001,99.9771524,ควนขนุน,ดอนทราย,9,8,9,ศาลาประจ าหมู่บ้านบ้านไสอ้อย,698,333,3,location_exact_normalized,1.0,
พัทลุง,อำเภอควนขนุน,ดอนทราย,2,ศาลาประจำหมู่บ้านบ้านไสโพธิ์,7.7714851,100.0555474,ควนขนุน,ดอนทราย,10,9,10,ศาลาประจ าหมู่บ้านบ้านไสโพธิ์,463,334,3,location_exact_normalized,1.0,
พัทลุง,อำเภอควนขนุน,ดอนทราย,2,ศาลาประจำหมู่บ้านบ้านจันนาตก,7.7290582,99.9418062,ควนขนุน,ดอนทราย,11,10,11,ศาลาประจ าหมู่บ้านบ้านจันนาตก,325,335,3,location_exact_normalized,1.0,
พัทลุง,อำเภอควนขนุน,มะกอกเหนือ,2,โรงอาหารโรงเรียนประดู่เรียง,7.7409914,100.0858852,ควนขนุน,มะกอกเหนือ,1,0,1,โรงอาหารโรงเรียนประดู่เรียง,676,289,2,location_exact_normalized,1.0,
พัทลุง,อำเภอควนขนุน,มะกอกเหนือ,2,ศาลาประจำหมู่บ้านบ้านปากคลองเก่า,7.739052,100.0712741,ควนขนุน,มะกอกเหนือ,2,1,2,ศาลาประจ าหมู่บ้านบ้านปากคลองเก่า,127,290,2,location_exact_normalized,1.0,
พัทลุง,อำเภอควนขนุน,มะกอกเหนือ,2,ศาลาประจำหมู่บ้านบ้านเขาอ้อ,7.7544444,100.0663889,ควนขนุน,มะกอกเหนือ,3,2,3,ศาลาประจ าหมู่บ้านบ้านเขาอ้อ,132,291,2,location_exact_normalized,1.0,
พัทลุง,อำเภอควนขนุน,มะกอกเหนือ,2,ศาลาประจำหมู่บ้านบ้านค่ายเสือ,7.7416636,100.0695367,ควนขนุน,มะกอกเหนือ,4,3,4,ศาลาประจ าหมู่บ้านบ้านค่ายเสือ,329,292,2,location_exact_normalized,1.0,
พัทลุง,อำเภอควนขนุน,มะกอกเหนือ,2,ศาลาประจำหมู่บ้านบ้านนาสวน,7.7416636,100.0695367,ควนขนุน,มะกอกเหนือ,5,4,5,ศาลาประจ าหมู่บ้านบ้านนาสวน,565,293,2,location_exact_normalized,1.0,
พัทลุง,อำเภอควนขนุน,มะกอกเหนือ,2,ศาลาเอนกประสงค์โรงเรียนวัดบ้านสวน,7.734133699999999,100.0518935,ควนขนุน,มะกอกเหนือ,6,5,6,ศาลาเอนกประสงค์โรงเรียนวัดบ้านสวน,663,294,2,location_exact_normalized,1.0,
พัทลุง,อำเภอควนขนุน,มะกอกเหนือ,2,ศาลาการเปรียญวัดบ้านสวน,7.7335541,100.051063,ควนขนุน,มะกอกเหนือ,7,6,6,ศาลาการเปรียญวัดบ้านสวน,607,295,2,location_exact_normalized,1.0,
พัทลุง,อำเภอควนขนุน,มะกอกเหนือ,2,วัดมะกอกเหนือ,7.713126,100.086706,ควนขนุน,มะกอกเหนือ,8,7,7,วัดมะกอกเหนือ,510,296,2,location_exact_normalized,1.0,
พัทลุง,อำเภอควนขนุน,มะกอกเหนือ,2,ศาลาประจำหมู่บ้านบ้านดอนศาลา,7.755263100000001,100.0397776,ควนขนุน,มะกอกเหนือ,9,8,8,ศาลาประจ าหมู่บ้านบ้านดอนศาลา,530,297,2,location_exact_normalized,1.0,
พัทลุง,อำเภอควนขนุน,มะกอกเหนือ,2,ที่อ่านหนังสือประจำหมู่บ้านบ้านไสเลียบ,7.7416636,100.0695367,ควนขนุน,มะกอกเหนือ,10,9,9,ที่อ่านหนังสือประจ าหมู่บ้านบ้านไสเลียบ,209,298,2,location_exact_normalized,1.0,
พัทลุง,อำเภอควนขนุน,พนางตุง,2,ศาลาประจำหมู่บ้านบ้านทะเลน้อย,7.7777536,100.1167953,ควนขนุน,พนางตุง,1,0,1,ศาลาประจ าหมู่บ้านบ้านทะเลน้อย,531,272,1,location_exact_normalized,1.0,
พัทลุง,อำเภอควนขนุน,พนางตุง,2,ศาลาประจำหมู่บ้าน หมู่ที่ 2 บ้านทะเลน้อย,7.7777536,100.1167953,ควนขนุน,พนางตุง,2,1,2,ศาลาประจ าหมู่บ้าน หมู่ที่ 2 บ้านทะเลน้อย,496,273,1,location_exact_normalized,1.0,
พัทลุง,อำเภอควนขนุน,พนางตุง,2,โรงเรียนควนพนางตุง,7.777721799999999,100.1033782,ควนขนุน,พนางตุง,3,2,3,โรงเรียนควนพนางตุง,859,274,1,location_exact_normalized,1.0,
พัทลุง,อำเภอควนขนุน,พนางตุง,2,ศาลาประจำหมู่บ้านบ้านชายคลอง,7.7346142,100.1285201,ควนขนุน,พนางตุง,4,3,4,ศาลาประจ าหมู่บ้านบ้านชายคลอง,450,275,1,location_exact_normalized,1.0,
พัทลุง,อำเภอควนขนุน,พนางตุง,2,ศาลาประจำหมู่บ้านบ้านท่าช้าง,7.7462876,100.1069393,ควนขนุน,พนางตุง,5,4,5,ศาลาประจ าหมู่บ้านบ้านท่าช้าง,841,276,1,location_exact_normalized,1.0,
พัทลุง,อำเภอควนขนุน,พนางตุง,2,ศาลาประจำหมู่บ้านบ้านไสคลิ้ง,7.7615069,100.1367166,ควนขนุน,พนางตุง,6,5,6,ศาลาประจ าหมู่บ้านบ้านไสคลิ้ง,815,277,1,location_exact_normalized,1.0,
พัทลุง,อำเภอควนขนุน,พนางตุง,2,ศาลาประจำหมู่บ้านบ้านค่าย,7.767323999999999,100.08837,ควนขนุน,พนางตุง,7,6,7,ศาลาประจ าหมู่บ้านบ้านค่าย,633,278,1,location_exact_normalized,1.0,
พัทลุง,อำเภอควนขนุน,พนางตุง,2,ที่ทำการกำนันตำบลพนางตุง,7.7801171,100.0898175,ควนขนุน,พนางตุง,8,7,8,ที่ท าการก านันต าบลพนางตุง,915,279,1,location_exact_normalized,1.0,
พัทลุง,อำเภอควนขนุน,พนางตุง,2,ศาลาประจำหมู่บ้านบ้านปากคลองเก่า,7.734145599999999,100.0256023,ควนขนุน,พนางตุง,9,8,9,ศาลาประจ าหมู่บ้านบ้านปากคลองเก่า,205,280,1,location_exact_normalized,1.0,
พัทลุง,อำเภอควนขนุน,พนางตุง,2,โรงเรียนบ้านธรรมเถียร,7.789683200000001,100.0953331,ควนขนุน,พนางตุง,10,9,10,โรงเรียนบ้านธรรมเถียร,785,281,1,location_exact_normalized,1.0,
พัทลุง,อำเภอควนขนุน,พนางตุง,2,ศาลาประจำหมู่บ้านบ้านไทรงาม,7.7781796,100.118286,ควนขนุน,พนางตุง,11,10,11,ศาลาประจ าหมู่บ้านบ้านไทรงาม,431,282,1,location_exact_normalized,1.0,
พัทลุง,อำเภอควนขนุน,พนางตุง,2,ศาลาเฉลิมพระเกียรติบ้านปากห้วย,7.7615069,100.1367166,ควนขนุน,พนางตุง,12,11,12,ศาลาเฉลิมพระเกียรติบ้านปากห้วย,686,283,1,location_exact_normalized,1.0,
พัทลุง,อำเภอควนขนุน,พนางตุง,2,ศาลาเอนกประสงค์ หมู่ที่ 13,7.7615069,100.1367166,ควนขนุน,พนางตุง,13,12,13,ศาลาอเนกประสงค์หมู่ที่ 13,645,284,1,location_fuzzy,0.9583,
พัทลุง,อำเภอควนขนุน,ชะมวง,2,ศาลาประจำหมู่บ้านบ้านชะมวง,7.3838149,100.2598974,ควนขนุน,ชะมวง,1,0,1,ศาลาประจ าหมู่บ้านบ้านชะมวง,715,310,2,location_exact_normalized,1.0,
พัทลุง,อำเภอควนขนุน,ชะมวง,2,ศาลาการเปรียญวัดพิกุลทอง,7.7408104,99.9839132,ควนขนุน,ชะมวง,2,1,2|4,ศาลาการเปรียญวัดพิกุลทอง,257,311,2,location_exact_normalized,1.0,
พัทลุง,อำเภอควนขนุน,ชะมวง,2,ศาลาประจำหมู่บ้านบ้านศาลาตำเสา,7.7885424,99.9643809,ควนขนุน,ชะมวง,3,2,3,ศาลาประจ าหมู่บ้านบ้านศาลาต าเสา,646,312,2,location_exact_normalized,1.0,
พัทลุง,อำเภอควนขนุน,ชะมวง,2,ศาลาประจำหมู่บ้านบ้านหนักขัน,7.7419453,99.9723573,ควนขนุน,ชะมวง,4,3,5,ศาลาประจ าหมู่บ้านบ้านหนักขัน,226,313,2,location_exact_normalized,1.0,
พัทลุง,อำเภอควนขนุน,ชะมวง,2,ศาลาประจำหมู่บ้านบ้านไสเตียน,7.753196000000001,99.9551971,ควนขนุน,ชะมวง,5,4,6,ศาลาประจ าหมู่บ้านบ้านไสเตียน,605,314,2,location_exact_normalized,1.0,
พัทลุง,อำเภอควนขนุน,ชะมวง,2,ศาลาประจำหมู่บ้านบ้านค่ายไพออก,7.3838149,100.2598974,ควนขนุน,ชะมวง,6,5,7,ศาลาประจ าหมู่บ้านบ้านค่ายไพออก,387,315,2,location_exact_normalized,1.0,
พัทลุง,อำเภอควนขนุน,ชะมวง,2,ศาลาประจำหมู่บ้านบ้านค่ายไพตก,7.3838149,100.2598974,ควนขนุน,ชะมวง,7,6,8,ศาลาประจ าหมู่บ้านบ้านค่ายไพตก,448,316,2,location_exact_normalized,1.0,
พัทลุง,อำเภอควนขนุน,ชะมวง,2,ศาลาประจำหมู่บ้านบ้านไทรโกบ,7.7372374,99.973056,ควนขนุน,ชะมวง,8,7,9,ศาลาประจ าหมู่บ้านบ้านไทรโกบ,468,317,2,location_exact_normalized,1.0,
พัทลุง,อำเภอควนขนุน,ชะมวง,2,ศาลาประจำหมู่บ้านบ้านหัวถนน,7.736974900000001,99.9842367,ควนขนุน,ชะมวง,9,8,10,ศาลาประจ าหมู่บ้านบ้านหัวถนน,420,318,2,location_exact_normalized,1.0,
พัทลุง,อำเภอควนขนุน,ชะมวง,2,ศาลาประจำหมู่บ้านบ้านปาบ,7.737530199999998,99.9891287,ควนขนุน,ชะมวง,10,9,11,ศาลาประจ าหมู่บ้านบ้านปาบ,257,319,2,location_exact_normalized,1.0,
พัทลุง,อำเภอควนขนุน,ชะมวง,2,ศาลาประจำหมู่บ้านบ้านสามหนอง,7.771804299999999,99.9381744,ควนขนุน,ชะมวง,11,10,12,ศาลาประจ าหมู่บ้านบ้านสามหนอง,539,320,2,location_exact_normalized,1.0,
พัทลุง,อำเภอควนขนุน,ชะมวง,2,ศาลาประจำหมู่บ้านบ้านศาลาม่วง,7.7427958,99.9646715,ควนขนุน,ชะมวง,12,11,13,ศาลาประจ าหมู่บ้านบ้านศาลาม่วง,336,321,2,location_exact_normalized,1.0,
พัทลุง,อำเภอควนขนุน,ชะมวง,2,ศาลาประจำหมู่บ้านบ้านไสตอ,7.7851689,99.9546944,ควนขนุน,ชะมวง,13,12,14,ศาลาประจ าหมู่บ้านบ้านไสตอ,552,322,2,location_exact_normalized,1.0,
พัทลุง,อำเภอควนขนุน,ชะมวง,2,ศาลาประจำหมู่บ้านบ้านหยีใน,7.769434400000001,99.9700718,ควนขนุน,ชะมวง,14,13,15,ศาลาประจ าหมู่บ้านบ้านหยีใน,668,323,3,location_exact_normalized,1.0,
พัทลุง,อำเภอควนขนุน,ชะมวง,2,ศาลาประจำหมู่บ้านบ้านไสตอตก,7.7851689,99.9546944,ควนขนุน,ชะมวง,15,14,16,ศาลาประจ าหมู่บ้านบ้านไสตอตก,425,324,3,location_exact_normalized,1.0,
พัทลุง,อำเภอควนขนุน,แพรกหา,2,ศาลาประจำหมู่บ้านบ้านม่วงเตี้ย,7.666126299999999,100.0230734,ควนขนุน,แพรกหา,1,0,1,ศาลาประจ าหมู่บ้านบ้านม่วงเตี้ย,779,356,3,location_exact_normalized,1.0,
พัทลุง,อำเภอควนขนุน,แพรกหา,2,ศาลาประจำหมู่บ้านบ้านไสขาม,7.6506734,99.988483,ควนขนุน,แพรกหา,2,1,2,ศาลาประจ าหมู่บ้านบ้านไสขาม,441,357,3,location_exact_normalized,1.0,
พัทลุง,อำเภอควนขนุน,แพรกหา,2,ศาลาประจำหมู่บ้านบ้านแพรกหา,7.6503234,99.9875214,ควนขนุน,แพรกหา,3,2,3,ศาลาประจ าหมู่บ้านบ้านแพรกหา,697,358,4,location_exact_normalized,1.0,
พัทลุง,อำเภอควนขนุน,แพรกหา,2,ศาลา อพป.บ้านเขาโต๊ะบุญ,7.6641667,100.0083333,ควนขนุน,แพรกหา,4,3,4,ศาลา อพป.บ้านเขาโต๊ะบุญ,804,359,4,location_exact_normalized,1.0,
พัทลุง,อำเภอควนขนุน,แพรกหา,2,ศาลาประจำหมู่บ้านบ้านเขาพังอิฐ,7.6511029,100.0082279,ควนขนุน,แพรกหา,5,4,5,ศาลาประจ าหมู่บ้านบ้านเขาพังอิฐ,793,360,4,location_exact_normalized,1.0,
พัทลุง,อำเภอควนขนุน,แพรกหา,2,ศาลาประจำหมู่บ้านบ้านเขาป้าเจ้,7.6520326,100.0080005,ควนขนุน,แพรกหา,6,5,6,ศาลาประจ าหมู่บ้านบ้านเขาป้าเจ้,501,361,4,location_exact_normalized,1.0,
พัทลุง,อำเภอควนขนุน,แพรกหา,2,ศาลาประจำหมู่บ้านบ้านไสหยี,7.6520326,100.0080005,ควนขนุน,แพรกหา,7,6,7,ศาลาประจ าหมู่บ้านบ้านไสหยี,535,362,4,location_exact_normalized,1.0,
พัทลุง,อำเภอควนขนุน,แพรกหา,2,ศาลาประจำหมู่บ้านบ้านควนน้อย,7.674832,100.003384,ควนขนุน,แพรกหา,8,7,8,ศาลาประจ าหมู่บ้านบ้านควนน้อย,469,363,4,location_exact_normalized,1.0,
พัทลุง,อำเภอศรีบรรพต,เขาย่า,2,ศาลาประจำหมู่บ้าน บ้านสำนักปราง หมู่ที่ 1,7.728210699999999,99.9004167,ศรีบรรพต,เขาย่า,1,0,1,ศาลาประจ าหมู่บ้าน บ้านส านักปราง,502,434,6,location_fuzzy,0.8824,
พัทลุง,อำเภอศรีบรรพต,เขาย่า,2,ศาลาประจำหมู่บ้าน บ้านสะพานยาง หมู่ที่ 2,7.747962100000001,99.9157776,ศรีบรรพต,เขาย่า,2,1,2,ศาลาประจ าหมู่บ้าน บ้านสะพานยาง,478,435,6,location_fuzzy,0.8788,
พัทลุง,อำเภอศรีบรรพต,เขาย่า,2,ศาลาประจำหมู่บ้าน บ้านม่วง หมู่ที่ 3,7.7458666,99.890643,ศรีบรรพต,เขาย่า,3,2,3,ศาลาประจ าหมู่บ้าน บ้านม่วง,648,436,6,location_fuzzy,0.8621,
พัทลุง,อำเภอศรีบรรพต,เขาย่า,2,ศาลาประจำหมู่บ้าน บ้านเขาย่าออก หมู่ที่ 4,7.7197137,99.9199675,ศรีบรรพต,เขาย่า,4,3,4,ศาลาประจ าหมู่บ้าน บ้านเขาย่าออก,518,437,6,location_fuzzy,0.8824,
พัทลุง,อำเภอศรีบรรพต,เขาย่า,2,ศาลาประจำหมู่บ้าน บ้านโหล๊ะเร็ดตกหมู่ที่ 5,7.7576419,99.9032094,ศรีบรรพต,เขาย่า,5,4,5,ศาลาประจ าหมู่บ้าน บ้านโหล๊ะเร็ดตก,567,438,6,location_fuzzy,0.8889,
พัทลุง,อำเภอศรีบรรพต,เขาย่า,2,ศาลาประจำหมู่บ้าน บ้านเขาย่าตก หมู่ที่ 6,7.710689700000001,99.9046058,ศรีบรรพต,เขาย่า,6,5,6,ศาลาประจ าหมู่บ้าน บ้านเขาย่าตก,574,439,6,location_fuzzy,0.8788,
พัทลุง,อำเภอศรีบรรพต,เขาย่า,2,ศาลาประจำหมู่บ้าน บ้านโพรงงู หมู่ที่ 7,7.729908200000001,99.8850586,ศรีบรรพต,เขาย่า,7,6,7,ศาลาประจ าหมู่บ้าน บ้านโพรงงู,651,440,6,location_fuzzy,0.871,
พัทลุง,อำเภอศรีบรรพต,เขาย่า,2,ศาลาประจำหมู่บ้าน บ้านโหล๊ะเร็ดออก หมู่ที่ 8,7.776026099999999,99.9199675,ศรีบรรพต,เขาย่า,8,7,8,ศาลาประจ าหมู่บ้าน บ้านโหล๊ะเร็ดออก,656,441,6,location_fuzzy,0.8919,
พัทลุง,อำเภอศรีบรรพต,เขาย่า,2,ศาลาประจำหมู่บ้าน บ้านสำนักวา หมู่ที่ 9,7.7206497,99.8865912,ศรีบรรพต,เขาย่า,9,8,9,ศาลาประจ าหมู่บ้าน บ้านส านักวา,445,442,6,location_fuzzy,0.875,
พัทลุง,อำเภอศรีบรรพต,เขาย่า,2,ศาลาประจำหมู่บ้าน บ้านหูหนาน หมู่ที่ 10,7.737366799999999,99.9101915,ศรีบรรพต,เขาย่า,10,9,10,ศาลาประจ าหมู่บ้าน บ้านหูหนาน,520,443,6,location_fuzzy,0.8571,
พัทลุง,อำเภอศรีบรรพต,เขาปู่,2,ศาลาประจำหมู่บ้าน บ้านหน้าวัด หมู่ที่ 1,7.704519400000001,99.8236533,ศรีบรรพต,เขาปู่,1,0,1,ศาลาประจ าหมู่บ้าน บ้านหน้าวัด,447,444,6,location_fuzzy,0.875,
พัทลุง,อำเภอศรีบรรพต,เขาปู่,2,ศาลาประจำหมู่บ้าน บ้านใสประดู่ หมู่ที่ 2,7.664779900000001,99.8385881,ศรีบรรพต,เขาปู่,2,1,2,ศาลาประจ าหมู่บ้าน บ้านใสประดู่,615,445,6,location_fuzzy,0.8788,
พัทลุง,อำเภอศรีบรรพต,เขาปู่,2,ศาลาประจำหมู่บ้าน บ้านควนลม หมู่ที่ 3,7.729098599999999,99.8041245,ศรีบรรพต,เขาปู่,3,2,3,ศาลาประจ าหมู่บ้าน บ้านควนลม,235,446,6,location_fuzzy,0.8667,
พัทลุง,อำเภอศรีบรรพต,เขาปู่,2,ศาลาประจำหมู่บ้าน บ้านทุ่งยูง หมู่ที่ 4,7.7451902,99.8041245,ศรีบรรพต,เขาปู่,4,3,4,ศาลาประจ าหมู่บ้าน บ้านทุ่งยูง,390,447,6,location_fuzzy,0.875,
พัทลุง,อำเภอศรีบรรพต,เขาปู่,2,ศาลาประจำหมู่บ้าน บ้านด่าน หมู่ที่ 5,7.717472799999999,99.8431866,ศรีบรรพต,เขาปู่,5,4,5,ศาลาประจ าหมู่บ้าน บ้านด่าน,303,448,6,location_fuzzy,0.8621,
พัทลุง,อำเภอศรีบรรพต,เขาปู่,2,ศาลาประจำหมู่บ้าน บ้านเหรียงงาม หมู่ที่ 6,7.7169567,99.8655158,ศรีบรรพต,เขาปู่,6,5,6,ศาลาประจ าหมู่บ้าน บ้านเหรียงงาม,619,449,6,location_fuzzy,0.8824,
พัทลุง,อำเภอศรีบรรพต,เขาปู่,2,ศาลาประจำหมู่บ้าน บ้านเขาป้าแหร้ หมู่ที่ 7,7.741928,99.8292338,ศรีบรรพต,เขาปู่,7,6,7,ศาลาประจ าหมู่บ้าน บ้านเขาป้าแหร้,459,450,6,location_fuzzy,0.8857,
พัทลุง,อำเภอศรีบรรพต,เขาปู่,2,ศาลาประจำหมู่บ้าน บ้านป่าตอ หมู่ที่ 8,7.699030199999999,99.8292338,ศรีบรรพต,เขาปู่,8,7,8,ศาลาประจ าหมู่บ้าน บ้านป่าตอ,564,451,6,location_fuzzy,0.8667,
พัทลุง,อำเภอศรีบรรพต,เขาปู่,2,ศาลาประจำหมู่บ้าน บ้านในวัง หมู่ที่ 9,7.704519400000001,99.8236533,ศรีบรรพต,เขาปู่,9,8,9,ศาลาประจ าหมู่บ้าน บ้านในวัง,326,452,6,location_fuzzy,0.8667,
พัทลุง,อำเภอศรีบรรพต,เขาปู่,2,ศาลาประจำหมู่บ้าน บ้านโหล๊ะปราง หมู่ที่ 10,7.704519400000001,99.8236533,ศรีบรรพต,เขาปู่,10,9,10,ศาลาประจ าหมู่บ้าน บ้านโหล๊ะปราง,299,453,6,location_fuzzy,0.8696,
พัทลุง,อำเภอศรีบรรพต,เขาปู่,2,ศาลาประจำหมู่บ้าน บ้านเขาปู่ หมู่ที่ 11,7.704519400000001,99.8236533,ศรีบรรพต,เขาปู่,11,10,11,ศาลาประจ าหมู่บ้าน บ้านเขาปู่,436,454,6,location_fuzzy,0.8571,
พัทลุง,อำเภอศรีบรรพต,ตะแพน,2,ศาลาประจำหมู่บ้าน บ้านสวนโหนด หมู่ที่ 1,7.6514478,99.9629591,ศรีบรรพต,ตะแพน,1,0,1,ศาลาประจ าหมู่บ้าน บ้านสวนโหนด,397,455,6,location_fuzzy,0.875,
พัทลุง,อำเภอศรีบรรพต,ตะแพน,2,โรงอาหารโรงเรียนวัดตะแพน,7.6554624,99.8766586,ศรีบรรพต,ตะแพน,2,1,2,โรงอาหารโรงเรียนวัดตะแพน,713,456,6,location_exact_normalized,1.0,
พัทลุง,อำเภอศรีบรรพต,ตะแพน,2,ศาลาประจำหมู่บ้าน บ้านวังยาว หมู่ที่ 3,7.639195399999998,99.8683073,ศรีบรรพต,ตะแพน,3,2,3,ศาลาประจ าหมู่บ้าน บ้านวังยาว,398,457,6,location_fuzzy,0.871,
พัทลุง,อำเภอศรีบรรพต,ตะแพน,2,ศาลาประจำหมู่บ้าน บ้านห้วยครก หมู่ที่ 4,7.6452374,99.8090063,ศรีบรรพต,ตะแพน,4,3,4,ศาลาประจ าหมู่บ้าน บ้านห้วยครก,161,458,6,location_fuzzy,0.875,
พัทลุง,อำเภอศรีบรรพต,ตะแพน,2,ศาลาประจำหมู่บ้าน บ้านท่ายูง หมู่ที่ 5,7.618795599999999,99.8236533,ศรีบรรพต,ตะแพน,5,4,5,ศาลาประจ าหมู่บ้าน บ้านท่ายูง,633,459,6,location_fuzzy,0.871,
พัทลุง,อำเภอศรีบรรพต,ตะแพน,2,ศาลาประจำหมู่บ้าน บ้านหน้าควน หมู่ที่ 6,7.6508473,99.9437136,ศรีบรรพต,ตะแพน,6,5,6,ศาลาประจ าหมู่บ้าน บ้านหน้าควน,460,460,6,location_fuzzy,0.875,
พัทลุง,อำเภอศรีบรรพต,ตะแพน,2,โรงอาหารโรงเรียนบ้านหัสคุณ,7.6497788,99.9285556,ศรีบรรพต,ตะแพน,7,6,7,โรงอาหารโรงเรียนบ้านหัสคุณ,742,461,6,location_exact_normalized,1.0,
พัทลุง,อำเภอศรีบรรพต,ตะแพน,2,สำนักสงฆ์บ้านท่าข้าม,7.6775386,99.8988081,ศรีบรรพต,ตะแพน,8,7,8,ส านักสงฆ์บ้านท่าข้าม,389,462,6,location_exact_normalized,1.0,
พัทลุง,อำเภอศรีบรรพต,ตะแพน,2,อาคารโรงเรียนบ้านสวนโหนด,7.6514478,99.9629591,ศรีบรรพต,ตะแพน,9,8,9,อาคารโรงเรียนบ้านสวนโหนด,429,463,7,location_exact_normalized,1.0,
พัทลุง,อำเภอป่าพะยอม,ป่าพะยอม,2,ศาลาประจำหมู่บ้านบ้านสังแกระ,7.8521588,99.9353318,ป่าพะยอม,ป่าพะยอม,1,0,1,ศาลาประจ าหมู่บ้านบ้านสังแกระ,617,405,5,location_exact_normalized,1.0,
พัทลุง,อำเภอป่าพะยอม,ป่าพะยอม,2,ศาลาประจำหมู่บ้านบ้านป่าพะยอม,7.7542239,99.8194682,ป่าพะยอม,ป่าพะยอม,2,1,2,ศาลาประจ าหมู่บ้านบ้านป่าพะยอม,418,406,5,location_exact_normalized,1.0,
พัทลุง,อำเภอป่าพะยอม,ป่าพะยอม,2,โรงเรียนอนุบาลป่าพะยอม,7.841230299999999,99.9385037,ป่าพะยอม,ป่าพะยอม,3,2,2,โรงเรียนอนุบาลป่าพะยอม,532,407,5,location_exact_normalized,1.0,
พัทลุง,อำเภอป่าพะยอม,ป่าพะยอม,2,ศาลาประจำหมู่บ้านบ้านทุง,7.8521588,99.9353318,ป่าพะยอม,ป่าพะยอม,4,3,3,ศาลาประจ าหมู่บ้านบ้านทุ่ง,691,408,5,location_fuzzy,0.9796,
พัทลุง,อำเภอป่าพะยอม,ป่าพะยอม,2,ศาลาประจำหมู่บ้านบ้านประดู่หอม,7.851793,99.964334,ป่าพะยอม,ป่าพะยอม,5,4,4,ศาลาประจ าหมู่บ้านบ้านประดู่หอม,505,409,5,location_exact_normalized,1.0,
พัทลุง,อำเภอป่าพะยอม,ป่าพะยอม,2,ศาลาประจำหมู่บ้านบ้านนาทราย,7.838677,99.863101,ป่าพะยอม,ป่าพะยอม,6,5,5,ศาลาประจ าหมู่บ้านบ้านนาทราย,705,410,5,location_exact_normalized,1.0,
พัทลุง,อำเภอป่าพะยอม,ป่าพะยอม,2,ศาลาประจำหมู่บ้านบ้านโคกกอ,7.8521588,99.9353318,ป่าพะยอม,ป่าพะยอม,7,6,6,ศาลาประจ าหมู่บ้านบ้านโคกกอ,619,411,5,location_exact_normalized,1.0,
พัทลุง,อำเภอป่าพะยอม,ป่าพะยอม,2,ศาลาประจำหมู่บ้านบ้านไสกุน,7.8654527,99.959434,ป่าพะยอม,ป่าพะยอม,8,7,7,ศาลาประจ าหมู่บ้านบ้านไสกุน,743,412,5,location_exact_normalized,1.0,
พัทลุง,อำเภอป่าพะยอม,เกาะเต่า,2,ศาลาประจำหมู่บ้านบ้านไร่เจ็ดสิบ,7.8113025,99.8459774,ป่าพะยอม,เกาะเต่า,1,0,1,ศาลาประจ าหมู่บ้านบ้านไร่เจ็ดสิบ,621,390,4,location_exact_normalized,1.0,
พัทลุง,อำเภอป่าพะยอม,เกาะเต่า,2,ศาลาประจำหมู่บ้านบ้านห้วยกรวด,7.8554397,99.9101915,ป่าพะยอม,เกาะเต่า,2,1,2,ศาลาประจ าหมู่บ้านบ้านห้วยกรวด,408,391,4,location_exact_normalized,1.0,
พัทลุง,อำเภอป่าพะยอม,เกาะเต่า,2,ศาลาประจำหมู่บ้านบ้านบางหล่อ,7.791444299999999,99.8295765,ป่าพะยอม,เกาะเต่า,3,2,3,ศาลาประจ าหมู่บ้านบ้านบางหล่อ,462,392,4,location_exact_normalized,1.0,
พัทลุง,อำเภอป่าพะยอม,เกาะเต่า,2,ศูนย์สาธิตการตลาดบ้านบางหล่อ,7.791444299999999,99.8295765,ป่าพะยอม,เกาะเต่า,4,3,3,ศูนย์สาธิตการตลาดบ้านบางหล่อ,660,393,5,location_exact_normalized,1.0,
พัทลุง,อำเภอป่าพะยอม,เกาะเต่า,2,ศาลาประจำหมู่บ้านบ้านคลองใหญ่,7.8265429,99.8689005,ป่าพะยอม,เกาะเต่า,5,4,4,ศาลาประจ าหมู่บ้านบ้านคลองใหญ่,1005,394,5,location_exact_normalized,1.0,
พัทลุง,อำเภอป่าพะยอม,เกาะเต่า,2,ศาลาประจำหมู่บ้านบ้านไสเลียบ,7.8321524,99.8957282,ป่าพะยอม,เกาะเต่า,6,5,5,ศาลาประจ าหมู่บ้านบ้านไสเลียบ,473,395,5,location_exact_normalized,1.0,
พัทลุง,อำเภอป่าพะยอม,เกาะเต่า,2,ศูนย์เรียนรู้บ้านไสเลียบ,7.8321524,99.8957282,ป่าพะยอม,เกาะเต่า,7,6,5,ศูนย์เรียนรู้บ้านไสเลียบ,623,396,5,location_exact_normalized,1.0,
พัทลุง,อำเภอป่าพะยอม,เกาะเต่า,2,ศาลาประจำหมู่บ้านบ้านปากเหมือง,7.77781,99.8342437,ป่าพะยอม,เกาะเต่า,8,7,6,ศาลาประจ าหมู่บ้านบ้านปากเหมือง,555,397,5,location_exact_normalized,1.0,
พัทลุง,อำเภอป่าพะยอม,เกาะเต่า,2,ศาลาประจำหมู่บ้านบ้านประชาสามัคคี,7.7700709,99.8878507,ป่าพะยอม,เกาะเต่า,9,8,7,ศาลาประจ าหมู่บ้านบ้านประชาสามัคคี,477,398,5,location_exact_normalized,1.0,
พัทลุง,อำเภอป่าพะยอม,เกาะเต่า,2,ศาลาประจำหมู่บ้านบ้านหนำวัว,7.784332600000001,99.8515593,ป่าพะยอม,เกาะเต่า,10,9,8,ศาลาประจ าหมู่บ้านบ้านหน าวัว,621,399,5,location_exact_normalized,1.0,
พัทลุง,อำเภอป่าพะยอม,เกาะเต่า,2,ศาลาประจำหมู่บ้านบ้านควนตะแบก,7.849026500000001,99.8403959,ป่าพะยอม,เกาะเต่า,11,10,9,ศาลาประจ าหมู่บ้านบ้านควนตะแบก,737,400,5,location_exact_normalized,1.0,
พัทลุง,อำเภอป่าพะยอม,เกาะเต่า,2,ศาลาประจำหมู่บ้านบ้านห้วยปริง,7.819731300000001,99.9013657,ป่าพะยอม,เกาะเต่า,12,11,10,ศาลาประจ าหมู่บ้านบ้านห้วยปริง,854,401,5,location_exact_normalized,1.0,
พัทลุง,อำเภอป่าพะยอม,เกาะเต่า,2,ศาลาประจำหมู่บ้านบ้านเกาะยวน,7.8504642,99.8934354,ป่าพะยอม,เกาะเต่า,13,12,11,ศาลาประจ าหมู่บ้านบ้านเกาะยวน,585,402,5,location_exact_normalized,1.0,
พัทลุง,อำเภอป่าพะยอม,เกาะเต่า,2,ศาลาประจำหมู่บ้านบ้านห้วยไม้ไผ่,7.76993,99.835768,ป่าพะยอม,เกาะเต่า,14,13,12,ศาลาประจ าหมู่บ้านบ้านห้วยไม้ไผ่,705,403,5,location_exact_normalized,1.0,
พัทลุง,อำเภอป่าพะยอม,เกาะเต่า,2,ศาลาประจำหมู่บ้านบ้านนา,7.838677,99.863101,ป่าพะยอม,เกาะเต่า,15,14,13,ศาลาประจ าหมู่บ้านบ้านนา,943,404,5,location_exact_normalized,1.0,
พัทลุง,อำเภอป่าพะยอม,บ้านพร้าว,2,เต๊นท์บริเวณตลาดใหม่ป่าพะยอม,7.814176799999999,99.9520961,ป่าพะยอม,บ้านพร้าว,1,0,1,เต้นท์บริเวณตลาดใหม่ป่าพะยอม,564,413,5,location_fuzzy,0.9643,
พัทลุง,อำเภอป่าพะยอม,บ้านพร้าว,2,ศาลาประจำหมู่บ้านบ้านพร้าว,7.8144408,99.9409196,ป่าพะยอม,บ้านพร้าว,2,1,1,ศาลาประจ าหมู่บ้านบ้านพร้าว,553,414,5,location_exact_normalized,1.0,
พัทลุง,อำเภอป่าพะยอม,บ้านพร้าว,2,ศาลาประจำหมู่บ้านบ้านตลิ่งชัน,7.7965689,99.92745370000002,ป่าพะยอม,บ้านพร้าว,3,2,2,ศาลาประจ าหมู่บ้านบ้านตลิ่งชัน,727,415,5,location_exact_normalized,1.0,
พัทลุง,อำเภอป่าพะยอม,บ้านพร้าว,2,ศาลาประจำหมู่บ้านบ้านศาลาน้ำ,7.830872999999999,99.930464,ป่าพะยอม,บ้านพร้าว,4,3,3,ศาลาประจ าหมู่บ้านบ้านศาลาน ้า,802,416,5,location_exact_normalized,1.0,
พัทลุง,อำเภอป่าพะยอม,บ้านพร้าว,2,ศาลาประจำหมู่บ้านบ้านบ่อทราย,7.836562000000001,99.9709605,ป่าพะยอม,บ้านพร้าว,5,4,4,ศาลาประจ าหมู่บ้านบ้านบ่อทราย,419,417,5,location_exact_normalized,1.0,
พัทลุง,อำเภอป่าพะยอม,บ้านพร้าว,2,ศาลาประจำหมู่บ้านบ้านไสอ้อ,7.8144408,99.9409196,ป่าพะยอม,บ้านพร้าว,6,5,5,ศาลาประจ าหมู่บ้านบ้านไสอ้อ,313,418,5,location_exact_normalized,1.0,
พัทลุง,อำเภอป่าพะยอม,บ้านพร้าว,2,ศาลาประจำหมู่บ้านบ้านหาดสูง,7.8144408,99.9409196,ป่าพะยอม,บ้านพร้าว,7,6,6,ศาลาประจ าหมู่บ้านบ้านหาดสูง,767,419,5,location_exact_normalized,1.0,
พัทลุง,อำเภอป่าพะยอม,บ้านพร้าว,2,ศาลาประจำหมู่บ้านบ้านไสกล้วย,7.8144408,99.9409196,ป่าพะยอม,บ้านพร้าว,8,7,7,ศาลาประจ าหมู่บ้านบ้านไสกล้วย,468,420,5,location_exact_normalized,1.0,
พัทลุง,อำเภอป่าพะยอม,บ้านพร้าว,2,ศาลาประจำหมู่บ้านบ้านหน้าป่า,7.7994581,99.9130875,ป่าพะยอม,บ้านพร้าว,9,8,8,ศาลาประจ าหมู่บ้านบ้านหน้าป่า,833,421,5,location_exact_normalized,1.0,
พัทลุง,อำเภอป่าพะยอม,บ้านพร้าว,2,ศาลาประจำหมู่บ้านบ้านไผ่รอบ,7.8144408,99.9409196,ป่าพะยอม,บ้านพร้าว,10,9,9,ศาลาประจ าหมู่บ้านบ้านไผ่รอบ,810,422,5,location_exact_normalized,1.0,
พัทลุง,อำเภอป่าพะยอม,บ้านพร้าว,2,ศาลาประจำหมู่บ้านบ้านบ่อทรายใน,7.836562000000001,99.9709605,ป่าพะยอม,บ้านพร้าว,11,10,10,ศาลาประจ าหมู่บ้านบ้านบ่อทรายใน,602,423,5,location_exact_normalized,1.0,
พัทลุง,อำเภอศรีนครินทร์,อ่างทอง,2,ศาลาประจำหมู่บ้านบ้านประดู่,7.5629896,99.9241575,ศรีนครินทร์,อ่างทอง,1,0,1,ศาลาประจ าหมู่บ้านบ้านประดู่,535,473,7,location_exact_normalized,1.0,
พัทลุง,อำเภอศรีนครินทร์,อ่างทอง,2,ศาลาอเนกประสงค์บ้านสวนหลวง,7.5564909,99.9744535,ศรีนครินทร์,อ่างทอง,2,1,2,ศาลาอเนกประสงค์บ้านสวนหลวง,490,474,7,location_exact_normalized,1.0,
พัทลุง,อำเภอศรีนครินทร์,อ่างทอง,2,ศาลาประจำหมู่บ้านบ้านอ่างทอง,7.5564909,99.9744535,ศรีนครินทร์,อ่างทอง,3,2,3,ศาลาประจ าหมู่บ้านบ้านอ่างทอง,618,475,7,location_exact_normalized,1.0,
พัทลุง,อำเภอศรีนครินทร์,อ่างทอง,2,ศาลาอเนกประสงค์บ้านโหล๊ะหนุน,7.5505741,99.9603319,ศรีนครินทร์,อ่างทอง,4,3,4,ศาลาอเนกประสงค์บ้านโหล๊ะหนุน,676,476,7,location_exact_normalized,1.0,
พัทลุง,อำเภอศรีนครินทร์,อ่างทอง,2,ศาลาอเนกประสงค์บ้านปากแพรก,7.5564909,99.9744535,ศรีนครินทร์,อ่างทอง,5,4,5,ศาลาเอนกประสงค์บ้านปากแพรก,347,477,7,location_fuzzy,0.9615,
พัทลุง,อำเภอศรีนครินทร์,อ่างทอง,2,ศาลาประจำหมู่บ้านบ้านเกาะเหรียง,7.5629896,99.9241575,ศรีนครินทร์,อ่างทอง,6,5,6,ศาลาประจ าหมู่บ้านบ้านเกาะเหรียง,272,478,7,location_exact_normalized,1.0,
พัทลุง,อำเภอศรีนครินทร์,อ่างทอง,2,ศาลาอเนกประสงค์บ้านต้นตอ,7.5564909,99.9744535,ศรีนครินทร์,อ่างทอง,7,6,7,ศาลาเอนกประสงค์บ้านต้นตอ,389,479,7,location_fuzzy,0.9583,
พัทลุง,อำเภอศรีนครินทร์,อ่างทอง,2,ศาลาอเนกประสงค์บ้านเกาะขัน,7.5564909,99.9744535,ศรีนครินทร์,อ่างทอง,8,7,8,ศาลาอเนกประสงค์บ้านเกาะขัน,279,480,7,location_exact_normalized,1.0,
พัทลุง,อำเภอศรีนครินทร์,ลำสินธุ์,2,ศาลาประจำหมู่บ้านบ้านคลองหมวย,7.565728799999999,99.9318053,ศรีนครินทร์,ล าสินธุ์,1,0,1,ศาลาประจ าหมู่บ้านบ้านคลองหมวย,687,464,7,location_exact_normalized,1.0,
พัทลุง,อำเภอศรีนครินทร์,ลำสินธุ์,2,ศาลาประจำหมู่บ้านบ้านสวนหมาก,7.5045591,99.9073986,ศรีนครินทร์,ล าสินธุ์,2,1,2,ศาลาประจ าหมู่บ้านบ้านสวนหมาก,488,465,7,location_exact_normalized,1.0,
พัทลุง,อำเภอศรีนครินทร์,ลำสินธุ์,2,ศาลาประจำหมู่บ้านบ้านลำสินธุ์,7.533063,99.937284,ศรีนครินทร์,ล าสินธุ์,3,2,3,ศาลาประจ าหมู่บ้านบ้านล าสินธุ์,635,466,7,location_exact_normalized,1.0,
พัทลุง,อำเภอศรีนครินทร์,ลำสินธุ์,2,ศาลาประจำหมู่บ้านบ้านห้วยทำผัง,7.5045591,99.9073986,ศรีนครินทร์,ล าสินธุ์,4,3,4,ศาลาประจ าหมู่บ้านบ้านห้วยท าผัง,261,467,7,location_exact_normalized,1.0,
พัทลุง,อำเภอศรีนครินทร์,ลำสินธุ์,2,ศาลาประจำหมู่บ้านบ้านโหล๊ะไฟ,7.507218399999999,99.9070129,ศรีนครินทร์,ล าสินธุ์,5,4,5,ศาลาประจ าหมู่บ้านบ้านโหล๊ะไฟ,483,468,7,location_exact_normalized,1.0,
พัทลุง,อำเภอศรีนครินทร์,ลำสินธุ์,2,ศาลาประจำหมู่บ้านบ้านโตน,7.501031,99.9085119,ศรีนครินทร์,ล าสินธุ์,6,5,6,ศาลาประจ าหมู่บ้านบ้านโตน,690,469,7,location_exact_normalized,1.0,
พัทลุง,อำเภอศรีนครินทร์,ลำสินธุ์,2,ศาลาประจำหมู่บ้านบ้านขาม,7.508669999999999,99.921707,ศรีนครินทร์,ล าสินธุ์,7,6,7,ศาลาประจ าหมู่บ้านบ้านขาม,716,470,7,location_exact_normalized,1.0,
พัทลุง,อำเภอศรีนครินทร์,ลำสินธุ์,2,ศาลาประจำหมู่บ้านบ้านลำสินธุ์เหนือ,7.533063,99.937284,ศรีนครินทร์,ล าสินธุ์,8,7,8,ศาลาประจ าหมู่บ้านบ้านล าสินธุ์เหนือ,728,471,7,location_exact_normalized,1.0,
พัทลุง,อำเภอศรีนครินทร์,ลำสินธุ์,2,ศาลาประจำหมู่บ้านบ้านโหล๊ะอม,7.5045591,99.9073986,ศรีนครินทร์,ล าสินธุ์,9,8,9,ศาลาประจ าหมู่บ้านบ้านโหล๊ะอม,312,472,7,location_exact_normalized,1.0,
พัทลุง,ท้องถิ่นเทศบาลตำบลชะรัด,ชะรัด,2,ศาลาประจำหมู่บ้านบ้านต้นประดู่,7.4710752,99.9927726,กงหรา,ชะรัด(เทศบาล),1,0,1,ศาลาประจ าหมู่บ้านบ้านต้นประดู่,702,516,8,location_exact_normalized,1.0,
พัทลุง,ท้องถิ่นเทศบาลตำบลชะรัด,ชะรัด,2,ศาลาประจำหมู่บ้านบ้านวังปริง,7.477495999999999,100.0135447,กงหรา,ชะรัด(เทศบาล),2,1,2,ศาลาประจ าหมู่บ้านบ้านวังปริง,515,517,8,location_exact_normalized,1.0,
พัทลุง,ท้องถิ่นเทศบาลตำบลชะรัด,ชะรัด,2,ศาลาประจำหมู่บ้านบ้านหัวหรั่ง,7.471108099999999,100.0050042,กงหรา,ชะรัด(เทศบาล),3,2,3,ศาลาประจ าหมู่บ้านบ้านหัวหรั่ง,752,518,8,location_exact_normalized,1.0,
พัทลุง,ท้องถิ่นเทศบาลตำบลชะรัด,ชะรัด,2,ศาลาประจำหมู่บ้านบ้านท่ายาง,7.470731900000001,99.9856344,กงหรา,ชะรัด(เทศบาล),4,3,4,ศาลาประจ าหมู่บ้านบ้านท่ายาง,432,519,8,location_exact_normalized,1.0,
พัทลุง,ท้องถิ่นเทศบาลตำบลชะรัด,ชะรัด,2,อาคารสำนักงานเทศบาลตำบลชะรัด,7.471220799999999,99.979161,กงหรา,ชะรัด(เทศบาล),5,4,5,อาคารส านักงานเทศบาลต าบลชะรัด,534,520,8,location_exact_normalized,1.0,
พัทลุง,ท้องถิ่นเทศบาลตำบลชะรัด,ชะรัด,2,ศาลาอเนกประสงค์บ้านนามะพร้าว,7.470731900000001,99.9856344,กงหรา,ชะรัด(เทศบาล),7,6,6,ศาลาอเนกประสงค์บ้านนามะพร้าว,385,522,8,location_exact_normalized,1.0,
พัทลุง,ท้องถิ่นเทศบาลตำบลชะรัด,ชะรัด,2,ศูนย์ถ่ายทอดเทคโนโลยีตำบลชะรัด,7.470731900000001,99.9856344,กงหรา,ชะรัด(เทศบาล),8,7,7,ศูนย์ถ่ายทอดเทคโนโลยีต าบลชะรัด,717,523,8,location_exact_normalized,1.0,
พัทลุง,ท้องถิ่นเทศบาลตำบลชะรัด,ชะรัด,2,ศาลาประจำหมู่บ้านบ้านหูเล่,7.470731900000001,99.9856344,กงหรา,ชะรัด(เทศบาล),9,8,8,ศาลาประจ าหมู่บ้านบ้านหูเล่,456,524,8,location_exact_normalized,1.0,
พัทลุง,ท้องถิ่นเทศบาลตำบลชะรัด,ชะรัด,2,ศาลาประจำหมู่บ้านบ้านสะพานแต้ว,7.470731900000001,99.9856344,กงหรา,ชะรัด(เทศบาล),10,9,9,ศาลาประจ าหมู่บ้านบ้านสะพานแต้ว,609,525,8,location_exact_normalized,1.0,
พัทลุง,ท้องถิ่นเทศบาลตำบลชุมพล,ชุมพล,2,ศาลาประจำหมู่บ้านบ้านชุมพล,7.6050041,99.9493424,ศรีนครินทร์,ชุมพล(เทศบาล),1,0,1,ศาลาประจ าหมู่บ้านบ้านชุมพล,732,493,7,location_exact_normalized,1.0,
พัทลุง,ท้องถิ่นเทศบาลตำบลชุมพล,ชุมพล,2,ศาลาประจำหมู่บ้านบ้านหนองปริง,7.6050041,99.9493424,ศรีนครินทร์,ชุมพล(เทศบาล),2,1,2,ศาลาประจ าหมู่บ้านบ้านหนองปริง,432,494,7,location_exact_normalized,1.0,
พัทลุง,ท้องถิ่นเทศบาลตำบลชุมพล,ชุมพล,2,ศาลาประจำหมู่บ้านบ้านหนองเสม็ด,7.615725099999999,99.9576849,ศรีนครินทร์,ชุมพล(เทศบาล),3,2,3,ศาลาประจ าหมู่บ้านบ้านหนองเสม็ด,434,495,7,location_exact_normalized,1.0,
พัทลุง,ท้องถิ่นเทศบาลตำบลชุมพล,ชุมพล,2,ศาลาการเปรียญวัดลำกะ,7.5827562,99.9618832,ศรีนครินทร์,ชุมพล(เทศบาล),4,3,3,ศาลาการเปรียญวัดล ากะ,816,496,7,location_exact_normalized,1.0,
พัทลุง,ท้องถิ่นเทศบาลตำบลชุมพล,ชุมพล,2,ศาลาประจำหมู่บ้านบ้านห้วยไทร,7.615725099999999,99.9576849,ศรีนครินทร์,ชุมพล(เทศบาล),5,4,4,ศาลาประจ าหมู่บ้านบ้านห้วยไทร,459,497,7,location_exact_normalized,1.0,
พัทลุง,ท้องถิ่นเทศบาลตำบลชุมพล,ชุมพล,2,ศาลาประจำหมู่บ้านบ้านหนองหาญ (หนองโหล๊ะ),7.6050041,99.9493424,ศรีนครินทร์,ชุมพล(เทศบาล),6,5,5,ศาลาประจ าหมู่บ้านบ้านหนองหาญ (หนองโหล๊ะ),617,498,8,location_exact_normalized,1.0,
พัทลุง,ท้องถิ่นเทศบาลตำบลชุมพล,ชุมพล,2,ศาลาอเนกประสงค์บ้านทุ่งยวน,7.6050041,99.9493424,ศรีนครินทร์,ชุมพล(เทศบาล),7,6,6,ศาลาอเนกประสงค์บ้านทุ่งยวน,319,499,8,location_exact_normalized,1.0,
พัทลุง,ท้องถิ่นเทศบาลตำบลชุมพล,ชุมพล,2,ศาลาประจำหมู่บ้านบ้านควนดินสอ,7.6050041,99.9493424,ศรีนครินทร์,ชุมพล(เทศบาล),8,7,7,ศาลาประจ าหมู่บ้านบ้านควนดินสอ,804,500,8,location_exact_normalized,1.0,
พัทลุง,ท้องถิ่นเทศบาลตำบลชุมพล,ชุมพล,2,ศาลาอเนกประสงค์บ้านสวนโหนด,7.650070299999999,99.9772486,ศรีนครินทร์,ชุมพล(เทศบาล),9,8,8,ศาลาอเนกประสงค์บ้านสวนโหนด,346,501,8,location_exact_normalized,1.0,
พัทลุง,ท้องถิ่นเทศบาลตำบลชุมพล,ชุมพล,2,ศาลาประจำหมู่บ้านบ้านหนองหว้า,17.0245089,102.9780981,ศรีนครินทร์,ชุมพล(เทศบาล),10,9,9,ศาลาประจ าหมู่บ้านบ้านหนองหว้า,401,502,8,location_exact_normalized,1.0,
พัทลุง,ท้องถิ่นเทศบาลตำบลชุมพล,ชุมพล,2,ศาลาประจำหมู่บ้านบ้านลำกะ,7.6050041,99.9493424,ศรีนครินทร์,ชุมพล(เทศบาล),11,10,10,ศาลาประจ าหมู่บ้านบ้านล ากะ,650,503,8,location_exact_normalized,1.0,
พัทลุง,ท้องถิ่นเทศบาลตำบลชุมพล,ชุมพล,2,ศาลาประจำหมู่บ้านบ้านต้นธง,7.6050041,99.9493424,ศรีนครินทร์,ชุมพล(เทศบาล),12,11,11,ศาลาประจ าหมู่บ้านบ้านต้นธง,297,504,8,location_exact_normalized,1.0,
พัทลุง,ท้องถิ่นเทศบาลตำบลชุมพล,ชุมพล,2,ศาลาประจำหมู่บ้านบ้านนารา,7.615725099999999,99.9576849,ศรีนครินทร์,ชุมพล(เทศบาล),13,12,12,ศาลาประจ าหมู่บ้านบ้านนารา,300,505,8,location_exact_normalized,1.0,
พัทลุง,ท้องถิ่นเทศบาลตำบลชุมพล,ชุมพล,2,ศาลาประจำหมู่บ้านบ้านหนองโหรง,7.615725099999999,99.9576849,ศรีนครินทร์,ชุมพล(เทศบาล),14,13,13,ศาลาประจ าหมู่บ้านบ้านหนองโหรง,335,506,8,location_exact_normalized,1.0,
พัทลุง,ท้องถิ่นเทศบาลตำบลชุมพล,ชุมพล,2,ศาลาประจำหมู่บ้านบ้านชุมทอง,7.6050041,99.9493424,ศรีนครินทร์,ชุมพล(เทศบาล),15,14,14,ศาลาประจ าหมู่บ้านบ้านชุมทอง,287,507,8,location_exact_normalized,1.0,
พัทลุง,ท้องถิ่นเทศบาลตำบลบ้านนา,บ้านนา,2,ศาลาอเนกประสงค์ ร.ร.บ้านนาวง,7.586495599999999,99.8579768,ศรีนครินทร์,บ้านนา(เทศบาล),1,0,1,ศาลาอเนกประสงค์  ร.ร.บ้านนาวง,837,481,7,location_exact_normalized,1.0,
พัทลุง,ท้องถิ่นเทศบาลตำบลบ้านนา,บ้านนา,2,ศาลาประจำหมู่บ้านบ้านลำใน,7.55964,99.885151,ศรีนครินทร์,บ้านนา(เทศบาล),2,1,2,ศาลาประจ าหมู่บ้านบ้านล าใน,215,482,7,location_exact_normalized,1.0,
พัทลุง,ท้องถิ่นเทศบาลตำบลบ้านนา,บ้านนา,2,ศาลาการเปรียญวัดบ้านนา,7.562269,99.9131441,ศรีนครินทร์,บ้านนา(เทศบาล),3,2,3,ศาลาการเปรียญวัดบ้านนา,652,483,7,location_exact_normalized,1.0,
พัทลุง,ท้องถิ่นเทศบาลตำบลบ้านนา,บ้านนา,2,ศูนย์ส่งเสริมสุขภาพราษฎร,7.5640073,99.8794744,ศรีนครินทร์,บ้านนา(เทศบาล),4,3,4,ศูนย์ส่งเสริมสุขภาพราษฎร,497,484,7,location_exact_normalized,1.0,
พัทลุง,ท้องถิ่นเทศบาลตำบลบ้านนา,บ้านนา,2,ศาลาประจำหมู่บ้านบ้านต้นไทร,7.569812799999999,99.8929252,ศรีนครินทร์,บ้านนา(เทศบาล),5,4,5,ศาลาประจ าหมู่บ้านบ้านต้นไทร,389,485,7,location_exact_normalized,1.0,
พัทลุง,ท้องถิ่นเทศบาลตำบลบ้านนา,บ้านนา,2,ศาลาอเนกประสงค์บ้านตีนนา,7.5640073,99.8794744,ศรีนครินทร์,บ้านนา(เทศบาล),6,5,6,ศาลาอเนกประสงค์บ้านตีนนา,534,486,7,location_exact_normalized,1.0,
พัทลุง,ท้องถิ่นเทศบาลตำบลบ้านนา,บ้านนา,2,ศาลาอเนกประสงค์บ้านหนองเหรียง,7.5621172,99.8859108,ศรีนครินทร์,บ้านนา(เทศบาล),7,6,7,ศาลาอเนกประสงค์บ้านหนองเหรียง,492,487,7,location_exact_normalized,1.0,
พัทลุง,ท้องถิ่นเทศบาลตำบลบ้านนา,บ้านนา,2,ศาลาประจำหมู่บ้านบ้านคอกเสือ,7.5640073,99.8794744,ศรีนครินทร์,บ้านนา(เทศบาล),8,7,8,ศาลาประจ าหมู่บ้านบ้านคอกเสือ,723,488,7,location_exact_normalized,1.0,
พัทลุง,ท้องถิ่นเทศบาลตำบลบ้านนา,บ้านนา,2,ศาลาประจำหมู่บ้านบ้านวงค์,7.5640073,99.8794744,ศรีนครินทร์,บ้านนา(เทศบาล),9,8,9,ศาลาประจ าหมู่บ้านบ้านวงศ์,407,489,7,location_fuzzy,0.96,
พัทลุง,ท้องถิ่นเทศบาลตำบลบ้านนา,บ้านนา,2,ศาลาอเนกประสงค์บ้านป่าสน,7.5640073,99.8794744,ศรีนครินทร์,บ้านนา(เทศบาล),10,9,10,ศาลาอเนกประสงค์บ้านป่าสน,424,490,7,location_exact_normalized,1.0,
พัทลุง,ท้องถิ่นเทศบาลตำบลบ้านนา,บ้านนา,2,ศาลาประจำหมู่บ้านบ้านน้ำใต้บ่อ,7.576822099999999,99.8753746,ศรีนครินทร์,บ้านนา(เทศบาล),11,10,11,ศาลาประจ าหมู่บ้านบ้านน ้าใต้บ่อ,519,491,7,location_exact_normalized,1.0,
พัทลุง,ท้องถิ่นเทศบาลตำบลบ้านนา,บ้านนา,2,ที่ทำการกลุ่มแม่บ้านลำในใต้,7.5640073,99.8794744,ศรีนครินทร์,บ้านนา(เทศบาล),12,11,12,ที่ท าการกลุ่มสตรีบ้านล าในใต้,454,492,7,location_fuzzy,0.8727,
พัทลุง,ท้องถิ่นเทศบาลตำบลลานข่อย,ลานข่อย,2,ศาลาประจำหมู่บ้านบ้านลานข่อย,7.8872993,99.8553365,ป่าพะยอม,ลานข่อย,1,0,1,ศาลาประจ าหมู่บ้านบ้านลานข่อย,440,424,5,location_exact_normalized,1.0,
พัทลุง,ท้องถิ่นเทศบาลตำบลลานข่อย,ลานข่อย,2,ศาลาการเปรียญวัดลานข่อย,7.8875764,99.87482,ป่าพะยอม,ลานข่อย,2,1,1,ศาลาการเปรียญวัดลานข่อย,580,425,5,location_exact_normalized,1.0,
พัทลุง,ท้องถิ่นเทศบาลตำบลลานข่อย,ลานข่อย,2,ศาลาประจำหมู่บ้านบ้านห้วยหลุด,7.8553141,99.8013351,ป่าพะยอม,ลานข่อย,3,2,2,ศาลาประจ าหมู่บ้านบ้านห้วยหลุด,978,426,5,location_exact_normalized,1.0,
พัทลุง,ท้องถิ่นเทศบาลตำบลลานข่อย,ลานข่อย,2,ศาลาประจำหมู่บ้านบ้านทุ่งชุมพล,7.8808168,99.8327582,ป่าพะยอม,ลานข่อย,4,3,3,ศาลาประจ าหมู่บ้านบ้านทุ่งชุมพล,921,427,5,location_exact_normalized,1.0,
พัทลุง,ท้องถิ่นเทศบาลตำบลลานข่อย,ลานข่อย,2,ศาลาประจำหมู่บ้านบ้านห้วยเรียน,7.821256099999999,99.8794744,ป่าพะยอม,ลานข่อย,5,4,4,ศาลาประจ าหมู่บ้านบ้านห้วยเรียน,842,428,6,location_exact_normalized,1.0,
พัทลุง,ท้องถิ่นเทศบาลตำบลลานข่อย,ลานข่อย,2,ศาลาประจำหมู่บ้านบ้านถ้ำลา,7.852371,99.797831,ป่าพะยอม,ลานข่อย,6,5,5,ศาลาประจ าหมู่บ้านบ้านถ ้าลา,488,429,6,location_exact_normalized,1.0,
พัทลุง,ท้องถิ่นเทศบาลตำบลลานข่อย,ลานข่อย,2,ศาลาประจำหมู่บ้านบ้านมาดนั่ง,7.8553141,99.8013351,ป่าพะยอม,ลานข่อย,7,6,6,ศาลาประจ าหมู่บ้านบ้านมาดนั่ง,611,430,6,location_exact_normalized,1.0,
พัทลุง,ท้องถิ่นเทศบาลตำบลลานข่อย,ลานข่อย,2,ศาลาประจำหมู่บ้านบ้านห้วยศรีเกษร,7.8684401,99.902977,ป่าพะยอม,ลานข่อย,8,7,7,ศาลาประจ าหมู่บ้านบ้านห้วยศรีเกษร,637,431,6,location_exact_normalized,1.0,
พัทลุง,ท้องถิ่นเทศบาลตำบลลานข่อย,ลานข่อย,2,ศาลาประจำหมู่บ้านบ้านห้วยรำพึง,7.8553141,99.8013351,ป่าพะยอม,ลานข่อย,9,8,8,ศาลาประจ าหมู่บ้านบ้านห้วยร าพึง,407,432,6,location_exact_normalized,1.0,
พัทลุง,ท้องถิ่นเทศบาลตำบลลานข่อย,ลานข่อย,2,ศาลาประจำหมู่บ้านบ้านควนยาว,7.8553141,99.8013351,ป่าพะยอม,ลานข่อย,10,9,9,ศาลาประจ าหมู่บ้านบ้านควนยาว,764,433,6,location_exact_normalized,1.0,
พัทลุง,ท้องถิ่นเทศบาลตำบลมะกอกเหนือ,มะกอกเหนือ,2,วัดประดู่เรียง,7.7391571,100.0863987,ควนขนุน,มะกอกเหนือ(เทศบาล),1,0,1,วัดประดู่เรียง,492,285,1,location_exact_normalized,1.0,
พัทลุง,ท้องถิ่นเทศบาลตำบลมะกอกเหนือ,มะกอกเหนือ,2,อาคารศูนย์ออกกำลังกาย (Fitness) ทต.มะกอกเหนือ,7.7416636,100.0695367,ควนขนุน,มะกอกเหนือ(เทศบาล),2,1,1,อาคารศูนย์ออกก าลังกาย (Fitness) ทต.มะกอกเหนือ,412,286,1,location_exact_normalized,1.0,
พัทลุง,ท้องถิ่นเทศบาลตำบลมะกอกเหนือ,มะกอกเหนือ,2,อาคารอเนกประสงค์(ข้างศูนย์พัฒนาเด็กเล็กบ้านปากคลอง),7.736405899999999,100.0686586,ควนขนุน,มะกอกเหนือ(เทศบาล),3,2,1,อาคารอเนกประสงค์ (ข้างศูนย์พัฒนาเด็กเล็กบ้านปากคลอง),563,287,1,location_exact_normalized,1.0,
พัทลุง,ท้องถิ่นเทศบาลตำบลมะกอกเหนือ,มะกอกเหนือ,2,ศาลาเฉลิมพระเกียรติ ร.9,7.7416636,100.0695367,ควนขนุน,มะกอกเหนือ(เทศบาล),4,3,1,ศาลาเฉลิมพระเกียรติ ร.9,366,288,2,location_exact_normalized,1.0,
พัทลุง,ท้องถิ่นเทศบาลตำบลควนขนุน,ควนขนุน,2,อาคารอเนกประสงค์ สำนักงานเทศบาลตำบลควนขนุน,7.734476799999999,100.0124479,ควนขนุน,ควนขนุน(เทศบาล),1,0,5,อาคารอเนกประสงค์ ส านักงานเทศบาลต าบลควนขนุน,349,377,4,location_exact_normalized,1.0,
พัทลุง,ท้องถิ่นเทศบาลตำบลควนขนุน,ควนขนุน,2,อาคารหอประชุม โรงเรียนบ้านควนขนุน,7.733656099999999,100.007411,ควนขนุน,ควนขนุน(เทศบาล),2,1,9,อาคารหอประชุมโรงเรียนบ้านควนขนุน,479,378,4,location_exact_normalized,1.0,
พัทลุง,ท้องถิ่นเทศบาลตำบลควนขนุน,ควนขนุน,2,ศาลาการเปรียญ วัดสุวรรณวิชัย,7.737481399999999,100.0066003,ควนขนุน,ควนขนุน(เทศบาล),3,2,9,ศาลาการเปรียญวัดสุวรรณวิชัย,599,379,4,location_exact_normalized,1.0,
พัทลุง,ท้องถิ่นเทศบาลตำบลควนขนุน,ควนขนุน,2,อาคารพ่อท่านนะ วัดสุวรรณวิชัย,7.7484794,100.0080005,ควนขนุน,ควนขนุน(เทศบาล),4,3,9,อาคารพ่อท่านนะ  วัดสุวรรณวิชัย,296,380,4,location_exact_normalized,1.0,
