pdf_page,pdf_sequence,polling_unit_no,district,source_subdistrict_pdf,moo,polling_place_pdf,registered_voters_66
1,253,1,ควนขนุน,แหลมโตนด,1,ศาลาประจ าหมู่บ้านบ้านกองเกวียน,642
1,254,2,ควนขนุน,แหลมโตนด,2,ศาลาประจ าหมู่บ้านบ้านแหลมโตนด,532
1,255,3,ควนขนุน,แหลมโตนด,3,ศาลาประจ าหมู่บ้านบ้านมาบเนียน,397
1,256,4,ควนขนุน,แหลมโตนด,4,ศาลาประจ าหมู่บ้านบ้านเตง (โคกถิน),756
1,257,5,ควนขนุน,แหลมโตนด,5,ศาลาประจ าหมู่บ้านบ้านหนองสามก้อน,408
1,258,6,ควนขนุน,แหลมโตนด,6,ศาลาประจ าหมู่บ้านบ้านทุ่งใน,270
1,259,7,ควนขนุน,แหลมโตนด,7,ศาลาประจ าหมู่บ้านบ้านบนลาน,428
1,260,8,ควนขนุน,แหลมโตนด,8,ศาลาประจ าหมู่บ้านบ้านเสือสะอาด,325
1,261,9,ควนขนุน,แหลมโตนด,9,ศาลาประจ าหมู่บ้านบ้านในตลาด,332
1,262,1,ควนขนุน,ทะเลน้อย,1,ศาลาประจ าหมู่บ้านบ้านทะเลน้อย,857
1,263,2,ควนขนุน,ทะเลน้อย,2,ศาลากลางบ้านหัวเลี้ยว,402
1,264,3,ควนขนุน,ทะเลน้อย,3,ศาลาทวดวิรุฬเจ้าแม่อุบล,480
1,265,4,ควนขนุน,ทะเลน้อย,4,ศาลาประจ าหมู่บ้านบ้านบนออก,434
1,266,5,ควนขนุน,ทะเลน้อย,5,ศาลาประจ าหมู่บ้านบ้านปลายตรอก,691
1,267,6,ควนขนุน,ทะเลน้อย,6,ศาลาประจ าหมู่บ้านบ้านโคกศักดิ์,380
1,268,7,ควนขนุน,ทะเลน้อย,7,ศูนย์ศิลปาชีพบ้านหัวป่าเขียว,443
1,269,8,ควนขนุน,ทะเลน้อย,8,ศาลาประจ าหมู่บ้านบ้านโคกเมา,557
1,270,9,ควนขนุน,ทะเลน้อย,9,ศาลาประจ าหมู่บ้านบ้านบนตก,525
1,271,10,ควนขนุน,ทะเลน้อย,10,ศาลาประจ าหมู่บ้านบ้านบนกลาง,502
1,272,1,ควนขนุน,พนางตุง,1,ศาลาประจ าหมู่บ้านบ้านทะเลน้อย,531
1,273,2,ควนขนุน,พนางตุง,2,ศาลาประจ าหมู่บ้าน หมู่ที่ 2 บ้านทะเลน้อย,496
1,274,3,ควนขนุน,พนางตุง,3,โรงเรียนควนพนางตุง,859
1,275,4,ควนขนุน,พนางตุง,4,ศาลาประจ าหมู่บ้านบ้านชายคลอง,450
1,276,5,ควนขนุน,พนางตุง,5,ศาลาประจ าหมู่บ้านบ้านท่าช้าง,841
1,277,6,ควนขนุน,พนางตุง,6,ศาลาประจ าหมู่บ้านบ้านไสคลิ้ง,815
1,278,7,ควนขนุน,พนางตุง,7,ศาลาประจ าหมู่บ้านบ้านค่าย,633
1,279,8,ควนขนุน,พนางตุง,8,ที่ท าการก านันต าบลพนางตุง,915
1,280,9,ควนขนุน,พนางตุง,9,ศาลาประจ าหมู่บ้านบ้านปากคลองเก่า,205
1,281,10,ควนขนุน,พนางตุง,10,โรงเรียนบ้านธรรมเถียร,785
1,282,11,ควนขนุน,พนางตุง,11,ศาลาประจ าหมู่บ้านบ้านไทรงาม,431
1,283,12,ควนขนุน,พนางตุง,12,ศาลาเฉลิมพระเกียรติบ้านปากห้วย,686
1,284,13,ควนขนุน,พนางตุง,13,ศาลาอเนกประสงค์หมู่ที่ 13,645
1,285,1,ควนขนุน,มะกอกเหนือ(เทศบาล),1,วัดประดู่เรียง,492
1,286,2,ควนขนุน,มะกอกเหนือ(เทศบาล),1,อาคารศูนย์ออกก าลังกาย (Fitness) ทต.มะกอกเหนือ,412
1,287,3,ควนขนุน,มะกอกเหนือ(เทศบาล),1,อาคารอเนกประสงค์ (ข้างศูนย์พัฒนาเด็กเล็กบ้านปากคลอง),563
2,288,4,ควนขนุน,มะกอกเหนือ(เทศบาล),1,ศาลาเฉลิมพระเกียรติ ร.9,366
2,289,1,ควนขนุน,มะกอกเหนือ,1,โรงอาหารโรงเรียนประดู่เรียง,676
2,290,2,ควนขนุน,มะกอกเหนือ,2,ศาลาประจ าหมู่บ้านบ้านปากคลองเก่า,127
2,291,3,ควนขนุน,มะกอกเหนือ,3,ศาลาประจ าหมู่บ้านบ้านเขาอ้อ,132
2,292,4,ควนขนุน,มะกอกเหนือ,4,ศาลาประจ าหมู่บ้านบ้านค่ายเสือ,329
2,293,5,ควนขนุน,มะกอกเหนือ,5,ศาลาประจ าหมู่บ้านบ้านนาสวน,565
2,294,6,ควนขนุน,มะกอกเหนือ,6,ศาลาเอนกประสงค์โรงเรียนวัดบ้านสวน,663
2,295,7,ควนขนุน,มะกอกเหนือ,6,ศาลาการเปรียญวัดบ้านสวน,607
2,296,8,ควนขนุน,มะกอกเหนือ,7,วัดมะกอกเหนือ,510
2,297,9,ควนขนุน,มะกอกเหนือ,8,ศาลาประจ าหมู่บ้านบ้านดอนศาลา,530
2,298,10,ควนขนุน,มะกอกเหนือ,9,ที่อ่านหนังสือประจ าหมู่บ้านบ้านไสเลียบ,209
2,299,1,ควนขนุน,โตนดด้วน,1,ศาลาประจ าหมู่บ้านบ้านไสค า,322
2,300,2,ควนขนุน,โตนดด้วน,2,ศาลาประจ าหมู่บ้านบ้านโคกโดน,751
2,301,3,ควนขนุน,โตนดด้วน,3,ศาลาประจ าหมู่บ้านบ้านหนองฟ้าผ่า,299
2,302,4,ควนขนุน,โตนดด้วน,4,ศาลาประจ าหมู่บ้านบ้านป่าตอ,291
2,303,5,ควนขนุน,โตนดด้วน,5,ศาลาประจ าหมู่บ้านบ้านวังจระเข้,668
2,304,6,ควนขนุน,โตนดด้วน,6,ศาลาประจ าหมู่บ้านบ้านหนักกุล,262
2,305,7,ควนขนุน,โตนดด้วน,7,ศาลาประจ าหมู่บ้านบ้านโคกโพธิ์,822
2,306,8,ควนขนุน,โตนดด้วน,8,ศาลาประจ าหมู่บ้านบ้านไสโดน,436
2,307,9,ควนขนุน,โตนดด้วน,9,ศาลาประจ าหมู่บ้านบ้านโตนดด้วน หมู่ที่ 9,516
2,308,10,ควนขนุน,โตนดด้วน,10,ศาลาประจ าหมู่บ้านบ้านตีนคลอง,325
2,309,11,ควนขนุน,โตนดด้วน,11,ศาลาประจ าหมู่บ้าน หมู่ที่ 11 บ้านไสเหรียง,454
2,310,1,ควนขนุน,ชะมวง,1,ศาลาประจ าหมู่บ้านบ้านชะมวง,715
2,311,2,ควนขนุน,ชะมวง,2|4,ศาลาการเปรียญวัดพิกุลทอง,257
2,312,3,ควนขนุน,ชะมวง,3,ศาลาประจ าหมู่บ้านบ้านศาลาต าเสา,646
2,313,4,ควนขนุน,ชะมวง,5,ศาลาประจ าหมู่บ้านบ้านหนักขัน,226
2,314,5,ควนขนุน,ชะมวง,6,ศาลาประจ าหมู่บ้านบ้านไสเตียน,605
2,315,6,ควนขนุน,ชะมวง,7,ศาลาประจ าหมู่บ้านบ้านค่ายไพออก,387
2,316,7,ควนขนุน,ชะมวง,8,ศาลาประจ าหมู่บ้านบ้านค่ายไพตก,448
2,317,8,ควนขนุน,ชะมวง,9,ศาลาประจ าหมู่บ้านบ้านไทรโกบ,468
2,318,9,ควนขนุน,ชะมวง,10,ศาลาประจ าหมู่บ้านบ้านหัวถนน,420
2,319,10,ควนขนุน,ชะมวง,11,ศาลาประจ าหมู่บ้านบ้านปาบ,257
2,320,11,ควนขนุน,ชะมวง,12,ศาลาประจ าหมู่บ้านบ้านสามหนอง,539
2,321,12,ควนขนุน,ชะมวง,13,ศาลาประจ าหมู่บ้านบ้านศาลาม่วง,336
2,322,13,ควนขนุน,ชะมวง,14,ศาลาประจ าหมู่บ้านบ้านไสตอ,552
3,323,14,ควนขนุน,ชะมวง,15,ศาลาประจ าหมู่บ้านบ้านหยีใน,668
3,324,15,ควนขนุน,ชะมวง,16,ศาลาประจ าหมู่บ้านบ้านไสตอตก,425
3,325,1,ควนขนุน,ดอนทราย,1,ศาลาประจ าหมู่บ้านบ้านเขากอย,254
3,326,2,ควนขนุน,ดอนทราย,2,ศาลาประจ าหมู่บ้านบ้านหม้อ,437
3,327,3,ควนขนุน,ดอนทราย,3,ศาลาประจ าหมู่บ้านบ้านเขาวัง,356
3,328,4,ควนขนุน,ดอนทราย,4,ศาลาประจ าหมู่บ้านบ้านล ารุณ,303
3,329,5,ควนขนุน,ดอนทราย,5,ศาลาประจ าหมู่บ้านบ้านควนเหลง,568
3,330,6,ควนขนุน,ดอนทราย,6,ศาลาประจ าหมู่บ้านบ้านเกาะทอง,345
3,331,7,ควนขนุน,ดอนทราย,7,ศาลาประจ าหมู่บ้านบ้านควนดินแดง,668
3,332,8,ควนขนุน,ดอนทราย,8,ศาลาประจ าหมู่บ้านบ้านจันนา,319
3,333,9,ควนขนุน,ดอนทราย,9,ศาลาประจ าหมู่บ้านบ้านไสอ้อย,698
3,334,10,ควนขนุน,ดอนทราย,10,ศาลาประจ าหมู่บ้านบ้านไสโพธิ์,463
3,335,11,ควนขนุน,ดอนทราย,11,ศาลาประจ าหมู่บ้านบ้านจันนาตก,325
3,336,1,ควนขนุน,นาขยาด,1,ศาลาประจ าหมู่บ้านบ้านศาลาต้นรักษ์,821
3,337,2,ควนขนุน,นาขยาด,2,ศาลาประจ าหมู่บ้านบ้านพังดาน,812
3,338,3,ควนขนุน,นาขยาด,3,ศาลาประจ าหมู่บ้านบ้านเกาะยาง,404
3,339,4,ควนขนุน,นาขยาด,4,ศาลาประจ าหมู่บ้านบ้านหนองในวัง,505
3,340,5,ควนขนุน,นาขยาด,5,ศาลาประจ าหมู่บ้านบ้านนาท่อม,575
3,341,6,ควนขนุน,นาขยาด,6,ศาลาประจ าหมู่บ้านบ้านขันหมู่,796
3,342,7,ควนขนุน,นาขยาด,7,ศาลาประจ าหมู่บ้านบ้านสะพานข่อย,469
3,343,8,ควนขนุน,นาขยาด,8,ศาลาประจ าหมู่บ้านบ้านโงกน ้า,476
3,344,9,ควนขนุน,นาขยาด,9,ศาลาประจ าหมู่บ้านบ้านทุ่งส าโรง,495
3,345,10,ควนขนุน,นาขยาด,10,ศาลาประจ าหมู่บ้านบ้านโรงรม,448
3,346,11,ควนขนุน,นาขยาด,11,ศาลาประจ าหมู่บ้านบ้านไสควายฟัน,474
3,347,12,ควนขนุน,นาขยาด,12,ศาลาประจ าหมู่บ้านบ้านเขาวังทอง,522
3,348,1,ควนขนุน,พนมวังก์,1,ศาลาอเนกประสงค์บ้านเขานม (อบต.หลังเก่า),455
3,349,2,ควนขนุน,พนมวังก์,2,ศาลาประจ าหมู่บ้านบ้านระหว่างควน,821
3,350,3,ควนขนุน,พนมวังก์,3,ศาลาประจ าหมู่บ้านบ้านควนปริง,693
3,351,4,ควนขนุน,พนมวังก์,4,โรงเรียนทุ่งยางเปล,656
3,352,5,ควนขนุน,พนมวังก์,5,ศาลาประจ าหมู่บ้านบ้านพนมวังก์,485
3,353,6,ควนขนุน,พนมวังก์,6,ศาลาประจ าหมู่บ้านบ้านทุ่งขึงหนัง,771
3,354,7,ควนขนุน,พนมวังก์,7,ศาลาประจ าหมู่บ้านบ้านไสยวน,631
3,355,8,ควนขนุน,พนมวังก์,8,ศาลาประจ าหมู่บ้านบ้านเกาะอ้ายเฒ่า,708
3,356,1,ควนขนุน,แพรกหา,1,ศาลาประจ าหมู่บ้านบ้านม่วงเตี้ย,779
3,357,2,ควนขนุน,แพรกหา,2,ศาลาประจ าหมู่บ้านบ้านไสขาม,441
4,358,3,ควนขนุน,แพรกหา,3,ศาลาประจ าหมู่บ้านบ้านแพรกหา,697
4,359,4,ควนขนุน,แพรกหา,4,ศาลา อพป.บ้านเขาโต๊ะบุญ,804
4,360,5,ควนขนุน,แพรกหา,5,ศาลาประจ าหมู่บ้านบ้านเขาพังอิฐ,793
4,361,6,ควนขนุน,แพรกหา,6,ศาลาประจ าหมู่บ้านบ้านเขาป้าเจ้,501
4,362,7,ควนขนุน,แพรกหา,7,ศาลาประจ าหมู่บ้านบ้านไสหยี,535
4,363,8,ควนขนุน,แพรกหา,8,ศาลาประจ าหมู่บ้านบ้านควนน้อย,469
4,364,1,ควนขนุน,ปันแต,1,ศาลาประจ าหมู่บ้านบ้านปลายคลอง,281
4,365,2,ควนขนุน,ปันแต,2,ศาลาประจ าหมู่บ้านบ้านปันแต,160
4,366,3,ควนขนุน,ปันแต,3,ศาลาประจ าหมู่บ้านบ้านส านักกอ,593
4,367,4,ควนขนุน,ปันแต,4,ศาลาประจ าหมู่บ้านบ้านปากสระ,337
4,368,5,ควนขนุน,ปันแต,5,ศาลาประจ าหมู่บ้านบ้านควนปันแต,633
4,369,6,ควนขนุน,ปันแต,6,ศาลาประจ าหมู่บ้านบ้านในไร่,602
4,370,7,ควนขนุน,ปันแต,7,ศาลาประจ าหมู่บ้านบ้านโพธิ์,246
4,371,8,ควนขนุน,ปันแต,8,ศาลาประจ าหมู่บ้านบ้านสุนทราออก,199
4,372,9,ควนขนุน,ปันแต,9,ศาลาประจ าหมู่บ้านบ้านสุนทราตก,457
4,373,10,ควนขนุน,ปันแต,10,สถานปฏิบัติธรรมบ้านไสหลวง,444
4,374,11,ควนขนุน,ปันแต,11,ศาลาประจ าหมู่บ้านบ้านทุ่งลาน,473
4,375,12,ควนขนุน,ปันแต,12,ศาลาประจ าหมู่บ้านบ้านหารเจ,383
4,376,13,ควนขนุน,ปันแต,13,ศาลาประจ าหมู่บ้านบ้านเขากลาง,242
4,377,1,ควนขนุน,ควนขนุน(เทศบาล),5,อาคารอเนกประสงค์ ส านักงานเทศบาลต าบลควนขนุน,349
4,378,2,ควนขนุน,ควนขนุน(เทศบาล),9,อาคารหอประชุมโรงเรียนบ้านควนขนุน,479
4,379,3,ควนขนุน,ควนขนุน(เทศบาล),9,ศาลาการเปรียญวัดสุวรรณวิชัย,599
4,380,4,ควนขนุน,ควนขนุน(เทศบาล),9,อาคารพ่อท่านนะ  วัดสุวรรณวิชัย,296
4,381,1,ควนขนุน,ควนขนุน,1,ศาลาประจ าหมู่บ้านบ้านควนบก,447
4,382,2,ควนขนุน,ควนขนุน,2,ศาลา อพป.บ้านดอนนูด,399
4,383,3,ควนขนุน,ควนขนุน,3,ศาลาประจ าหมู่บ้านบ้านโคกวัด,761
4,384,4,ควนขนุน,ควนขนุน,4,ศาลาประจ าหมู่บ้านบ้านโคกวา,909
4,385,5,ควนขนุน,ควนขนุน,5,ศาลาประจ าหมู่บ้านบ้านเพิง,465
4,386,6,ควนขนุน,ควนขนุน,6,ศาลาประจ าหมู่บ้านบ้านควนพลี,735
4,387,7,ควนขนุน,ควนขนุน,7,ศาลาประจ าหมู่บ้านบ้านโพธิ์,489
4,388,8,ควนขนุน,ควนขนุน,8,ศาลาประจ าหมู่บ้านบ้านข่อยม้า,256
4,389,9,ควนขนุน,ควนขนุน,9,ศาลาประจ าหมู่บ้าน หมู่ที่ 9 บ้านควนขนุน,104
4,390,1,ป่าพะยอม,เกาะเต่า,1,ศาลาประจ าหมู่บ้านบ้านไร่เจ็ดสิบ,621
4,391,2,ป่าพะยอม,เกาะเต่า,2,ศาลาประจ าหมู่บ้านบ้านห้วยกรวด,408
4,392,3,ป่าพะยอม,เกาะเต่า,3,ศาลาประจ าหมู่บ้านบ้านบางหล่อ,462
5,393,4,ป่าพะยอม,เกาะเต่า,3,ศูนย์สาธิตการตลาดบ้านบางหล่อ,660
5,394,5,ป่าพะยอม,เกาะเต่า,4,ศาลาประจ าหมู่บ้านบ้านคลองใหญ่,1005
5,395,6,ป่าพะยอม,เกาะเต่า,5,ศาลาประจ าหมู่บ้านบ้านไสเลียบ,473
5,396,7,ป่าพะยอม,เกาะเต่า,5,ศูนย์เรียนรู้บ้านไสเลียบ,623
5,397,8,ป่าพะยอม,เกาะเต่า,6,ศาลาประจ าหมู่บ้านบ้านปากเหมือง,555
5,398,9,ป่าพะยอม,เกาะเต่า,7,ศาลาประจ าหมู่บ้านบ้านประชาสามัคคี,477
5,399,10,ป่าพะยอม,เกาะเต่า,8,ศาลาประจ าหมู่บ้านบ้านหน าวัว,621
5,400,11,ป่าพะยอม,เกาะเต่า,9,ศาลาประจ าหมู่บ้านบ้านควนตะแบก,737
5,401,12,ป่าพะยอม,เกาะเต่า,10,ศาลาประจ าหมู่บ้านบ้านห้วยปริง,854
5,402,13,ป่าพะยอม,เกาะเต่า,11,ศาลาประจ าหมู่บ้านบ้านเกาะยวน,585
5,403,14,ป่าพะยอม,เกาะเต่า,12,ศาลาประจ าหมู่บ้านบ้านห้วยไม้ไผ่,705
5,404,15,ป่าพะยอม,เกาะเต่า,13,ศาลาประจ าหมู่บ้านบ้านนา,943
5,405,1,ป่าพะยอม,ป่าพะยอม,1,ศาลาประจ าหมู่บ้านบ้านสังแกระ,617
5,406,2,ป่าพะยอม,ป่าพะยอม,2,ศาลาประจ าหมู่บ้านบ้านป่าพะยอม,418
5,407,3,ป่าพะยอม,ป่าพะยอม,2,โรงเรียนอนุบาลป่าพะยอม,532
5,408,4,ป่าพะยอม,ป่าพะยอม,3,ศาลาประจ าหมู่บ้านบ้านทุ่ง,691
5,409,5,ป่าพะยอม,ป่าพะยอม,4,ศาลาประจ าหมู่บ้านบ้านประดู่หอม,505
5,410,6,ป่าพะยอม,ป่าพะยอม,5,ศาลาประจ าหมู่บ้านบ้านนาทราย,705
5,411,7,ป่าพะยอม,ป่าพะยอม,6,ศาลาประจ าหมู่บ้านบ้านโคกกอ,619
5,412,8,ป่าพะยอม,ป่าพะยอม,7,ศาลาประจ าหมู่บ้านบ้านไสกุน,743
5,413,1,ป่าพะยอม,บ้านพร้าว,1,เต้นท์บริเวณตลาดใหม่ป่าพะยอม,564
5,414,2,ป่าพะยอม,บ้านพร้าว,1,ศาลาประจ าหมู่บ้านบ้านพร้าว,553
5,415,3,ป่าพะยอม,บ้านพร้าว,2,ศาลาประจ าหมู่บ้านบ้านตลิ่งชัน,727
5,416,4,ป่าพะยอม,บ้านพร้าว,3,ศาลาประจ าหมู่บ้านบ้านศาลาน ้า,802
5,417,5,ป่าพะยอม,บ้านพร้าว,4,ศาลาประจ าหมู่บ้านบ้านบ่อทราย,419
5,418,6,ป่าพะยอม,บ้านพร้าว,5,ศาลาประจ าหมู่บ้านบ้านไสอ้อ,313
5,419,7,ป่าพะยอม,บ้านพร้าว,6,ศาลาประจ าหมู่บ้านบ้านหาดสูง,767
5,420,8,ป่าพะยอม,บ้านพร้าว,7,ศาลาประจ าหมู่บ้านบ้านไสกล้วย,468
5,421,9,ป่าพะยอม,บ้านพร้าว,8,ศาลาประจ าหมู่บ้านบ้านหน้าป่า,833
5,422,10,ป่าพะยอม,บ้านพร้าว,9,ศาลาประจ าหมู่บ้านบ้านไผ่รอบ,810
5,423,11,ป่าพะยอม,บ้านพร้าว,10,ศาลาประจ าหมู่บ้านบ้านบ่อทรายใน,602
5,424,1,ป่าพะยอม,ลานข่อย,1,ศาลาประจ าหมู่บ้านบ้านลานข่อย,440
5,425,2,ป่าพะยอม,ลานข่อย,1,ศาลาการเปรียญวัดลานข่อย,580
5,426,3,ป่าพะยอม,ลานข่อย,2,ศาลาประจ าหมู่บ้านบ้านห้วยหลุด,978
5,427,4,ป่าพะยอม,ลานข่อย,3,ศาลาประจ าหมู่บ้านบ้านทุ่งชุมพล,921
6,428,5,ป่าพะยอม,ลานข่อย,4,ศาลาประจ าหมู่บ้านบ้านห้วยเรียน,842
6,429,6,ป่าพะยอม,ลานข่อย,5,ศาลาประจ าหมู่บ้านบ้านถ ้าลา,488
6,430,7,ป่าพะยอม,ลานข่อย,6,ศาลาประจ าหมู่บ้านบ้านมาดนั่ง,611
6,431,8,ป่าพะยอม,ลานข่อย,7,ศาลาประจ าหมู่บ้านบ้านห้วยศรีเกษร,637
6,432,9,ป่าพะยอม,ลานข่อย,8,ศาลาประจ าหมู่บ้านบ้านห้วยร าพึง,407
6,433,10,ป่าพะยอม,ลานข่อย,9,ศาลาประจ าหมู่บ้านบ้านควนยาว,764
6,434,1,ศรีบรรพต,เขาย่า,1,ศาลาประจ าหมู่บ้าน บ้านส านักปราง,502
6,435,2,ศรีบรรพต,เขาย่า,2,ศาลาประจ าหมู่บ้าน บ้านสะพานยาง,478
6,436,3,ศรีบรรพต,เขาย่า,3,ศาลาประจ าหมู่บ้าน บ้านม่วง,648
6,437,4,ศรีบรรพต,เขาย่า,4,ศาลาประจ าหมู่บ้าน บ้านเขาย่าออก,518
6,438,5,ศรีบรรพต,เขาย่า,5,ศาลาประจ าหมู่บ้าน บ้านโหล๊ะเร็ดตก,567
6,439,6,ศรีบรรพต,เขาย่า,6,ศาลาประจ าหมู่บ้าน บ้านเขาย่าตก,574
6,440,7,ศรีบรรพต,เขาย่า,7,ศาลาประจ าหมู่บ้าน บ้านโพรงงู,651
6,441,8,ศรีบรรพต,เขาย่า,8,ศาลาประจ าหมู่บ้าน บ้านโหล๊ะเร็ดออก,656
6,442,9,ศรีบรรพต,เขาย่า,9,ศาลาประจ าหมู่บ้าน บ้านส านักวา,445
6,443,10,ศรีบรรพต,เขาย่า,10,ศาลาประจ าหมู่บ้าน บ้านหูหนาน,520
6,444,1,ศรีบรรพต,เขาปู่,1,ศาลาประจ าหมู่บ้าน บ้านหน้าวัด,447
6,445,2,ศรีบรรพต,เขาปู่,2,ศาลาประจ าหมู่บ้าน บ้านใสประดู่,615
6,446,3,ศรีบรรพต,เขาปู่,3,ศาลาประจ าหมู่บ้าน บ้านควนลม,235
6,447,4,ศรีบรรพต,เขาปู่,4,ศาลาประจ าหมู่บ้าน บ้านทุ่งยูง,390
6,448,5,ศรีบรรพต,เขาปู่,5,ศาลาประจ าหมู่บ้าน บ้านด่าน,303
6,449,6,ศรีบรรพต,เขาปู่,6,ศาลาประจ าหมู่บ้าน บ้านเหรียงงาม,619
6,450,7,ศรีบรรพต,เขาปู่,7,ศาลาประจ าหมู่บ้าน บ้านเขาป้าแหร้,459
6,451,8,ศรีบรรพต,เขาปู่,8,ศาลาประจ าหมู่บ้าน บ้านป่าตอ,564
6,452,9,ศรีบรรพต,เขาปู่,9,ศาลาประจ าหมู่บ้าน บ้านในวัง,326
6,453,10,ศรีบรรพต,เขาปู่,10,ศาลาประจ าหมู่บ้าน บ้านโหล๊ะปราง,299
6,454,11,ศรีบรรพต,เขาปู่,11,ศาลาประจ าหมู่บ้าน บ้านเขาปู่,436
6,455,1,ศรีบรรพต,ตะแพน,1,ศาลาประจ าหมู่บ้าน บ้านสวนโหนด,397
6,456,2,ศรีบรรพต,ตะแพน,2,โรงอาหารโรงเรียนวัดตะแพน,713
6,457,3,ศรีบรรพต,ตะแพน,3,ศาลาประจ าหมู่บ้าน บ้านวังยาว,398
6,458,4,ศรีบรรพต,ตะแพน,4,ศาลาประจ าหมู่บ้าน บ้านห้วยครก,161
6,459,5,ศรีบรรพต,ตะแพน,5,ศาลาประจ าหมู่บ้าน บ้านท่ายูง,633
6,460,6,ศรีบรรพต,ตะแพน,6,ศาลาประจ าหมู่บ้าน บ้านหน้าควน,460
6,461,7,ศรีบรรพต,ตะแพน,7,โรงอาหารโรงเรียนบ้านหัสคุณ,742
6,462,8,ศรีบรรพต,ตะแพน,8,ส านักสงฆ์บ้านท่าข้าม,389
7,463,9,ศรีบรรพต,ตะแพน,9,อาคารโรงเรียนบ้านสวนโหนด,429
7,464,1,ศรีนครินทร์,ล าสินธุ์,1,ศาลาประจ าหมู่บ้านบ้านคลองหมวย,687
7,465,2,ศรีนครินทร์,ล าสินธุ์,2,ศาลาประจ าหมู่บ้านบ้านสวนหมาก,488
7,466,3,ศรีนครินทร์,ล าสินธุ์,3,ศาลาประจ าหมู่บ้านบ้านล าสินธุ์,635
7,467,4,ศรีนครินทร์,ล าสินธุ์,4,ศาลาประจ าหมู่บ้านบ้านห้วยท าผัง,261
7,468,5,ศรีนครินทร์,ล าสินธุ์,5,ศาลาประจ าหมู่บ้านบ้านโหล๊ะไฟ,483
7,469,6,ศรีนครินทร์,ล าสินธุ์,6,ศาลาประจ าหมู่บ้านบ้านโตน,690
7,470,7,ศรีนครินทร์,ล าสินธุ์,7,ศาลาประจ าหมู่บ้านบ้านขาม,716
7,471,8,ศรีนครินทร์,ล าสินธุ์,8,ศาลาประจ าหมู่บ้านบ้านล าสินธุ์เหนือ,728
7,472,9,ศรีนครินทร์,ล าสินธุ์,9,ศาลาประจ าหมู่บ้านบ้านโหล๊ะอม,312
7,473,1,ศรีนครินทร์,อ่างทอง,1,ศาลาประจ าหมู่บ้านบ้านประดู่,535
7,474,2,ศรีนครินทร์,อ่างทอง,2,ศาลาอเนกประสงค์บ้านสวนหลวง,490
7,475,3,ศรีนครินทร์,อ่างทอง,3,ศาลาประจ าหมู่บ้านบ้านอ่างทอง,618
7,476,4,ศรีนครินทร์,อ่างทอง,4,ศาลาอเนกประสงค์บ้านโหล๊ะหนุน,676
7,477,5,ศรีนครินทร์,อ่างทอง,5,ศาลาเอนกประสงค์บ้านปากแพรก,347
7,478,6,ศรีนครินทร์,อ่างทอง,6,ศาลาประจ าหมู่บ้านบ้านเกาะเหรียง,272
7,479,7,ศรีนครินทร์,อ่างทอง,7,ศาลาเอนกประสงค์บ้านต้นตอ,389
7,480,8,ศรีนครินทร์,อ่างทอง,8,ศาลาอเนกประสงค์บ้านเกาะขัน,279
7,481,1,ศรีนครินทร์,บ้านนา(เทศบาล),1,ศาลาอเนกประสงค์  ร.ร.บ้านนาวง,837
7,482,2,ศรีนครินทร์,บ้านนา(เทศบาล),2,ศาลาประจ าหมู่บ้านบ้านล าใน,215
7,483,3,ศรีนครินทร์,บ้านนา(เทศบาล),3,ศาลาการเปรียญวัดบ้านนา,652
7,484,4,ศรีนครินทร์,บ้านนา(เทศบาล),4,ศูนย์ส่งเสริมสุขภาพราษฎร,497
7,485,5,ศรีนครินทร์,บ้านนา(เทศบาล),5,ศาลาประจ าหมู่บ้านบ้านต้นไทร,389
7,486,6,ศรีนครินทร์,บ้านนา(เทศบาล),6,ศาลาอเนกประสงค์บ้านตีนนา,534
7,487,7,ศรีนครินทร์,บ้านนา(เทศบาล),7,ศาลาอเนกประสงค์บ้านหนองเหรียง,492
7,488,8,ศรีนครินทร์,บ้านนา(เทศบาล),8,ศาลาประจ าหมู่บ้านบ้านคอกเสือ,723
7,489,9,ศรีนครินทร์,บ้านนา(เทศบาล),9,ศาลาประจ าหมู่บ้านบ้านวงศ์,407
7,490,10,ศรีนครินทร์,บ้านนา(เทศบาล),10,ศาลาอเนกประสงค์บ้านป่าสน,424
7,491,11,ศรีนครินทร์,บ้านนา(เทศบาล),11,ศาลาประจ าหมู่บ้านบ้านน ้าใต้บ่อ,519
7,492,12,ศรีนครินทร์,บ้านนา(เทศบาล),12,ที่ท าการกลุ่มสตรีบ้านล าในใต้,454
7,493,1,ศรีนครินทร์,ชุมพล(เทศบาล),1,ศาลาประจ าหมู่บ้านบ้านชุมพล,732
7,494,2,ศรีนครินทร์,ชุมพล(เทศบาล),2,ศาลาประจ าหมู่บ้านบ้านหนองปริง,432
7,495,3,ศรีนครินทร์,ชุมพล(เทศบาล),3,ศาลาประจ าหมู่บ้านบ้านหนองเสม็ด,434
7,496,4,ศรีนครินทร์,ชุมพล(เทศบาล),3,ศาลาการเปรียญวัดล ากะ,816
7,497,5,ศรีนครินทร์,ชุมพล(เทศบาล),4,ศาลาประจ าหมู่บ้านบ้านห้วยไทร,459
8,498,6,ศรีนครินทร์,ชุมพล(เทศบาล),5,ศาลาประจ าหมู่บ้านบ้านหนองหาญ (หนองโหล๊ะ),617
8,499,7,ศรีนครินทร์,ชุมพล(เทศบาล),6,ศาลาอเนกประสงค์บ้านทุ่งยวน,319
8,500,8,ศรีนครินทร์,ชุมพล(เทศบาล),7,ศาลาประจ าหมู่บ้านบ้านควนดินสอ,804
8,501,9,ศรีนครินทร์,ชุมพล(เทศบาล),8,ศาลาอเนกประสงค์บ้านสวนโหนด,346
8,502,10,ศรีนครินทร์,ชุมพล(เทศบาล),9,ศาลาประจ าหมู่บ้านบ้านหนองหว้า,401
8,503,11,ศรีนครินทร์,ชุมพล(เทศบาล),10,ศาลาประจ าหมู่บ้านบ้านล ากะ,650
8,504,12,ศรีนครินทร์,ชุมพล(เทศบาล),11,ศาลาประจ าหมู่บ้านบ้านต้นธง,297
8,505,13,ศรีนครินทร์,ชุมพล(เทศบาล),12,ศาลาประจ าหมู่บ้านบ้านนารา,300
8,506,14,ศรีนครินทร์,ชุมพล(เทศบาล),13,ศาลาประจ าหมู่บ้านบ้านหนองโหรง,335
8,507,15,ศรีนครินทร์,ชุมพล(เทศบาล),14,ศาลาประจ าหมู่บ้านบ้านชุมทอง,287
8,508,1,กงหรา,สมหวัง,1,ศาลาประจ าหมู่บ้านบ้านคลองล า,386
8,509,2,กงหรา,สมหวัง,2,ศาลาประชาร่วมใจ (ช่องเตย),778
8,510,3,กงหรา,สมหวัง,3,ศาลาประจ าหมู่บ้านบ้านสมหวังตก,508
8,511,4,กงหรา,สมหวัง,4,โรงเรียนวัดหวัง,478
8,512,5,กงหรา,สมหวัง,4,ศาลาการเปรียญวัดสมหวัง,483
8,513,6,กงหรา,สมหวัง,5,ศาลาประจ าหมู่บ้านบ้านไสคุณเปลือย,464
8,514,7,กงหรา,สมหวัง,6,ศาลาประจ าหมู่บ้านบ้านพรุนาแด้,526
8,515,8,กงหรา,สมหวัง,7,ศาลาประจ าหมู่บ้านบ้านทุ่งเลียบ,234
8,516,1,กงหรา,ชะรัด(เทศบาล),1,ศาลาประจ าหมู่บ้านบ้านต้นประดู่,702
8,517,2,กงหรา,ชะรัด(เทศบาล),2,ศาลาประจ าหมู่บ้านบ้านวังปริง,515
8,518,3,กงหรา,ชะรัด(เทศบาล),3,ศาลาประจ าหมู่บ้านบ้านหัวหรั่ง,752
8,519,4,กงหรา,ชะรัด(เทศบาล),4,ศาลาประจ าหมู่บ้านบ้านท่ายาง,432
8,520,5,กงหรา,ชะรัด(เทศบาล),5,อาคารส านักงานเทศบาลต าบลชะรัด,534
8,521,6,กงหรา,ชะรัด(เทศบาล),5,อาคารส านักงานเทศบาลต าบลชะรัด,539
8,522,7,กงหรา,ชะรัด(เทศบาล),6,ศาลาอเนกประสงค์บ้านนามะพร้าว,385
8,523,8,กงหรา,ชะรัด(เทศบาล),7,ศูนย์ถ่ายทอดเทคโนโลยีต าบลชะรัด,717
8,524,9,กงหรา,ชะรัด(เทศบาล),8,ศาลาประจ าหมู่บ้านบ้านหูเล่,456
8,525,10,กงหรา,ชะรัด(เทศบาล),9,ศาลาประจ าหมู่บ้านบ้านสะพานแต้ว,609
