province,registrar,subdistrict,electorate,location,latitude,longitude
พัทลุง,อำเภอกงหรา,สมหวัง,2,ศาลาประจำหมู่บ้านบ้านคลองลำ,7.5077431,100.0024084
พัทลุง,อำเภอกงหรา,สมหวัง,2,ศาลาประชาร่วมใจ (ช่องเตย),7.5077431,100.0024084
พัทลุง,อำเภอกงหรา,สมหวัง,2,ศาลาประจำหมู่บ้านบ้านสมหวังตก,7.52108,100.008
พัทลุง,อำเภอกงหรา,สมหวัง,2,โรงเรียนวัดหวัง,7.5076504,99.9837692
พัทลุง,อำเภอกงหรา,สมหวัง,2,ศาลาการเปรียญวัดสมหวัง,7.507084499999999,99.9848915
พัทลุง,อำเภอกงหรา,สมหวัง,2,ศาลาประจำหมู่บ้านบ้านไสคุณเปลือย,7.4978326,100.015403
พัทลุง,อำเภอกงหรา,สมหวัง,2,ศาลาประจำหมู่บ้านบ้านพรุนาแด้,7.4922222,100.0025
พัทลุง,อำเภอกงหรา,สมหวัง,2,ศาลาประจำหมู่บ้านบ้านทุ่งเลียบ,7.550502400000001,100.0024084
พัทลุง,อำเภอควนขนุน,ควนขนุน,2,ศาลาประจำหมู่บ้านบ้านควนบก,7.7485644,100.007979
พัทลุง,อำเภอควนขนุน,ควนขนุน,2,ศาลา อพป.บ้านดอนนูด,7.7484794,100.0080005
พัทลุง,อำเภอควนขนุน,ควนขนุน,2,ศาลาประจำหมู่บ้านบ้านโคกวัด,7.747440399999999,99.9966606
พัทลุง,อำเภอควนขนุน,ควนขนุน,2,ศาลาประจำหมู่บ้านบ้านโคกวา,7.7516832,100.0132899
พัทลุง,อำเภอควนขนุน,ควนขนุน,2,ศาลาประจำหมู่บ้านบ้านเพิง,7.764699,100.0024084
พัทลุง,อำเภอควนขนุน,ควนขนุน,2,ศาลาประจำหมู่บ้านบ้านควนพลี,7.7625474,100.0007649
พัทลุง,อำเภอควนขนุน,ควนขนุน,2,ศาลาประจำหมู่บ้านบ้านโพธิ์,7.764699,100.0024084
พัทลุง,อำเภอควนขนุน,ควนขนุน,2,ศาลาประจำหมู่บ้านบ้านข่อยม้า,7.764699,100.0024084
พัทลุง,อำเภอควนขนุน,ควนขนุน,2,ศาลาประจำหมู่บ้าน หมู่ที่ 9 บ้านควนขนุน,7.735698699999999,100.0077949
พัทลุง,อำเภอควนขนุน,ทะเลน้อย,2,ศาลาประจำหมู่บ้านบ้านทะเลน้อย,7.7777536,100.1167953
พัทลุง,อำเภอควนขนุน,ทะเลน้อย,2,ศาลากลางบ้านหัวเลี้ยว,7.782416400000001,100.1591213
พัทลุง,อำเภอควนขนุน,ทะเลน้อย,2,ศาลาทวดวิรุฬเจ้าแม่อุบล,7.7872498,100.1162419
พัทลุง,อำเภอควนขนุน,ทะเลน้อย,2,ศาลาประจำหมู่บ้านบ้านบนออก,7.3838149,100.2598974
พัทลุง,อำเภอควนขนุน,ทะเลน้อย,2,ศาลาประจำหมู่บ้านบ้านปลายตรอก,7.3838149,100.2598974
พัทลุง,อำเภอควนขนุน,ทะเลน้อย,2,ศาลาประจำหมู่บ้านบ้านโคกศักดิ์,7.814868300000001,100.1479182
พัทลุง,อำเภอควนขนุน,ทะเลน้อย,2,ศูนย์ศิลปาชีพบ้านหัวป่าเขียว,7.876837900000001,100.0242995
พัทลุง,อำเภอควนขนุน,ทะเลน้อย,2,ศาลาประจำหมู่บ้านบ้านโคกเมา,7.814868300000001,100.1479182
พัทลุง,อำเภอควนขนุน,ทะเลน้อย,2,ศาลาประจำหมู่บ้านบ้านบนตก,7.3838149,100.2598974
พัทลุง,อำเภอควนขนุน,ทะเลน้อย,2,ศาลาประจำหมู่บ้านบ้านบนกลาง,7.3838149,100.2598974
พัทลุง,อำเภอควนขนุน,นาขยาด,2,ศาลาประจำหมู่บ้านบ้านศาลาต้นรักษ์,7.679982700000001,99.9576849
พัทลุง,อำเภอควนขนุน,นาขยาด,2,ศาลาประจำหมู่บ้านบ้านพังดาน,7.670382399999999,99.9823069
พัทลุง,อำเภอควนขนุน,นาขยาด,2,ศาลาประจำหมู่บ้านบ้านเกาะยาง,7.685908899999999,99.9794414
พัทลุง,อำเภอควนขนุน,นาขยาด,2,ศาลาประจำหมู่บ้านบ้านหนองในวัง,7.679982700000001,99.9576849
พัทลุง,อำเภอควนขนุน,นาขยาด,2,ศาลาประจำหมู่บ้านบ้านนาท่อม,7.591457699999999,100.0019597
พัทลุง,อำเภอควนขนุน,นาขยาด,2,ศาลาประจำหมู่บ้านบ้านขันหมู่,7.668115999999999,99.955747
พัทลุง,อำเภอควนขนุน,นาขยาด,2,ศาลาประจำหมู่บ้านบ้านสะพานข่อย,7.6901421,99.9402381
พัทลุง,อำเภอควนขนุน,นาขยาด,2,ศาลาประจำหมู่บ้านบ้านโงกน้ำ,7.707698400000001,99.9269198
พัทลุง,อำเภอควนขนุน,นาขยาด,2,ศาลาประจำหมู่บ้านบ้านทุ่งสำโรง,7.679982700000001,99.9576849
พัทลุง,อำเภอควนขนุน,นาขยาด,2,ศาลาประจำหมู่บ้านบ้านโรงรม,7.679982700000001,99.9576849
พัทลุง,อำเภอควนขนุน,นาขยาด,2,ศาลาประจำหมู่บ้านบ้านไสควายฟัน,7.679982700000001,99.9576849
พัทลุง,อำเภอควนขนุน,นาขยาด,2,ศาลาประจำหมู่บ้านบ้านเขาวังทอง,7.679982700000001,99.9576849
พัทลุง,อำเภอควนขนุน,พนมวังก์,2,ศาลาอเนกประสงค์บ้านเขานม (อบต.หลังเก่า),7.6738819,100.0809748
พัทลุง,อำเภอควนขนุน,พนมวังก์,2,ศาลาประจำหมู่บ้านบ้านระหว่างควน,7.6920875,100.0469114
พัทลุง,อำเภอควนขนุน,พนมวังก์,2,ศาลาประจำหมู่บ้านบ้านควนปริง,7.681553500000001,100.0052044
พัทลุง,อำเภอควนขนุน,พนมวังก์,2,โรงเรียนทุ่งยางเปล,7.653512500000001,100.0357031
พัทลุง,อำเภอควนขนุน,พนมวังก์,2,ศาลาประจำหมู่บ้านบ้านพนมวังก์,7.3838149,100.2598974
พัทลุง,อำเภอควนขนุน,พนมวังก์,2,ศาลาประจำหมู่บ้านบ้านทุ่งขึงหนัง,7.6731922,100.0191857
พัทลุง,อำเภอควนขนุน,พนมวังก์,2,ศาลาประจำหมู่บ้านบ้านไสยวน,7.688851199999999,100.0064228
พัทลุง,อำเภอควนขนุน,พนมวังก์,2,ศาลาประจำหมู่บ้านบ้านเกาะอ้ายเฒ่า,7.697101200000001,100.0275755
พัทลุง,อำเภอควนขนุน,แหลมโตนด,2,ศาลาประจำหมู่บ้านบ้านกองเกวียน,7.828554299999999,100.0247788
พัทลุง,อำเภอควนขนุน,แหลมโตนด,2,ศาลาประจำหมู่บ้านบ้านแหลมโตนด,7.812371,100.049519
พัทลุง,อำเภอควนขนุน,แหลมโตนด,2,ศาลาประจำหมู่บ้านบ้านมาบเนียน,7.838152273124791,100.0744355760674
พัทลุง,อำเภอควนขนุน,แหลมโตนด,2,ศาลาประจำหมู่บ้านบ้านเตง(โคกถิน),7.838233,100.0031462
พัทลุง,อำเภอควนขนุน,แหลมโตนด,2,ศาลาประจำหมู่บ้านบ้านหนองสามก้อน,7.828554299999999,100.0247788
พัทลุง,อำเภอควนขนุน,แหลมโตนด,2,ศาลาประจำหมู่บ้านบ้านทุ่งใน,7.828554299999999,100.0247788
พัทลุง,อำเภอควนขนุน,แหลมโตนด,2,ศาลาประจำหมู่บ้านบ้านบนลาน,7.3838149,100.2598974
พัทลุง,อำเภอควนขนุน,แหลมโตนด,2,ศาลประจำหมู่บ้านบ้านเสือสะอาด,7.828554299999999,100.0247788
พัทลุง,อำเภอควนขนุน,แหลมโตนด,2,ศาลาประจำหมู่บ้านบ้านในตลาด,7.3838149,100.2598974
พัทลุง,อำเภอควนขนุน,ปันแต,2,ศาลาประจำหมู่บ้านบ้านปลายคลอง,7.792807099999998,100.0611429
พัทลุง,อำเภอควนขนุน,ปันแต,2,ศาลาประจำหมู่บ้านบ้านปันแต,7.791803600000001,100.0351252
พัทลุง,อำเภอควนขนุน,ปันแต,2,ศาลาประจำหมู่บ้านบ้านสำนักกอ,7.804429099999999,100.0067757
พัทลุง,อำเภอควนขนุน,ปันแต,2,ศาลาประจำหมู่บ้านบ้านปากสระ,7.804978500000001,100.0569463
พัทลุง,อำเภอควนขนุน,ปันแต,2,ศาลาประจำหมู่บ้านบ้านควนปันแต,7.8043368,100.0275755
พัทลุง,อำเภอควนขนุน,ปันแต,2,ศาลาประจำหมู่บ้านบ้านในไร่,7.7882409,100.0275755
พัทลุง,อำเภอควนขนุน,ปันแต,2,ศาลาประจำหมู่บ้านบ้านโพธิ์,7.7850935,100.0471549
พัทลุง,อำเภอควนขนุน,ปันแต,2,ศาลาประจำหมู่บ้านบ้านสุนทราออก,7.782078799999999,100.0611429
พัทลุง,อำเภอควนขนุน,ปันแต,2,ศาลาประจำหมู่บ้านบ้านสุนทราตก,7.782478,100.0443576
พัทลุง,อำเภอควนขนุน,ปันแต,2,สถานปฏิบัติธรรมบ้านไสหลวง,7.7735798,100.0289689
พัทลุง,อำเภอควนขนุน,ปันแต,2,ศาลาประจำหมู่บ้านบ้านทุ่งลาน,7.734939400000001,100.0100936
พัทลุง,อำเภอควนขนุน,ปันแต,2,ศาลาประจำหมู่บ้านบ้านหารเจ,7.791652699999999,99.9968167
พัทลุง,อำเภอควนขนุน,ปันแต,2,ศาลาประจำหมู่บ้านบ้านเขากลาง,7.762721,100.0576457
พัทลุง,อำเภอควนขนุน,โตนดด้วน,2,ศาลาประจำหมู่บ้านบ้านไสคำ,7.7160528,100.0191857
พัทลุง,อำเภอควนขนุน,โตนดด้วน,2,ศาลาประจำหมู่บ้านบ้านโคกโดน,7.713701899999998,100.0255558
พัทลุง,อำเภอควนขนุน,โตนดด้วน,2,ศาลาประจำหมู่บ้านบ้านหนองฟ้าผ่า,7.7243442,100.0433388
พัทลุง,อำเภอควนขนุน,โตนดด้วน,2,ศาลาประจำหมู่บ้านบ้านป่าตอ,7.7285293,100.0221358
พัทลุง,อำเภอควนขนุน,โตนดด้วน,2,ศาลาประจำหมู่บ้านบ้านวังจระเข้,7.7160528,100.0191857
พัทลุง,อำเภอควนขนุน,โตนดด้วน,2,ศาลาประจำหมู่บ้านบ้านหนักกุล,7.7160528,100.0191857
พัทลุง,อำเภอควนขนุน,โตนดด้วน,2,ศาลาประจำหมู่บ้านบ้านโคกโพธิ์,7.691745399999999,100.0315103
พัทลุง,อำเภอควนขนุน,โตนดด้วน,2,ศาลาประจำหมู่บ้านบ้านไสโดน,7.7160528,100.0191857
พัทลุง,อำเภอควนขนุน,โตนดด้วน,2,ศาลาประจำหมู่บ้านบ้านโตนดด้วน หมู่ที่ 9,7.7160528,100.0191857
พัทลุง,อำเภอควนขนุน,โตนดด้วน,2,ศาลาประจำหมู่บ้านบ้านตีนคลอง,7.7160528,100.0191857
พัทลุง,อำเภอควนขนุน,โตนดด้วน,2,ศาลาประจำหมู่บ้าน หมู่ที่ 11 บ้านไสเหรียง,7.7160528,100.0191857
พัทลุง,อำเภอควนขนุน,ดอนทราย,2,ศาลาประจำหมู่บ้านบ้านเขากอย,7.7173634,99.9632741
พัทลุง,อำเภอควนขนุน,ดอนทราย,2,ศาลาประจำหมู่บ้านบ้านหม้อ,7.7253162,99.9828919
พัทลุง,อำเภอควนขนุน,ดอนทราย,2,ศาลาประจำหมู่บ้านบ้านเขาวัง,7.7066667,99.9511111
พัทลุง,อำเภอควนขนุน,ดอนทราย,2,ศาลาประจำหมู่บ้านบ้านลำรุณ,7.7173634,99.9632741
พัทลุง,อำเภอควนขนุน,ดอนทราย,2,ศาลาประจำหมู่บ้านบ้านควนเหลง,7.7173634,99.9632741
พัทลุง,อำเภอควนขนุน,ดอนทราย,2,ศาลาประจำหมู่บ้านบ้านเกาะทอง,7.722331100000001,99.9800438
พัทลุง,อำเภอควนขนุน,ดอนทราย,2,ศาลาประจำหมู่บ้านบ้านควนดินแดง,7.7186105,99.9665503
พัทลุง,อำเภอควนขนุน,ดอนทราย,2,ศาลาประจำหมู่บ้านบ้านจันนา,7.7290582,99.9418062
พัทลุง,อำเภอควนขนุน,ดอนทราย,2,ศาลาประจำหมู่บ้านบ้านไสอ้อย,7.706008700000001,99.9771524
พัทลุง,อำเภอควนขนุน,ดอนทราย,2,ศาลาประจำหมู่บ้านบ้านไสโพธิ์,7.7714851,100.0555474
พัทลุง,อำเภอควนขนุน,ดอนทราย,2,ศาลาประจำหมู่บ้านบ้านจันนาตก,7.7290582,99.9418062
พัทลุง,อำเภอควนขนุน,มะกอกเหนือ,2,โรงอาหารโรงเรียนประดู่เรียง,7.7409914,100.0858852
พัทลุง,อำเภอควนขนุน,มะกอกเหนือ,2,ศาลาประจำหมู่บ้านบ้านปากคลองเก่า,7.739052,100.0712741
พัทลุง,อำเภอควนขนุน,มะกอกเหนือ,2,ศาลาประจำหมู่บ้านบ้านเขาอ้อ,7.7544444,100.0663889
พัทลุง,อำเภอควนขนุน,มะกอกเหนือ,2,ศาลาประจำหมู่บ้านบ้านค่ายเสือ,7.7416636,100.0695367
พัทลุง,อำเภอควนขนุน,มะกอกเหนือ,2,ศาลาประจำหมู่บ้านบ้านนาสวน,7.7416636,100.0695367
พัทลุง,อำเภอควนขนุน,มะกอกเหนือ,2,ศาลาเอนกประสงค์โรงเรียนวัดบ้านสวน,7.734133699999999,100.0518935
พัทลุง,อำเภอควนขนุน,มะกอกเหนือ,2,ศาลาการเปรียญวัดบ้านสวน,7.7335541,100.051063
พัทลุง,อำเภอควนขนุน,มะกอกเหนือ,2,วัดมะกอกเหนือ,7.713126,100.086706
พัทลุง,อำเภอควนขนุน,มะกอกเหนือ,2,ศาลาประจำหมู่บ้านบ้านดอนศาลา,7.755263100000001,100.0397776
พัทลุง,อำเภอควนขนุน,มะกอกเหนือ,2,ที่อ่านหนังสือประจำหมู่บ้านบ้านไสเลียบ,7.7416636,100.0695367
พัทลุง,อำเภอควนขนุน,พนางตุง,2,ศาลาประจำหมู่บ้านบ้านทะเลน้อย,7.7777536,100.1167953
พัทลุง,อำเภอควนขนุน,พนางตุง,2,ศาลาประจำหมู่บ้าน หมู่ที่ 2 บ้านทะเลน้อย,7.7777536,100.1167953
พัทลุง,อำเภอควนขนุน,พนางตุง,2,โรงเรียนควนพนางตุง,7.777721799999999,100.1033782
พัทลุง,อำเภอควนขนุน,พนางตุง,2,ศาลาประจำหมู่บ้านบ้านชายคลอง,7.7346142,100.1285201
พัทลุง,อำเภอควนขนุน,พนางตุง,2,ศาลาประจำหมู่บ้านบ้านท่าช้าง,7.7462876,100.1069393
พัทลุง,อำเภอควนขนุน,พนางตุง,2,ศาลาประจำหมู่บ้านบ้านไสคลิ้ง,7.7615069,100.1367166
พัทลุง,อำเภอควนขนุน,พนางตุง,2,ศาลาประจำหมู่บ้านบ้านค่าย,7.767323999999999,100.08837
พัทลุง,อำเภอควนขนุน,พนางตุง,2,ที่ทำการกำนันตำบลพนางตุง,7.7801171,100.0898175
พัทลุง,อำเภอควนขนุน,พนางตุง,2,ศาลาประจำหมู่บ้านบ้านปากคลองเก่า,7.734145599999999,100.0256023
พัทลุง,อำเภอควนขนุน,พนางตุง,2,โรงเรียนบ้านธรรมเถียร,7.789683200000001,100.0953331
พัทลุง,อำเภอควนขนุน,พนางตุง,2,ศาลาประจำหมู่บ้านบ้านไทรงาม,7.7781796,100.118286
พัทลุง,อำเภอควนขนุน,พนางตุง,2,ศาลาเฉลิมพระเกียรติบ้านปากห้วย,7.7615069,100.1367166
พัทลุง,อำเภอควนขนุน,พนางตุง,2,ศาลาเอนกประสงค์ หมู่ที่ 13,7.7615069,100.1367166
พัทลุง,อำเภอควนขนุน,ชะมวง,2,ศาลาประจำหมู่บ้านบ้านชะมวง,7.3838149,100.2598974
พัทลุง,อำเภอควนขนุน,ชะมวง,2,ศาลาการเปรียญวัดพิกุลทอง,7.7408104,99.9839132
พัทลุง,อำเภอควนขนุน,ชะมวง,2,ศาลาประจำหมู่บ้านบ้านศาลาตำเสา,7.7885424,99.9643809
พัทลุง,อำเภอควนขนุน,ชะมวง,2,ศาลาประจำหมู่บ้านบ้านหนักขัน,7.7419453,99.9723573
พัทลุง,อำเภอควนขนุน,ชะมวง,2,ศาลาประจำหมู่บ้านบ้านไสเตียน,7.753196000000001,99.9551971
พัทลุง,อำเภอควนขนุน,ชะมวง,2,ศาลาประจำหมู่บ้านบ้านค่ายไพออก,7.3838149,100.2598974
พัทลุง,อำเภอควนขนุน,ชะมวง,2,ศาลาประจำหมู่บ้านบ้านค่ายไพตก,7.3838149,100.2598974
พัทลุง,อำเภอควนขนุน,ชะมวง,2,ศาลาประจำหมู่บ้านบ้านไทรโกบ,7.7372374,99.973056
พัทลุง,อำเภอควนขนุน,ชะมวง,2,ศาลาประจำหมู่บ้านบ้านหัวถนน,7.736974900000001,99.9842367
พัทลุง,อำเภอควนขนุน,ชะมวง,2,ศาลาประจำหมู่บ้านบ้านปาบ,7.737530199999998,99.9891287
พัทลุง,อำเภอควนขนุน,ชะมวง,2,ศาลาประจำหมู่บ้านบ้านสามหนอง,7.771804299999999,99.9381744
พัทลุง,อำเภอควนขนุน,ชะมวง,2,ศาลาประจำหมู่บ้านบ้านศาลาม่วง,7.7427958,99.9646715
พัทลุง,อำเภอควนขนุน,ชะมวง,2,ศาลาประจำหมู่บ้านบ้านไสตอ,7.7851689,99.9546944
พัทลุง,อำเภอควนขนุน,ชะมวง,2,ศาลาประจำหมู่บ้านบ้านหยีใน,7.769434400000001,99.9700718
พัทลุง,อำเภอควนขนุน,ชะมวง,2,ศาลาประจำหมู่บ้านบ้านไสตอตก,7.7851689,99.9546944
พัทลุง,อำเภอควนขนุน,แพรกหา,2,ศาลาประจำหมู่บ้านบ้านม่วงเตี้ย,7.666126299999999,100.0230734
พัทลุง,อำเภอควนขนุน,แพรกหา,2,ศาลาประจำหมู่บ้านบ้านไสขาม,7.6506734,99.988483
พัทลุง,อำเภอควนขนุน,แพรกหา,2,ศาลาประจำหมู่บ้านบ้านแพรกหา,7.6503234,99.9875214
พัทลุง,อำเภอควนขนุน,แพรกหา,2,ศาลา อพป.บ้านเขาโต๊ะบุญ,7.6641667,100.0083333
พัทลุง,อำเภอควนขนุน,แพรกหา,2,ศาลาประจำหมู่บ้านบ้านเขาพังอิฐ,7.6511029,100.0082279
พัทลุง,อำเภอควนขนุน,แพรกหา,2,ศาลาประจำหมู่บ้านบ้านเขาป้าเจ้,7.6520326,100.0080005
พัทลุง,อำเภอควนขนุน,แพรกหา,2,ศาลาประจำหมู่บ้านบ้านไสหยี,7.6520326,100.0080005
พัทลุง,อำเภอควนขนุน,แพรกหา,2,ศาลาประจำหมู่บ้านบ้านควนน้อย,7.674832,100.003384
พัทลุง,อำเภอศรีบรรพต,เขาย่า,2,ศาลาประจำหมู่บ้าน บ้านสำนักปราง หมู่ที่ 1,7.728210699999999,99.9004167
พัทลุง,อำเภอศรีบรรพต,เขาย่า,2,ศาลาประจำหมู่บ้าน บ้านสะพานยาง หมู่ที่ 2,7.747962100000001,99.9157776
พัทลุง,อำเภอศรีบรรพต,เขาย่า,2,ศาลาประจำหมู่บ้าน บ้านม่วง หมู่ที่ 3,7.7458666,99.890643
พัทลุง,อำเภอศรีบรรพต,เขาย่า,2,ศาลาประจำหมู่บ้าน บ้านเขาย่าออก หมู่ที่ 4,7.7197137,99.9199675
พัทลุง,อำเภอศรีบรรพต,เขาย่า,2,ศาลาประจำหมู่บ้าน บ้านโหล๊ะเร็ดตกหมู่ที่ 5,7.7576419,99.9032094
พัทลุง,อำเภอศรีบรรพต,เขาย่า,2,ศาลาประจำหมู่บ้าน บ้านเขาย่าตก หมู่ที่ 6,7.710689700000001,99.9046058
พัทลุง,อำเภอศรีบรรพต,เขาย่า,2,ศาลาประจำหมู่บ้าน บ้านโพรงงู หมู่ที่ 7,7.729908200000001,99.8850586
พัทลุง,อำเภอศรีบรรพต,เขาย่า,2,ศาลาประจำหมู่บ้าน บ้านโหล๊ะเร็ดออก หมู่ที่ 8,7.776026099999999,99.9199675
พัทลุง,อำเภอศรีบรรพต,เขาย่า,2,ศาลาประจำหมู่บ้าน บ้านสำนักวา หมู่ที่ 9,7.7206497,99.8865912
พัทลุง,อำเภอศรีบรรพต,เขาย่า,2,ศาลาประจำหมู่บ้าน บ้านหูหนาน หมู่ที่ 10,7.737366799999999,99.9101915
พัทลุง,อำเภอศรีบรรพต,เขาปู่,2,ศาลาประจำหมู่บ้าน บ้านหน้าวัด หมู่ที่ 1,7.704519400000001,99.8236533
พัทลุง,อำเภอศรีบรรพต,เขาปู่,2,ศาลาประจำหมู่บ้าน บ้านใสประดู่ หมู่ที่ 2,7.664779900000001,99.8385881
พัทลุง,อำเภอศรีบรรพต,เขาปู่,2,ศาลาประจำหมู่บ้าน บ้านควนลม หมู่ที่ 3,7.729098599999999,99.8041245
พัทลุง,อำเภอศรีบรรพต,เขาปู่,2,ศาลาประจำหมู่บ้าน บ้านทุ่งยูง หมู่ที่ 4,7.7451902,99.8041245
พัทลุง,อำเภอศรีบรรพต,เขาปู่,2,ศาลาประจำหมู่บ้าน บ้านด่าน หมู่ที่ 5,7.717472799999999,99.8431866
พัทลุง,อำเภอศรีบรรพต,เขาปู่,2,ศาลาประจำหมู่บ้าน บ้านเหรียงงาม หมู่ที่ 6,7.7169567,99.8655158
พัทลุง,อำเภอศรีบรรพต,เขาปู่,2,ศาลาประจำหมู่บ้าน บ้านเขาป้าแหร้ หมู่ที่ 7,7.741928,99.8292338
พัทลุง,อำเภอศรีบรรพต,เขาปู่,2,ศาลาประจำหมู่บ้าน บ้านป่าตอ หมู่ที่ 8,7.699030199999999,99.8292338
พัทลุง,อำเภอศรีบรรพต,เขาปู่,2,ศาลาประจำหมู่บ้าน บ้านในวัง หมู่ที่ 9,7.704519400000001,99.8236533
พัทลุง,อำเภอศรีบรรพต,เขาปู่,2,ศาลาประจำหมู่บ้าน บ้านโหล๊ะปราง หมู่ที่ 10,7.704519400000001,99.8236533
พัทลุง,อำเภอศรีบรรพต,เขาปู่,2,ศาลาประจำหมู่บ้าน บ้านเขาปู่ หมู่ที่ 11,7.704519400000001,99.8236533
พัทลุง,อำเภอศรีบรรพต,ตะแพน,2,ศาลาประจำหมู่บ้าน บ้านสวนโหนด หมู่ที่ 1,7.6514478,99.9629591
พัทลุง,อำเภอศรีบรรพต,ตะแพน,2,โรงอาหารโรงเรียนวัดตะแพน,7.6554624,99.8766586
พัทลุง,อำเภอศรีบรรพต,ตะแพน,2,ศาลาประจำหมู่บ้าน บ้านวังยาว หมู่ที่ 3,7.639195399999998,99.8683073
พัทลุง,อำเภอศรีบรรพต,ตะแพน,2,ศาลาประจำหมู่บ้าน บ้านห้วยครก หมู่ที่ 4,7.6452374,99.8090063
พัทลุง,อำเภอศรีบรรพต,ตะแพน,2,ศาลาประจำหมู่บ้าน บ้านท่ายูง หมู่ที่ 5,7.618795599999999,99.8236533
พัทลุง,อำเภอศรีบรรพต,ตะแพน,2,ศาลาประจำหมู่บ้าน บ้านหน้าควน หมู่ที่ 6,7.6508473,99.9437136
พัทลุง,อำเภอศรีบรรพต,ตะแพน,2,โรงอาหารโรงเรียนบ้านหัสคุณ,7.6497788,99.9285556
พัทลุง,อำเภอศรีบรรพต,ตะแพน,2,สำนักสงฆ์บ้านท่าข้าม,7.6775386,99.8988081
พัทลุง,อำเภอศรีบรรพต,ตะแพน,2,อาคารโรงเรียนบ้านสวนโหนด,7.6514478,99.9629591
พัทลุง,อำเภอป่าพะยอม,ป่าพะยอม,2,ศาลาประจำหมู่บ้านบ้านสังแกระ,7.8521588,99.9353318
พัทลุง,อำเภอป่าพะยอม,ป่าพะยอม,2,ศาลาประจำหมู่บ้านบ้านป่าพะยอม,7.7542239,99.8194682
พัทลุง,อำเภอป่าพะยอม,ป่าพะยอม,2,โรงเรียนอนุบาลป่าพะยอม,7.841230299999999,99.9385037
พัทลุง,อำเภอป่าพะยอม,ป่าพะยอม,2,ศาลาประจำหมู่บ้านบ้านทุง,7.8521588,99.9353318
พัทลุง,อำเภอป่าพะยอม,ป่าพะยอม,2,ศาลาประจำหมู่บ้านบ้านประดู่หอม,7.851793,99.964334
พัทลุง,อำเภอป่าพะยอม,ป่าพะยอม,2,ศาลาประจำหมู่บ้านบ้านนาทราย,7.838677,99.863101
พัทลุง,อำเภอป่าพะยอม,ป่าพะยอม,2,ศาลาประจำหมู่บ้านบ้านโคกกอ,7.8521588,99.9353318
พัทลุง,อำเภอป่าพะยอม,ป่าพะยอม,2,ศาลาประจำหมู่บ้านบ้านไสกุน,7.8654527,99.959434
พัทลุง,อำเภอป่าพะยอม,เกาะเต่า,2,ศาลาประจำหมู่บ้านบ้านไร่เจ็ดสิบ,7.8113025,99.8459774
พัทลุง,อำเภอป่าพะยอม,เกาะเต่า,2,ศาลาประจำหมู่บ้านบ้านห้วยกรวด,7.8554397,99.9101915
พัทลุง,อำเภอป่าพะยอม,เกาะเต่า,2,ศาลาประจำหมู่บ้านบ้านบางหล่อ,7.791444299999999,99.8295765
พัทลุง,อำเภอป่าพะยอม,เกาะเต่า,2,ศูนย์สาธิตการตลาดบ้านบางหล่อ,7.791444299999999,99.8295765
พัทลุง,อำเภอป่าพะยอม,เกาะเต่า,2,ศาลาประจำหมู่บ้านบ้านคลองใหญ่,7.8265429,99.8689005
พัทลุง,อำเภอป่าพะยอม,เกาะเต่า,2,ศาลาประจำหมู่บ้านบ้านไสเลียบ,7.8321524,99.8957282
พัทลุง,อำเภอป่าพะยอม,เกาะเต่า,2,ศูนย์เรียนรู้บ้านไสเลียบ,7.8321524,99.8957282
พัทลุง,อำเภอป่าพะยอม,เกาะเต่า,2,ศาลาประจำหมู่บ้านบ้านปากเหมือง,7.77781,99.8342437
พัทลุง,อำเภอป่าพะยอม,เกาะเต่า,2,ศาลาประจำหมู่บ้านบ้านประชาสามัคคี,7.7700709,99.8878507
พัทลุง,อำเภอป่าพะยอม,เกาะเต่า,2,ศาลาประจำหมู่บ้านบ้านหนำวัว,7.784332600000001,99.8515593
พัทลุง,อำเภอป่าพะยอม,เกาะเต่า,2,ศาลาประจำหมู่บ้านบ้านควนตะแบก,7.849026500000001,99.8403959
พัทลุง,อำเภอป่าพะยอม,เกาะเต่า,2,ศาลาประจำหมู่บ้านบ้านห้วยปริง,7.819731300000001,99.9013657
พัทลุง,อำเภอป่าพะยอม,เกาะเต่า,2,ศาลาประจำหมู่บ้านบ้านเกาะยวน,7.8504642,99.8934354
พัทลุง,อำเภอป่าพะยอม,เกาะเต่า,2,ศาลาประจำหมู่บ้านบ้านห้วยไม้ไผ่,7.76993,99.835768
พัทลุง,อำเภอป่าพะยอม,เกาะเต่า,2,ศาลาประจำหมู่บ้านบ้านนา,7.838677,99.863101
พัทลุง,อำเภอป่าพะยอม,บ้านพร้าว,2,เต๊นท์บริเวณตลาดใหม่ป่าพะยอม,7.814176799999999,99.9520961
พัทลุง,อำเภอป่าพะยอม,บ้านพร้าว,2,ศาลาประจำหมู่บ้านบ้านพร้าว,7.8144408,99.9409196
พัทลุง,อำเภอป่าพะยอม,บ้านพร้าว,2,ศาลาประจำหมู่บ้านบ้านตลิ่งชัน,7.7965689,99.92745370000002
พัทลุง,อำเภอป่าพะยอม,บ้านพร้าว,2,ศาลาประจำหมู่บ้านบ้านศาลาน้ำ,7.830872999999999,99.930464
พัทลุง,อำเภอป่าพะยอม,บ้านพร้าว,2,ศาลาประจำหมู่บ้านบ้านบ่อทราย,7.836562000000001,99.9709605
พัทลุง,อำเภอป่าพะยอม,บ้านพร้าว,2,ศาลาประจำหมู่บ้านบ้านไสอ้อ,7.8144408,99.9409196
พัทลุง,อำเภอป่าพะยอม,บ้านพร้าว,2,ศาลาประจำหมู่บ้านบ้านหาดสูง,7.8144408,99.9409196
พัทลุง,อำเภอป่าพะยอม,บ้านพร้าว,2,ศาลาประจำหมู่บ้านบ้านไสกล้วย,7.8144408,99.9409196
พัทลุง,อำเภอป่าพะยอม,บ้านพร้าว,2,ศาลาประจำหมู่บ้านบ้านหน้าป่า,7.7994581,99.9130875
พัทลุง,อำเภอป่าพะยอม,บ้านพร้าว,2,ศาลาประจำหมู่บ้านบ้านไผ่รอบ,7.8144408,99.9409196
พัทลุง,อำเภอป่าพะยอม,บ้านพร้าว,2,ศาลาประจำหมู่บ้านบ้านบ่อทรายใน,7.836562000000001,99.9709605
พัทลุง,อำเภอศรีนครินทร์,อ่างทอง,2,ศาลาประจำหมู่บ้านบ้านประดู่,7.5629896,99.9241575
พัทลุง,อำเภอศรีนครินทร์,อ่างทอง,2,ศาลาอเนกประสงค์บ้านสวนหลวง,7.5564909,99.9744535
พัทลุง,อำเภอศรีนครินทร์,อ่างทอง,2,ศาลาประจำหมู่บ้านบ้านอ่างทอง,7.5564909,99.9744535
พัทลุง,อำเภอศรีนครินทร์,อ่างทอง,2,ศาลาอเนกประสงค์บ้านโหล๊ะหนุน,7.5505741,99.9603319
พัทลุง,อำเภอศรีนครินทร์,อ่างทอง,2,ศาลาอเนกประสงค์บ้านปากแพรก,7.5564909,99.9744535
พัทลุง,อำเภอศรีนครินทร์,อ่างทอง,2,ศาลาประจำหมู่บ้านบ้านเกาะเหรียง,7.5629896,99.9241575
พัทลุง,อำเภอศรีนครินทร์,อ่างทอง,2,ศาลาอเนกประสงค์บ้านต้นตอ,7.5564909,99.9744535
พัทลุง,อำเภอศรีนครินทร์,อ่างทอง,2,ศาลาอเนกประสงค์บ้านเกาะขัน,7.5564909,99.9744535
พัทลุง,อำเภอศรีนครินทร์,ลำสินธุ์,2,ศาลาประจำหมู่บ้านบ้านคลองหมวย,7.565728799999999,99.9318053
พัทลุง,อำเภอศรีนครินทร์,ลำสินธุ์,2,ศาลาประจำหมู่บ้านบ้านสวนหมาก,7.5045591,99.9073986
พัทลุง,อำเภอศรีนครินทร์,ลำสินธุ์,2,ศาลาประจำหมู่บ้านบ้านลำสินธุ์,7.533063,99.937284
พัทลุง,อำเภอศรีนครินทร์,ลำสินธุ์,2,ศาลาประจำหมู่บ้านบ้านห้วยทำผัง,7.5045591,99.9073986
พัทลุง,อำเภอศรีนครินทร์,ลำสินธุ์,2,ศาลาประจำหมู่บ้านบ้านโหล๊ะไฟ,7.507218399999999,99.9070129
พัทลุง,อำเภอศรีนครินทร์,ลำสินธุ์,2,ศาลาประจำหมู่บ้านบ้านโตน,7.501031,99.9085119
พัทลุง,อำเภอศรีนครินทร์,ลำสินธุ์,2,ศาลาประจำหมู่บ้านบ้านขาม,7.508669999999999,99.921707
พัทลุง,อำเภอศรีนครินทร์,ลำสินธุ์,2,ศาลาประจำหมู่บ้านบ้านลำสินธุ์เหนือ,7.533063,99.937284
พัทลุง,อำเภอศรีนครินทร์,ลำสินธุ์,2,ศาลาประจำหมู่บ้านบ้านโหล๊ะอม,7.5045591,99.9073986
พัทลุง,ท้องถิ่นเทศบาลตำบลชะรัด,ชะรัด,2,ศาลาประจำหมู่บ้านบ้านต้นประดู่,7.4710752,99.9927726
พัทลุง,ท้องถิ่นเทศบาลตำบลชะรัด,ชะรัด,2,ศาลาประจำหมู่บ้านบ้านวังปริง,7.477495999999999,100.0135447
พัทลุง,ท้องถิ่นเทศบาลตำบลชะรัด,ชะรัด,2,ศาลาประจำหมู่บ้านบ้านหัวหรั่ง,7.471108099999999,100.0050042
พัทลุง,ท้องถิ่นเทศบาลตำบลชะรัด,ชะรัด,2,ศาลาประจำหมู่บ้านบ้านท่ายาง,7.470731900000001,99.9856344
พัทลุง,ท้องถิ่นเทศบาลตำบลชะรัด,ชะรัด,2,อาคารสำนักงานเทศบาลตำบลชะรัด,7.471220799999999,99.979161
พัทลุง,ท้องถิ่นเทศบาลตำบลชะรัด,ชะรัด,2,ศาลาอเนกประสงค์บ้านนามะพร้าว,7.470731900000001,99.9856344
พัทลุง,ท้องถิ่นเทศบาลตำบลชะรัด,ชะรัด,2,ศูนย์ถ่ายทอดเทคโนโลยีตำบลชะรัด,7.470731900000001,99.9856344
พัทลุง,ท้องถิ่นเทศบาลตำบลชะรัด,ชะรัด,2,ศาลาประจำหมู่บ้านบ้านหูเล่,7.470731900000001,99.9856344
พัทลุง,ท้องถิ่นเทศบาลตำบลชะรัด,ชะรัด,2,ศาลาประจำหมู่บ้านบ้านสะพานแต้ว,7.470731900000001,99.9856344
พัทลุง,ท้องถิ่นเทศบาลตำบลชุมพล,ชุมพล,2,ศาลาประจำหมู่บ้านบ้านชุมพล,7.6050041,99.9493424
พัทลุง,ท้องถิ่นเทศบาลตำบลชุมพล,ชุมพล,2,ศาลาประจำหมู่บ้านบ้านหนองปริง,7.6050041,99.9493424
พัทลุง,ท้องถิ่นเทศบาลตำบลชุมพล,ชุมพล,2,ศาลาประจำหมู่บ้านบ้านหนองเสม็ด,7.615725099999999,99.9576849
พัทลุง,ท้องถิ่นเทศบาลตำบลชุมพล,ชุมพล,2,ศาลาการเปรียญวัดลำกะ,7.5827562,99.9618832
พัทลุง,ท้องถิ่นเทศบาลตำบลชุมพล,ชุมพล,2,ศาลาประจำหมู่บ้านบ้านห้วยไทร,7.615725099999999,99.9576849
พัทลุง,ท้องถิ่นเทศบาลตำบลชุมพล,ชุมพล,2,ศาลาประจำหมู่บ้านบ้านหนองหาญ (หนองโหล๊ะ),7.6050041,99.9493424
พัทลุง,ท้องถิ่นเทศบาลตำบลชุมพล,ชุมพล,2,ศาลาอเนกประสงค์บ้านทุ่งยวน,7.6050041,99.9493424
พัทลุง,ท้องถิ่นเทศบาลตำบลชุมพล,ชุมพล,2,ศาลาประจำหมู่บ้านบ้านควนดินสอ,7.6050041,99.9493424
พัทลุง,ท้องถิ่นเทศบาลตำบลชุมพล,ชุมพล,2,ศาลาอเนกประสงค์บ้านสวนโหนด,7.650070299999999,99.9772486
พัทลุง,ท้องถิ่นเทศบาลตำบลชุมพล,ชุมพล,2,ศาลาประจำหมู่บ้านบ้านหนองหว้า,17.0245089,102.9780981
พัทลุง,ท้องถิ่นเทศบาลตำบลชุมพล,ชุมพล,2,ศาลาประจำหมู่บ้านบ้านลำกะ,7.6050041,99.9493424
พัทลุง,ท้องถิ่นเทศบาลตำบลชุมพล,ชุมพล,2,ศาลาประจำหมู่บ้านบ้านต้นธง,7.6050041,99.9493424
พัทลุง,ท้องถิ่นเทศบาลตำบลชุมพล,ชุมพล,2,ศาลาประจำหมู่บ้านบ้านนารา,7.615725099999999,99.9576849
พัทลุง,ท้องถิ่นเทศบาลตำบลชุมพล,ชุมพล,2,ศาลาประจำหมู่บ้านบ้านหนองโหรง,7.615725099999999,99.9576849
พัทลุง,ท้องถิ่นเทศบาลตำบลชุมพล,ชุมพล,2,ศาลาประจำหมู่บ้านบ้านชุมทอง,7.6050041,99.9493424
พัทลุง,ท้องถิ่นเทศบาลตำบลบ้านนา,บ้านนา,2,ศาลาอเนกประสงค์ ร.ร.บ้านนาวง,7.586495599999999,99.8579768
พัทลุง,ท้องถิ่นเทศบาลตำบลบ้านนา,บ้านนา,2,ศาลาประจำหมู่บ้านบ้านลำใน,7.55964,99.885151
พัทลุง,ท้องถิ่นเทศบาลตำบลบ้านนา,บ้านนา,2,ศาลาการเปรียญวัดบ้านนา,7.562269,99.9131441
พัทลุง,ท้องถิ่นเทศบาลตำบลบ้านนา,บ้านนา,2,ศูนย์ส่งเสริมสุขภาพราษฎร,7.5640073,99.8794744
พัทลุง,ท้องถิ่นเทศบาลตำบลบ้านนา,บ้านนา,2,ศาลาประจำหมู่บ้านบ้านต้นไทร,7.569812799999999,99.8929252
พัทลุง,ท้องถิ่นเทศบาลตำบลบ้านนา,บ้านนา,2,ศาลาอเนกประสงค์บ้านตีนนา,7.5640073,99.8794744
พัทลุง,ท้องถิ่นเทศบาลตำบลบ้านนา,บ้านนา,2,ศาลาอเนกประสงค์บ้านหนองเหรียง,7.5621172,99.8859108
พัทลุง,ท้องถิ่นเทศบาลตำบลบ้านนา,บ้านนา,2,ศาลาประจำหมู่บ้านบ้านคอกเสือ,7.5640073,99.8794744
พัทลุง,ท้องถิ่นเทศบาลตำบลบ้านนา,บ้านนา,2,ศาลาประจำหมู่บ้านบ้านวงค์,7.5640073,99.8794744
พัทลุง,ท้องถิ่นเทศบาลตำบลบ้านนา,บ้านนา,2,ศาลาอเนกประสงค์บ้านป่าสน,7.5640073,99.8794744
พัทลุง,ท้องถิ่นเทศบาลตำบลบ้านนา,บ้านนา,2,ศาลาประจำหมู่บ้านบ้านน้ำใต้บ่อ,7.576822099999999,99.8753746
พัทลุง,ท้องถิ่นเทศบาลตำบลบ้านนา,บ้านนา,2,ที่ทำการกลุ่มแม่บ้านลำในใต้,7.5640073,99.8794744
พัทลุง,ท้องถิ่นเทศบาลตำบลลานข่อย,ลานข่อย,2,ศาลาประจำหมู่บ้านบ้านลานข่อย,7.8872993,99.8553365
พัทลุง,ท้องถิ่นเทศบาลตำบลลานข่อย,ลานข่อย,2,ศาลาการเปรียญวัดลานข่อย,7.8875764,99.87482
พัทลุง,ท้องถิ่นเทศบาลตำบลลานข่อย,ลานข่อย,2,ศาลาประจำหมู่บ้านบ้านห้วยหลุด,7.8553141,99.8013351
พัทลุง,ท้องถิ่นเทศบาลตำบลลานข่อย,ลานข่อย,2,ศาลาประจำหมู่บ้านบ้านทุ่งชุมพล,7.8808168,99.8327582
พัทลุง,ท้องถิ่นเทศบาลตำบลลานข่อย,ลานข่อย,2,ศาลาประจำหมู่บ้านบ้านห้วยเรียน,7.821256099999999,99.8794744
พัทลุง,ท้องถิ่นเทศบาลตำบลลานข่อย,ลานข่อย,2,ศาลาประจำหมู่บ้านบ้านถ้ำลา,7.852371,99.797831
พัทลุง,ท้องถิ่นเทศบาลตำบลลานข่อย,ลานข่อย,2,ศาลาประจำหมู่บ้านบ้านมาดนั่ง,7.8553141,99.8013351
พัทลุง,ท้องถิ่นเทศบาลตำบลลานข่อย,ลานข่อย,2,ศาลาประจำหมู่บ้านบ้านห้วยศรีเกษร,7.8684401,99.902977
พัทลุง,ท้องถิ่นเทศบาลตำบลลานข่อย,ลานข่อย,2,ศาลาประจำหมู่บ้านบ้านห้วยรำพึง,7.8553141,99.8013351
พัทลุง,ท้องถิ่นเทศบาลตำบลลานข่อย,ลานข่อย,2,ศาลาประจำหมู่บ้านบ้านควนยาว,7.8553141,99.8013351
พัทลุง,ท้องถิ่นเทศบาลตำบลมะกอกเหนือ,มะกอกเหนือ,2,วัดประดู่เรียง,7.7391571,100.0863987
พัทลุง,ท้องถิ่นเทศบาลตำบลมะกอกเหนือ,มะกอกเหนือ,2,อาคารศูนย์ออกกำลังกาย (Fitness) ทต.มะกอกเหนือ,7.7416636,100.0695367
พัทลุง,ท้องถิ่นเทศบาลตำบลมะกอกเหนือ,มะกอกเหนือ,2,อาคารอเนกประสงค์(ข้างศูนย์พัฒนาเด็กเล็กบ้านปากคลอง),7.736405899999999,100.0686586
พัทลุง,ท้องถิ่นเทศบาลตำบลมะกอกเหนือ,มะกอกเหนือ,2,ศาลาเฉลิมพระเกียรติ ร.9,7.7416636,100.0695367
พัทลุง,ท้องถิ่นเทศบาลตำบลควนขนุน,ควนขนุน,2,อาคารอเนกประสงค์ สำนักงานเทศบาลตำบลควนขนุน,7.734476799999999,100.0124479
พัทลุง,ท้องถิ่นเทศบาลตำบลควนขนุน,ควนขนุน,2,อาคารหอประชุม โรงเรียนบ้านควนขนุน,7.733656099999999,100.007411
พัทลุง,ท้องถิ่นเทศบาลตำบลควนขนุน,ควนขนุน,2,ศาลาการเปรียญ วัดสุวรรณวิชัย,7.737481399999999,100.0066003
พัทลุง,ท้องถิ่นเทศบาลตำบลควนขนุน,ควนขนุน,2,อาคารพ่อท่านนะ วัดสุวรรณวิชัย,7.7484794,100.0080005
