registrar,subdistrict,location,district,source_subdistrict_pdf,polling_unit_no,unit_index,polling_place_pdf,unit_match_method,unit_match_score,unit_match_note
อำเภอควนขนุน,แหลมโตนด,ศาลประจำหมู่บ้านบ้านเสือสะอาด,ควนขนุน,แหลมโตนด,8,7,ศาลาประจ าหมู่บ้านบ้านเสือสะอาด,location_fuzzy,0.9831,
อำเภอควนขนุน,พนางตุง,ศาลาเอนกประสงค์ หมู่ที่ 13,ควนขนุน,พนางตุง,13,12,ศาลาอเนกประสงค์หมู่ที่ 13,location_fuzzy,0.9583,
อำเภอศรีบรรพต,เขาย่า,ศาลาประจำหมู่บ้าน บ้านสำนักปราง หมู่ที่ 1,ศรีบรรพต,เขาย่า,1,0,ศาลาประจ าหมู่บ้าน บ้านส านักปราง,location_fuzzy,0.8824,
อำเภอศรีบรรพต,เขาย่า,ศาลาประจำหมู่บ้าน บ้านสะพานยาง หมู่ที่ 2,ศรีบรรพต,เขาย่า,2,1,ศาลาประจ าหมู่บ้าน บ้านสะพานยาง,location_fuzzy,0.8788,
อำเภอศรีบรรพต,เขาย่า,ศาลาประจำหมู่บ้าน บ้านม่วง หมู่ที่ 3,ศรีบรรพต,เขาย่า,3,2,ศาลาประจ าหมู่บ้าน บ้านม่วง,location_fuzzy,0.8621,
อำเภอศรีบรรพต,เขาย่า,ศาลาประจำหมู่บ้าน บ้านเขาย่าออก หมู่ที่ 4,ศรีบรรพต,เขาย่า,4,3,ศาลาประจ าหมู่บ้าน บ้านเขาย่าออก,location_fuzzy,0.8824,
อำเภอศรีบรรพต,เขาย่า,ศาลาประจำหมู่บ้าน บ้านโหล๊ะเร็ดตกหมู่ที่ 5,ศรีบรรพต,เขาย่า,5,4,ศาลาประจ าหมู่บ้าน บ้านโหล๊ะเร็ดตก,location_fuzzy,0.8889,
อำเภอศรีบรรพต,เขาย่า,ศาลาประจำหมู่บ้าน บ้านเขาย่าตก หมู่ที่ 6,ศรีบรรพต,เขาย่า,6,5,ศาลาประจ าหมู่บ้าน บ้านเขาย่าตก,location_fuzzy,0.8788,
อำเภอศรีบรรพต,เขาย่า,ศาลาประจำหมู่บ้าน บ้านโพรงงู หมู่ที่ 7,ศรีบรรพต,เขาย่า,7,6,ศาลาประจ าหมู่บ้าน บ้านโพรงงู,location_fuzzy,0.871,
อำเภอศรีบรรพต,เขาย่า,ศาลาประจำหมู่บ้าน บ้านโหล๊ะเร็ดออก หมู่ที่ 8,ศรีบรรพต,เขาย่า,8,7,ศาลาประจ าหมู่บ้าน บ้านโหล๊ะเร็ดออก,location_fuzzy,0.8919,
อำเภอศรีบรรพต,เขาย่า,ศาลาประจำหมู่บ้าน บ้านสำนักวา หมู่ที่ 9,ศรีบรรพต,เขาย่า,9,8,ศาลาประจ าหมู่บ้าน บ้านส านักวา,location_fuzzy,0.875,
อำเภอศรีบรรพต,เขาย่า,ศาลาประจำหมู่บ้าน บ้านหูหนาน หมู่ที่ 10,ศรีบรรพต,เขาย่า,10,9,ศาลาประจ าหมู่บ้าน บ้านหูหนาน,location_fuzzy,0.8571,
อำเภอศรีบรรพต,เขาปู่,ศาลาประจำหมู่บ้าน บ้านหน้าวัด หมู่ที่ 1,ศรีบรรพต,เขาปู่,1,0,ศาลาประจ าหมู่บ้าน บ้านหน้าวัด,location_fuzzy,0.875,
อำเภอศรีบรรพต,เขาปู่,ศาลาประจำหมู่บ้าน บ้านใสประดู่ หมู่ที่ 2,ศรีบรรพต,เขาปู่,2,1,ศาลาประจ าหมู่บ้าน บ้านใสประดู่,location_fuzzy,0.8788,
อำเภอศรีบรรพต,เขาปู่,ศาลาประจำหมู่บ้าน บ้านควนลม หมู่ที่ 3,ศรีบรรพต,เขาปู่,3,2,ศาลาประจ าหมู่บ้าน บ้านควนลม,location_fuzzy,0.8667,
อำเภอศรีบรรพต,เขาปู่,ศาลาประจำหมู่บ้าน บ้านทุ่งยูง หมู่ที่ 4,ศรีบรรพต,เขาปู่,4,3,ศาลาประจ าหมู่บ้าน บ้านทุ่งยูง,location_fuzzy,0.875,
อำเภอศรีบรรพต,เขาปู่,ศาลาประจำหมู่บ้าน บ้านด่าน หมู่ที่ 5,ศรีบรรพต,เขาปู่,5,4,ศาลาประจ าหมู่บ้าน บ้านด่าน,location_fuzzy,0.8621,
อำเภอศรีบรรพต,เขาปู่,ศาลาประจำหมู่บ้าน บ้านเหรียงงาม หมู่ที่ 6,ศรีบรรพต,เขาปู่,6,5,ศาลาประจ าหมู่บ้าน บ้านเหรียงงาม,location_fuzzy,0.8824,
อำเภอศรีบรรพต,เขาปู่,ศาลาประจำหมู่บ้าน บ้านเขาป้าแหร้ หมู่ที่ 7,ศรีบรรพต,เขาปู่,7,6,ศาลาประจ าหมู่บ้าน บ้านเขาป้าแหร้,location_fuzzy,0.8857,
อำเภอศรีบรรพต,เขาปู่,ศาลาประจำหมู่บ้าน บ้านป่าตอ หมู่ที่ 8,ศรีบรรพต,เขาปู่,8,7,ศาลาประจ าหมู่บ้าน บ้านป่าตอ,location_fuzzy,0.8667,
อำเภอศรีบรรพต,เขาปู่,ศาลาประจำหมู่บ้าน บ้านในวัง หมู่ที่ 9,ศรีบรรพต,เขาปู่,9,8,ศาลาประจ าหมู่บ้าน บ้านในวัง,location_fuzzy,0.8667,
อำเภอศรีบรรพต,เขาปู่,ศาลาประจำหมู่บ้าน บ้านโหล๊ะปราง หมู่ที่ 10,ศรีบรรพต,เขาปู่,10,9,ศาลาประจ าหมู่บ้าน บ้านโหล๊ะปราง,location_fuzzy,0.8696,
อำเภอศรีบรรพต,เขาปู่,ศาลาประจำหมู่บ้าน บ้านเขาปู่ หมู่ที่ 11,ศรีบรรพต,เขาปู่,11,10,ศาลาประจ าหมู่บ้าน บ้านเขาปู่,location_fuzzy,0.8571,
อำเภอศรีบรรพต,ตะแพน,ศาลาประจำหมู่บ้าน บ้านสวนโหนด หมู่ที่ 1,ศรีบรรพต,ตะแพน,1,0,ศาลาประจ าหมู่บ้าน บ้านสวนโหนด,location_fuzzy,0.875,
อำเภอศรีบรรพต,ตะแพน,ศาลาประจำหมู่บ้าน บ้านวังยาว หมู่ที่ 3,ศรีบรรพต,ตะแพน,3,2,ศาลาประจ าหมู่บ้าน บ้านวังยาว,location_fuzzy,0.871,
อำเภอศรีบรรพต,ตะแพน,ศาลาประจำหมู่บ้าน บ้านห้วยครก หมู่ที่ 4,ศรีบรรพต,ตะแพน,4,3,ศาลาประจ าหมู่บ้าน บ้านห้วยครก,location_fuzzy,0.875,
อำเภอศรีบรรพต,ตะแพน,ศาลาประจำหมู่บ้าน บ้านท่ายูง หมู่ที่ 5,ศรีบรรพต,ตะแพน,5,4,ศาลาประจ าหมู่บ้าน บ้านท่ายูง,location_fuzzy,0.871,
อำเภอศรีบรรพต,ตะแพน,ศาลาประจำหมู่บ้าน บ้านหน้าควน หมู่ที่ 6,ศรีบรรพต,ตะแพน,6,5,ศาลาประจ าหมู่บ้าน บ้านหน้าควน,location_fuzzy,0.875,
อำเภอป่าพะยอม,ป่าพะยอม,ศาลาประจำหมู่บ้านบ้านทุง,ป่าพะยอม,ป่าพะยอม,4,3,ศาลาประจ าหมู่บ้านบ้านทุ่ง,location_fuzzy,0.9796,
อำเภอป่าพะยอม,บ้านพร้าว,เต๊นท์บริเวณตลาดใหม่ป่าพะยอม,ป่าพะยอม,บ้านพร้าว,1,0,เต้นท์บริเวณตลาดใหม่ป่าพะยอม,location_fuzzy,0.9643,
อำเภอศรีนครินทร์,อ่างทอง,ศาลาอเนกประสงค์บ้านปากแพรก,ศรีนครินทร์,อ่างทอง,5,4,ศาลาเอนกประสงค์บ้านปากแพรก,location_fuzzy,0.9615,
อำเภอศรีนครินทร์,อ่างทอง,ศาลาอเนกประสงค์บ้านต้นตอ,ศรีนครินทร์,อ่างทอง,7,6,ศาลาเอนกประสงค์บ้านต้นตอ,location_fuzzy,0.9583,
ท้องถิ่นเทศบาลตำบลบ้านนา,บ้านนา,ศาลาประจำหมู่บ้านบ้านวงค์,ศรีนครินทร์,บ้านนา(เทศบาล),9,8,ศาลาประจ าหมู่บ้านบ้านวงศ์,location_fuzzy,0.96,
ท้องถิ่นเทศบาลตำบลบ้านนา,บ้านนา,ที่ทำการกลุ่มแม่บ้านลำในใต้,ศรีนครินทร์,บ้านนา(เทศบาล),12,11,ที่ท าการกลุ่มสตรีบ้านล าในใต้,location_fuzzy,0.8727,
