pdf_page,pdf_sequence,district,source_subdistrict_pdf,polling_unit_no,unit_index,moo,polling_place_pdf,registered_voters_66,province,registrar,latlong_subdistrict,latlong_location,latitude,longitude,electorate,latlong_row_id,latlong_match_method,latlong_match_score,coordinate_reused_count,merge_key_subdistrict_unit
1,253,ควนขนุน,แหลมโตนด,1,0,1,ศาลาประจ าหมู่บ้านบ้านกองเกวียน,642,พัทลุง,อำเภอควนขนุน,แหลมโตนด,ศาลาประจำหมู่บ้านบ้านกองเกวียน,7.828554299999999,100.0247788,2,47,location_exact_normalized,1.0,1,แหลมโตนด|0
1,254,ควนขนุน,แหลมโตนด,2,1,2,ศาลาประจ าหมู่บ้านบ้านแหลมโตนด,532,พัทลุง,อำเภอควนขนุน,แหลมโตนด,ศาลาประจำหมู่บ้านบ้านแหลมโตนด,7.812371,100.049519,2,48,location_exact_normalized,1.0,1,แหลมโตนด|1
1,255,ควนขนุน,แหลมโตนด,3,2,3,ศาลาประจ าหมู่บ้านบ้านมาบเนียน,397,พัทลุง,อำเภอควนขนุน,แหลมโตนด,ศาลาประจำหมู่บ้านบ้านมาบเนียน,7.838152273124791,100.0744355760674,2,49,location_exact_normalized,1.0,1,แหลมโตนด|2
1,256,ควนขนุน,แหลมโตนด,4,3,4,ศาลาประจ าหมู่บ้านบ้านเตง (โคกถิน),756,พัทลุง,อำเภอควนขนุน,แหลมโตนด,ศาลาประจำหมู่บ้านบ้านเตง(โคกถิน),7.838233,100.0031462,2,50,location_exact_normalized,1.0,1,แหลมโตนด|3
1,257,ควนขนุน,แหลมโตนด,5,4,5,ศาลาประจ าหมู่บ้านบ้านหนองสามก้อน,408,พัทลุง,อำเภอควนขนุน,แหลมโตนด,ศาลาประจำหมู่บ้านบ้านหนองสามก้อน,7.828554299999999,100.0247788,2,51,location_exact_normalized,1.0,1,แหลมโตนด|4
1,258,ควนขนุน,แหลมโตนด,6,5,6,ศาลาประจ าหมู่บ้านบ้านทุ่งใน,270,พัทลุง,อำเภอควนขนุน,แหลมโตนด,ศาลาประจำหมู่บ้านบ้านทุ่งใน,7.828554299999999,100.0247788,2,52,location_exact_normalized,1.0,1,แหลมโตนด|5
1,259,ควนขนุน,แหลมโตนด,7,6,7,ศาลาประจ าหมู่บ้านบ้านบนลาน,428,พัทลุง,อำเภอควนขนุน,แหลมโตนด,ศาลาประจำหมู่บ้านบ้านบนลาน,7.3838149,100.2598974,2,53,location_exact_normalized,1.0,1,แหลมโตนด|6
1,260,ควนขนุน,แหลมโตนด,8,7,8,ศาลาประจ าหมู่บ้านบ้านเสือสะอาด,325,พัทลุง,อำเภอควนขนุน,แหลมโตนด,ศาลประจำหมู่บ้านบ้านเสือสะอาด,7.828554299999999,100.0247788,2,54,location_fuzzy,0.9831,1,แหลมโตนด|7
1,261,ควนขนุน,แหลมโตนด,9,8,9,ศาลาประจ าหมู่บ้านบ้านในตลาด,332,พัทลุง,อำเภอควนขนุน,แหลมโตนด,ศาลาประจำหมู่บ้านบ้านในตลาด,7.3838149,100.2598974,2,55,location_exact_normalized,1.0,1,แหลมโตนด|8
1,262,ควนขนุน,ทะเลน้อย,1,0,1,ศาลาประจ าหมู่บ้านบ้านทะเลน้อย,857,พัทลุง,อำเภอควนขนุน,ทะเลน้อย,ศาลาประจำหมู่บ้านบ้านทะเลน้อย,7.7777536,100.1167953,2,17,location_exact_normalized,1.0,1,ทะเลน้อย|0
1,263,ควนขนุน,ทะเลน้อย,2,1,2,ศาลากลางบ้านหัวเลี้ยว,402,พัทลุง,อำเภอควนขนุน,ทะเลน้อย,ศาลากลางบ้านหัวเลี้ยว,7.782416400000001,100.1591213,2,18,location_exact_normalized,1.0,1,ทะเลน้อย|1
1,264,ควนขนุน,ทะเลน้อย,3,2,3,ศาลาทวดวิรุฬเจ้าแม่อุบล,480,พัทลุง,อำเภอควนขนุน,ทะเลน้อย,ศาลาทวดวิรุฬเจ้าแม่อุบล,7.7872498,100.1162419,2,19,location_exact_normalized,1.0,1,ทะเลน้อย|2
1,265,ควนขนุน,ทะเลน้อย,4,3,4,ศาลาประจ าหมู่บ้านบ้านบนออก,434,พัทลุง,อำเภอควนขนุน,ทะเลน้อย,ศาลาประจำหมู่บ้านบ้านบนออก,7.3838149,100.2598974,2,20,location_exact_normalized,1.0,1,ทะเลน้อย|3
1,266,ควนขนุน,ทะเลน้อย,5,4,5,ศาลาประจ าหมู่บ้านบ้านปลายตรอก,691,พัทลุง,อำเภอควนขนุน,ทะเลน้อย,ศาลาประจำหมู่บ้านบ้านปลายตรอก,7.3838149,100.2598974,2,21,location_exact_normalized,1.0,1,ทะเลน้อย|4
1,267,ควนขนุน,ทะเลน้อย,6,5,6,ศาลาประจ าหมู่บ้านบ้านโคกศักดิ์,380,พัทลุง,อำเภอควนขนุน,ทะเลน้อย,ศาลาประจำหมู่บ้านบ้านโคกศักดิ์,7.814868300000001,100.1479182,2,22,location_exact_normalized,1.0,1,ทะเลน้อย|5
1,268,ควนขนุน,ทะเลน้อย,7,6,7,ศูนย์ศิลปาชีพบ้านหัวป่าเขียว,443,พัทลุง,อำเภอควนขนุน,ทะเลน้อย,ศูนย์ศิลปาชีพบ้านหัวป่าเขียว,7.876837900000001,100.0242995,2,23,location_exact_normalized,1.0,1,ทะเลน้อย|6
1,269,ควนขนุน,ทะเลน้อย,8,7,8,ศาลาประจ าหมู่บ้านบ้านโคกเมา,557,พัทลุง,อำเภอควนขนุน,ทะเลน้อย,ศาลาประจำหมู่บ้านบ้านโคกเมา,7.814868300000001,100.1479182,2,24,location_exact_normalized,1.0,1,ทะเลน้อย|7
1,270,ควนขนุน,ทะเลน้อย,9,8,9,ศาลาประจ าหมู่บ้านบ้านบนตก,525,พัทลุง,อำเภอควนขนุน,ทะเลน้อย,ศาลาประจำหมู่บ้านบ้านบนตก,7.3838149,100.2598974,2,25,location_exact_normalized,1.0,1,ทะเลน้อย|8
1,271,ควนขนุน,ทะเลน้อย,10,9,10,ศาลาประจ าหมู่บ้านบ้านบนกลาง,502,พัทลุง,อำเภอควนขนุน,ทะเลน้อย,ศาลาประจำหมู่บ้านบ้านบนกลาง,7.3838149,100.2598974,2,26,location_exact_normalized,1.0,1,ทะเลน้อย|9
1,272,ควนขนุน,พนางตุง,1,0,1,ศาลาประจ าหมู่บ้านบ้านทะเลน้อย,531,พัทลุง,อำเภอควนขนุน,พนางตุง,ศาลาประจำหมู่บ้านบ้านทะเลน้อย,7.7777536,100.1167953,2,101,location_exact_normalized,1.0,1,พนางตุง|0
1,273,ควนขนุน,พนางตุง,2,1,2,ศาลาประจ าหมู่บ้าน หมู่ที่ 2 บ้านทะเลน้อย,496,พัทลุง,อำเภอควนขนุน,พนางตุง,ศาลาประจำหมู่บ้าน หมู่ที่ 2 บ้านทะเลน้อย,7.7777536,100.1167953,2,102,location_exact_normalized,1.0,1,พนางตุง|1
1,274,ควนขนุน,พนางตุง,3,2,3,โรงเรียนควนพนางตุง,859,พัทลุง,อำเภอควนขนุน,พนางตุง,โรงเรียนควนพนางตุง,7.777721799999999,100.1033782,2,103,location_exact_normalized,1.0,1,พนางตุง|2
1,275,ควนขนุน,พนางตุง,4,3,4,ศาลาประจ าหมู่บ้านบ้านชายคลอง,450,พัทลุง,อำเภอควนขนุน,พนางตุง,ศาลาประจำหมู่บ้านบ้านชายคลอง,7.7346142,100.1285201,2,104,location_exact_normalized,1.0,1,พนางตุง|3
1,276,ควนขนุน,พนางตุง,5,4,5,ศาลาประจ าหมู่บ้านบ้านท่าช้าง,841,พัทลุง,อำเภอควนขนุน,พนางตุง,ศาลาประจำหมู่บ้านบ้านท่าช้าง,7.7462876,100.1069393,2,105,location_exact_normalized,1.0,1,พนางตุง|4
1,277,ควนขนุน,พนางตุง,6,5,6,ศาลาประจ าหมู่บ้านบ้านไสคลิ้ง,815,พัทลุง,อำเภอควนขนุน,พนางตุง,ศาลาประจำหมู่บ้านบ้านไสคลิ้ง,7.7615069,100.1367166,2,106,location_exact_normalized,1.0,1,พนางตุง|5
1,278,ควนขนุน,พนางตุง,7,6,7,ศาลาประจ าหมู่บ้านบ้านค่าย,633,พัทลุง,อำเภอควนขนุน,พนางตุง,ศาลาประจำหมู่บ้านบ้านค่าย,7.767323999999999,100.08837,2,107,location_exact_normalized,1.0,1,พนางตุง|6
1,279,ควนขนุน,พนางตุง,8,7,8,ที่ท าการก านันต าบลพนางตุง,915,พัทลุง,อำเภอควนขนุน,พนางตุง,ที่ทำการกำนันตำบลพนางตุง,7.7801171,100.0898175,2,108,location_exact_normalized,1.0,1,พนางตุง|7
1,280,ควนขนุน,พนางตุง,9,8,9,ศาลาประจ าหมู่บ้านบ้านปากคลองเก่า,205,พัทลุง,อำเภอควนขนุน,พนางตุง,ศาลาประจำหมู่บ้านบ้านปากคลองเก่า,7.734145599999999,100.0256023,2,109,location_exact_normalized,1.0,1,พนางตุง|8
1,281,ควนขนุน,พนางตุง,10,9,10,โรงเรียนบ้านธรรมเถียร,785,พัทลุง,อำเภอควนขนุน,พนางตุง,โรงเรียนบ้านธรรมเถียร,7.789683200000001,100.0953331,2,110,location_exact_normalized,1.0,1,พนางตุง|9
1,282,ควนขนุน,พนางตุง,11,10,11,ศาลาประจ าหมู่บ้านบ้านไทรงาม,431,พัทลุง,อำเภอควนขนุน,พนางตุง,ศาลาประจำหมู่บ้านบ้านไทรงาม,7.7781796,100.118286,2,111,location_exact_normalized,1.0,1,พนางตุง|10
1,283,ควนขนุน,พนางตุง,12,11,12,ศาลาเฉลิมพระเกียรติบ้านปากห้วย,686,พัทลุง,อำเภอควนขนุน,พนางตุง,ศาลาเฉลิมพระเกียรติบ้านปากห้วย,7.7615069,100.1367166,2,112,location_exact_normalized,1.0,1,พนางตุง|11
1,284,ควนขนุน,พนางตุง,13,12,13,ศาลาอเนกประสงค์หมู่ที่ 13,645,พัทลุง,อำเภอควนขนุน,พนางตุง,ศาลาเอนกประสงค์ หมู่ที่ 13,7.7615069,100.1367166,2,113,location_fuzzy,0.9583,1,พนางตุง|12
1,285,ควนขนุน,มะกอกเหนือ(เทศบาล),1,0,1,วัดประดู่เรียง,492,พัทลุง,ท้องถิ่นเทศบาลตำบลมะกอกเหนือ,มะกอกเหนือ,วัดประดู่เรียง,7.7391571,100.0863987,2,264,location_exact_normalized,1.0,1,มะกอกเหนือ(เทศบาล)|0
1,286,ควนขนุน,มะกอกเหนือ(เทศบาล),2,1,1,อาคารศูนย์ออกก าลังกาย (Fitness) ทต.มะกอกเหนือ,412,พัทลุง,ท้องถิ่นเทศบาลตำบลมะกอกเหนือ,มะกอกเหนือ,อาคารศูนย์ออกกำลังกาย (Fitness) ทต.มะกอกเหนือ,7.7416636,100.0695367,2,265,location_exact_normalized,1.0,1,มะกอกเหนือ(เทศบาล)|1
1,287,ควนขนุน,มะกอกเหนือ(เทศบาล),3,2,1,อาคารอเนกประสงค์ (ข้างศูนย์พัฒนาเด็กเล็กบ้านปากคลอง),563,พัทลุง,ท้องถิ่นเทศบาลตำบลมะกอกเหนือ,มะกอกเหนือ,อาคารอเนกประสงค์(ข้างศูนย์พัฒนาเด็กเล็กบ้านปากคลอง),7.736405899999999,100.0686586,2,266,location_exact_normalized,1.0,1,มะกอกเหนือ(เทศบาล)|2
2,288,ควนขนุน,มะกอกเหนือ(เทศบาล),4,3,1,ศาลาเฉลิมพระเกียรติ ร.9,366,พัทลุง,ท้องถิ่นเทศบาลตำบลมะกอกเหนือ,มะกอกเหนือ,ศาลาเฉลิมพระเกียรติ ร.9,7.7416636,100.0695367,2,267,location_exact_normalized,1.0,1,มะกอกเหนือ(เทศบาล)|3
2,289,ควนขนุน,มะกอกเหนือ,1,0,1,โรงอาหารโรงเรียนประดู่เรียง,676,พัทลุง,อำเภอควนขนุน,มะกอกเหนือ,โรงอาหารโรงเรียนประดู่เรียง,7.7409914,100.0858852,2,91,location_exact_normalized,1.0,1,มะกอกเหนือ|0
2,290,ควนขนุน,มะกอกเหนือ,2,1,2,ศาลาประจ าหมู่บ้านบ้านปากคลองเก่า,127,พัทลุง,อำเภอควนขนุน,มะกอกเหนือ,ศาลาประจำหมู่บ้านบ้านปากคลองเก่า,7.739052,100.0712741,2,92,location_exact_normalized,1.0,1,มะกอกเหนือ|1
2,291,ควนขนุน,มะกอกเหนือ,3,2,3,ศาลาประจ าหมู่บ้านบ้านเขาอ้อ,132,พัทลุง,อำเภอควนขนุน,มะกอกเหนือ,ศาลาประจำหมู่บ้านบ้านเขาอ้อ,7.7544444,100.0663889,2,93,location_exact_normalized,1.0,1,มะกอกเหนือ|2
2,292,ควนขนุน,มะกอกเหนือ,4,3,4,ศาลาประจ าหมู่บ้านบ้านค่ายเสือ,329,พัทลุง,อำเภอควนขนุน,มะกอกเหนือ,ศาลาประจำหมู่บ้านบ้านค่ายเสือ,7.7416636,100.0695367,2,94,location_exact_normalized,1.0,1,มะกอกเหนือ|3
2,293,ควนขนุน,มะกอกเหนือ,5,4,5,ศาลาประจ าหมู่บ้านบ้านนาสวน,565,พัทลุง,อำเภอควนขนุน,มะกอกเหนือ,ศาลาประจำหมู่บ้านบ้านนาสวน,7.7416636,100.0695367,2,95,location_exact_normalized,1.0,1,มะกอกเหนือ|4
2,294,ควนขนุน,มะกอกเหนือ,6,5,6,ศาลาเอนกประสงค์โรงเรียนวัดบ้านสวน,663,พัทลุง,อำเภอควนขนุน,มะกอกเหนือ,ศาลาเอนกประสงค์โรงเรียนวัดบ้านสวน,7.734133699999999,100.0518935,2,96,location_exact_normalized,1.0,1,มะกอกเหนือ|5
2,295,ควนขนุน,มะกอกเหนือ,7,6,6,ศาลาการเปรียญวัดบ้านสวน,607,พัทลุง,อำเภอควนขนุน,มะกอกเหนือ,ศาลาการเปรียญวัดบ้านสวน,7.7335541,100.051063,2,97,location_exact_normalized,1.0,1,มะกอกเหนือ|6
2,296,ควนขนุน,มะกอกเหนือ,8,7,7,วัดมะกอกเหนือ,510,พัทลุง,อำเภอควนขนุน,มะกอกเหนือ,วัดมะกอกเหนือ,7.713126,100.086706,2,98,location_exact_normalized,1.0,1,มะกอกเหนือ|7
2,297,ควนขนุน,มะกอกเหนือ,9,8,8,ศาลาประจ าหมู่บ้านบ้านดอนศาลา,530,พัทลุง,อำเภอควนขนุน,มะกอกเหนือ,ศาลาประจำหมู่บ้านบ้านดอนศาลา,7.755263100000001,100.0397776,2,99,location_exact_normalized,1.0,1,มะกอกเหนือ|8
2,298,ควนขนุน,มะกอกเหนือ,10,9,9,ที่อ่านหนังสือประจ าหมู่บ้านบ้านไสเลียบ,209,พัทลุง,อำเภอควนขนุน,มะกอกเหนือ,ที่อ่านหนังสือประจำหมู่บ้านบ้านไสเลียบ,7.7416636,100.0695367,2,100,location_exact_normalized,1.0,1,มะกอกเหนือ|9
2,299,ควนขนุน,โตนดด้วน,1,0,1,ศาลาประจ าหมู่บ้านบ้านไสค า,322,พัทลุง,อำเภอควนขนุน,โตนดด้วน,ศาลาประจำหมู่บ้านบ้านไสคำ,7.7160528,100.0191857,2,69,location_exact_normalized,1.0,1,โตนดด้วน|0
2,300,ควนขนุน,โตนดด้วน,2,1,2,ศาลาประจ าหมู่บ้านบ้านโคกโดน,751,พัทลุง,อำเภอควนขนุน,โตนดด้วน,ศาลาประจำหมู่บ้านบ้านโคกโดน,7.713701899999998,100.0255558,2,70,location_exact_normalized,1.0,1,โตนดด้วน|1
2,301,ควนขนุน,โตนดด้วน,3,2,3,ศาลาประจ าหมู่บ้านบ้านหนองฟ้าผ่า,299,พัทลุง,อำเภอควนขนุน,โตนดด้วน,ศาลาประจำหมู่บ้านบ้านหนองฟ้าผ่า,7.7243442,100.0433388,2,71,location_exact_normalized,1.0,1,โตนดด้วน|2
2,302,ควนขนุน,โตนดด้วน,4,3,4,ศาลาประจ าหมู่บ้านบ้านป่าตอ,291,พัทลุง,อำเภอควนขนุน,โตนดด้วน,ศาลาประจำหมู่บ้านบ้านป่าตอ,7.7285293,100.0221358,2,72,location_exact_normalized,1.0,1,โตนดด้วน|3
2,303,ควนขนุน,โตนดด้วน,5,4,5,ศาลาประจ าหมู่บ้านบ้านวังจระเข้,668,พัทลุง,อำเภอควนขนุน,โตนดด้วน,ศาลาประจำหมู่บ้านบ้านวังจระเข้,7.7160528,100.0191857,2,73,location_exact_normalized,1.0,1,โตนดด้วน|4
2,304,ควนขนุน,โตนดด้วน,6,5,6,ศาลาประจ าหมู่บ้านบ้านหนักกุล,262,พัทลุง,อำเภอควนขนุน,โตนดด้วน,ศาลาประจำหมู่บ้านบ้านหนักกุล,7.7160528,100.0191857,2,74,location_exact_normalized,1.0,1,โตนดด้วน|5
2,305,ควนขนุน,โตนดด้วน,7,6,7,ศาลาประจ าหมู่บ้านบ้านโคกโพธิ์,822,พัทลุง,อำเภอควนขนุน,โตนดด้วน,ศาลาประจำหมู่บ้านบ้านโคกโพธิ์,7.691745399999999,100.0315103,2,75,location_exact_normalized,1.0,1,โตนดด้วน|6
2,306,ควนขนุน,โตนดด้วน,8,7,8,ศาลาประจ าหมู่บ้านบ้านไสโดน,436,พัทลุง,อำเภอควนขนุน,โตนดด้วน,ศาลาประจำหมู่บ้านบ้านไสโดน,7.7160528,100.0191857,2,76,location_exact_normalized,1.0,1,โตนดด้วน|7
2,307,ควนขนุน,โตนดด้วน,9,8,9,ศาลาประจ าหมู่บ้านบ้านโตนดด้วน หมู่ที่ 9,516,พัทลุง,อำเภอควนขนุน,โตนดด้วน,ศาลาประจำหมู่บ้านบ้านโตนดด้วน หมู่ที่ 9,7.7160528,100.0191857,2,77,location_exact_normalized,1.0,1,โตนดด้วน|8
2,308,ควนขนุน,โตนดด้วน,10,9,10,ศาลาประจ าหมู่บ้านบ้านตีนคลอง,325,พัทลุง,อำเภอควนขนุน,โตนดด้วน,ศาลาประจำหมู่บ้านบ้านตีนคลอง,7.7160528,100.0191857,2,78,location_exact_normalized,1.0,1,โตนดด้วน|9
2,309,ควนขนุน,โตนดด้วน,11,10,11,ศาลาประจ าหมู่บ้าน หมู่ที่ 11 บ้านไสเหรียง,454,พัทลุง,อำเภอควนขนุน,โตนดด้วน,ศาลาประจำหมู่บ้าน หมู่ที่ 11 บ้านไสเหรียง,7.7160528,100.0191857,2,79,location_exact_normalized,1.0,1,โตนดด้วน|10
2,310,ควนขนุน,ชะมวง,1,0,1,ศาลาประจ าหมู่บ้านบ้านชะมวง,715,พัทลุง,อำเภอควนขนุน,ชะมวง,ศาลาประจำหมู่บ้านบ้านชะมวง,7.3838149,100.2598974,2,114,location_exact_normalized,1.0,1,ชะมวง|0
2,311,ควนขนุน,ชะมวง,2,1,2|4,ศาลาการเปรียญวัดพิกุลทอง,257,พัทลุง,อำเภอควนขนุน,ชะมวง,ศาลาการเปรียญวัดพิกุลทอง,7.7408104,99.9839132,2,115,location_exact_normalized,1.0,1,ชะมวง|1
2,312,ควนขนุน,ชะมวง,3,2,3,ศาลาประจ าหมู่บ้านบ้านศาลาต าเสา,646,พัทลุง,อำเภอควนขนุน,ชะมวง,ศาลาประจำหมู่บ้านบ้านศาลาตำเสา,7.7885424,99.9643809,2,116,location_exact_normalized,1.0,1,ชะมวง|2
2,313,ควนขนุน,ชะมวง,4,3,5,ศาลาประจ าหมู่บ้านบ้านหนักขัน,226,พัทลุง,อำเภอควนขนุน,ชะมวง,ศาลาประจำหมู่บ้านบ้านหนักขัน,7.7419453,99.9723573,2,117,location_exact_normalized,1.0,1,ชะมวง|3
2,314,ควนขนุน,ชะมวง,5,4,6,ศาลาประจ าหมู่บ้านบ้านไสเตียน,605,พัทลุง,อำเภอควนขนุน,ชะมวง,ศาลาประจำหมู่บ้านบ้านไสเตียน,7.753196000000001,99.9551971,2,118,location_exact_normalized,1.0,1,ชะมวง|4
2,315,ควนขนุน,ชะมวง,6,5,7,ศาลาประจ าหมู่บ้านบ้านค่ายไพออก,387,พัทลุง,อำเภอควนขนุน,ชะมวง,ศาลาประจำหมู่บ้านบ้านค่ายไพออก,7.3838149,100.2598974,2,119,location_exact_normalized,1.0,1,ชะมวง|5
2,316,ควนขนุน,ชะมวง,7,6,8,ศาลาประจ าหมู่บ้านบ้านค่ายไพตก,448,พัทลุง,อำเภอควนขนุน,ชะมวง,ศาลาประจำหมู่บ้านบ้านค่ายไพตก,7.3838149,100.2598974,2,120,location_exact_normalized,1.0,1,ชะมวง|6
2,317,ควนขนุน,ชะมวง,8,7,9,ศาลาประจ าหมู่บ้านบ้านไทรโกบ,468,พัทลุง,อำเภอควนขนุน,ชะมวง,ศาลาประจำหมู่บ้านบ้านไทรโกบ,7.7372374,99.973056,2,121,location_exact_normalized,1.0,1,ชะมวง|7
2,318,ควนขนุน,ชะมวง,9,8,10,ศาลาประจ าหมู่บ้านบ้านหัวถนน,420,พัทลุง,อำเภอควนขนุน,ชะมวง,ศาลาประจำหมู่บ้านบ้านหัวถนน,7.736974900000001,99.9842367,2,122,location_exact_normalized,1.0,1,ชะมวง|8
2,319,ควนขนุน,ชะมวง,10,9,11,ศาลาประจ าหมู่บ้านบ้านปาบ,257,พัทลุง,อำเภอควนขนุน,ชะมวง,ศาลาประจำหมู่บ้านบ้านปาบ,7.737530199999998,99.9891287,2,123,location_exact_normalized,1.0,1,ชะมวง|9
2,320,ควนขนุน,ชะมวง,11,10,12,ศาลาประจ าหมู่บ้านบ้านสามหนอง,539,พัทลุง,อำเภอควนขนุน,ชะมวง,ศาลาประจำหมู่บ้านบ้านสามหนอง,7.771804299999999,99.9381744,2,124,location_exact_normalized,1.0,1,ชะมวง|10
2,321,ควนขนุน,ชะมวง,12,11,13,ศาลาประจ าหมู่บ้านบ้านศาลาม่วง,336,พัทลุง,อำเภอควนขนุน,ชะมวง,ศาลาประจำหมู่บ้านบ้านศาลาม่วง,7.7427958,99.9646715,2,125,location_exact_normalized,1.0,1,ชะมวง|11
2,322,ควนขนุน,ชะมวง,13,12,14,ศาลาประจ าหมู่บ้านบ้านไสตอ,552,พัทลุง,อำเภอควนขนุน,ชะมวง,ศาลาประจำหมู่บ้านบ้านไสตอ,7.7851689,99.9546944,2,126,location_exact_normalized,1.0,1,ชะมวง|12
3,323,ควนขนุน,ชะมวง,14,13,15,ศาลาประจ าหมู่บ้านบ้านหยีใน,668,พัทลุง,อำเภอควนขนุน,ชะมวง,ศาลาประจำหมู่บ้านบ้านหยีใน,7.769434400000001,99.9700718,2,127,location_exact_normalized,1.0,1,ชะมวง|13
3,324,ควนขนุน,ชะมวง,15,14,16,ศาลาประจ าหมู่บ้านบ้านไสตอตก,425,พัทลุง,อำเภอควนขนุน,ชะมวง,ศาลาประจำหมู่บ้านบ้านไสตอตก,7.7851689,99.9546944,2,128,location_exact_normalized,1.0,1,ชะมวง|14
3,325,ควนขนุน,ดอนทราย,1,0,1,ศาลาประจ าหมู่บ้านบ้านเขากอย,254,พัทลุง,อำเภอควนขนุน,ดอนทราย,ศาลาประจำหมู่บ้านบ้านเขากอย,7.7173634,99.9632741,2,80,location_exact_normalized,1.0,1,ดอนทราย|0
3,326,ควนขนุน,ดอนทราย,2,1,2,ศาลาประจ าหมู่บ้านบ้านหม้อ,437,พัทลุง,อำเภอควนขนุน,ดอนทราย,ศาลาประจำหมู่บ้านบ้านหม้อ,7.7253162,99.9828919,2,81,location_exact_normalized,1.0,1,ดอนทราย|1
3,327,ควนขนุน,ดอนทราย,3,2,3,ศาลาประจ าหมู่บ้านบ้านเขาวัง,356,พัทลุง,อำเภอควนขนุน,ดอนทราย,ศาลาประจำหมู่บ้านบ้านเขาวัง,7.7066667,99.9511111,2,82,location_exact_normalized,1.0,1,ดอนทราย|2
3,328,ควนขนุน,ดอนทราย,4,3,4,ศาลาประจ าหมู่บ้านบ้านล ารุณ,303,พัทลุง,อำเภอควนขนุน,ดอนทราย,ศาลาประจำหมู่บ้านบ้านลำรุณ,7.7173634,99.9632741,2,83,location_exact_normalized,1.0,1,ดอนทราย|3
3,329,ควนขนุน,ดอนทราย,5,4,5,ศาลาประจ าหมู่บ้านบ้านควนเหลง,568,พัทลุง,อำเภอควนขนุน,ดอนทราย,ศาลาประจำหมู่บ้านบ้านควนเหลง,7.7173634,99.9632741,2,84,location_exact_normalized,1.0,1,ดอนทราย|4
3,330,ควนขนุน,ดอนทราย,6,5,6,ศาลาประจ าหมู่บ้านบ้านเกาะทอง,345,พัทลุง,อำเภอควนขนุน,ดอนทราย,ศาลาประจำหมู่บ้านบ้านเกาะทอง,7.722331100000001,99.9800438,2,85,location_exact_normalized,1.0,1,ดอนทราย|5
3,331,ควนขนุน,ดอนทราย,7,6,7,ศาลาประจ าหมู่บ้านบ้านควนดินแดง,668,พัทลุง,อำเภอควนขนุน,ดอนทราย,ศาลาประจำหมู่บ้านบ้านควนดินแดง,7.7186105,99.9665503,2,86,location_exact_normalized,1.0,1,ดอนทราย|6
3,332,ควนขนุน,ดอนทราย,8,7,8,ศาลาประจ าหมู่บ้านบ้านจันนา,319,พัทลุง,อำเภอควนขนุน,ดอนทราย,ศาลาประจำหมู่บ้านบ้านจันนา,7.7290582,99.9418062,2,87,location_exact_normalized,1.0,1,ดอนทราย|7
3,333,ควนขนุน,ดอนทราย,9,8,9,ศาลาประจ าหมู่บ้านบ้านไสอ้อย,698,พัทลุง,อำเภอควนขนุน,ดอนทราย,ศาลาประจำหมู่บ้านบ้านไสอ้อย,7.706008700000001,99.9771524,2,88,location_exact_normalized,1.0,1,ดอนทราย|8
3,334,ควนขนุน,ดอนทราย,10,9,10,ศาลาประจ าหมู่บ้านบ้านไสโพธิ์,463,พัทลุง,อำเภอควนขนุน,ดอนทราย,ศาลาประจำหมู่บ้านบ้านไสโพธิ์,7.7714851,100.0555474,2,89,location_exact_normalized,1.0,1,ดอนทราย|9
3,335,ควนขนุน,ดอนทราย,11,10,11,ศาลาประจ าหมู่บ้านบ้านจันนาตก,325,พัทลุง,อำเภอควนขนุน,ดอนทราย,ศาลาประจำหมู่บ้านบ้านจันนาตก,7.7290582,99.9418062,2,90,location_exact_normalized,1.0,1,ดอนทราย|10
3,336,ควนขนุน,นาขยาด,1,0,1,ศาลาประจ าหมู่บ้านบ้านศาลาต้นรักษ์,821,พัทลุง,อำเภอควนขนุน,นาขยาด,ศาลาประจำหมู่บ้านบ้านศาลาต้นรักษ์,7.679982700000001,99.9576849,2,27,location_exact_normalized,1.0,1,นาขยาด|0
3,337,ควนขนุน,นาขยาด,2,1,2,ศาลาประจ าหมู่บ้านบ้านพังดาน,812,พัทลุง,อำเภอควนขนุน,นาขยาด,ศาลาประจำหมู่บ้านบ้านพังดาน,7.670382399999999,99.9823069,2,28,location_exact_normalized,1.0,1,นาขยาด|1
3,338,ควนขนุน,นาขยาด,3,2,3,ศาลาประจ าหมู่บ้านบ้านเกาะยาง,404,พัทลุง,อำเภอควนขนุน,นาขยาด,ศาลาประจำหมู่บ้านบ้านเกาะยาง,7.685908899999999,99.9794414,2,29,location_exact_normalized,1.0,1,นาขยาด|2
3,339,ควนขนุน,นาขยาด,4,3,4,ศาลาประจ าหมู่บ้านบ้านหนองในวัง,505,พัทลุง,อำเภอควนขนุน,นาขยาด,ศาลาประจำหมู่บ้านบ้านหนองในวัง,7.679982700000001,99.9576849,2,30,location_exact_normalized,1.0,1,นาขยาด|3
3,340,ควนขนุน,นาขยาด,5,4,5,ศาลาประจ าหมู่บ้านบ้านนาท่อม,575,พัทลุง,อำเภอควนขนุน,นาขยาด,ศาลาประจำหมู่บ้านบ้านนาท่อม,7.591457699999999,100.0019597,2,31,location_exact_normalized,1.0,1,นาขยาด|4
3,341,ควนขนุน,นาขยาด,6,5,6,ศาลาประจ าหมู่บ้านบ้านขันหมู่,796,พัทลุง,อำเภอควนขนุน,นาขยาด,ศาลาประจำหมู่บ้านบ้านขันหมู่,7.668115999999999,99.955747,2,32,location_exact_normalized,1.0,1,นาขยาด|5
3,342,ควนขนุน,นาขยาด,7,6,7,ศาลาประจ าหมู่บ้านบ้านสะพานข่อย,469,พัทลุง,อำเภอควนขนุน,นาขยาด,ศาลาประจำหมู่บ้านบ้านสะพานข่อย,7.6901421,99.9402381,2,33,location_exact_normalized,1.0,1,นาขยาด|6
3,343,ควนขนุน,นาขยาด,8,7,8,ศาลาประจ าหมู่บ้านบ้านโงกน ้า,476,พัทลุง,อำเภอควนขนุน,นาขยาด,ศาลาประจำหมู่บ้านบ้านโงกน้ำ,7.707698400000001,99.9269198,2,34,location_exact_normalized,1.0,1,นาขยาด|7
3,344,ควนขนุน,นาขยาด,9,8,9,ศาลาประจ าหมู่บ้านบ้านทุ่งส าโรง,495,พัทลุง,อำเภอควนขนุน,นาขยาด,ศาลาประจำหมู่บ้านบ้านทุ่งสำโรง,7.679982700000001,99.9576849,2,35,location_exact_normalized,1.0,1,นาขยาด|8
3,345,ควนขนุน,นาขยาด,10,9,10,ศาลาประจ าหมู่บ้านบ้านโรงรม,448,พัทลุง,อำเภอควนขนุน,นาขยาด,ศาลาประจำหมู่บ้านบ้านโรงรม,7.679982700000001,99.9576849,2,36,location_exact_normalized,1.0,1,นาขยาด|9
3,346,ควนขนุน,นาขยาด,11,10,11,ศาลาประจ าหมู่บ้านบ้านไสควายฟัน,474,พัทลุง,อำเภอควนขนุน,นาขยาด,ศาลาประจำหมู่บ้านบ้านไสควายฟัน,7.679982700000001,99.9576849,2,37,location_exact_normalized,1.0,1,นาขยาด|10
3,347,ควนขนุน,นาขยาด,12,11,12,ศาลาประจ าหมู่บ้านบ้านเขาวังทอง,522,พัทลุง,อำเภอควนขนุน,นาขยาด,ศาลาประจำหมู่บ้านบ้านเขาวังทอง,7.679982700000001,99.9576849,2,38,location_exact_normalized,1.0,1,นาขยาด|11
3,348,ควนขนุน,พนมวังก์,1,0,1,ศาลาอเนกประสงค์บ้านเขานม (อบต.หลังเก่า),455,พัทลุง,อำเภอควนขนุน,พนมวังก์,ศาลาอเนกประสงค์บ้านเขานม (อบต.หลังเก่า),7.6738819,100.0809748,2,39,location_exact_normalized,1.0,1,พนมวังก์|0
3,349,ควนขนุน,พนมวังก์,2,1,2,ศาลาประจ าหมู่บ้านบ้านระหว่างควน,821,พัทลุง,อำเภอควนขนุน,พนมวังก์,ศาลาประจำหมู่บ้านบ้านระหว่างควน,7.6920875,100.0469114,2,40,location_exact_normalized,1.0,1,พนมวังก์|1
3,350,ควนขนุน,พนมวังก์,3,2,3,ศาลาประจ าหมู่บ้านบ้านควนปริง,693,พัทลุง,อำเภอควนขนุน,พนมวังก์,ศาลาประจำหมู่บ้านบ้านควนปริง,7.681553500000001,100.0052044,2,41,location_exact_normalized,1.0,1,พนมวังก์|2
3,351,ควนขนุน,พนมวังก์,4,3,4,โรงเรียนทุ่งยางเปล,656,พัทลุง,อำเภอควนขนุน,พนมวังก์,โรงเรียนทุ่งยางเปล,7.653512500000001,100.0357031,2,42,location_exact_normalized,1.0,1,พนมวังก์|3
3,352,ควนขนุน,พนมวังก์,5,4,5,ศาลาประจ าหมู่บ้านบ้านพนมวังก์,485,พัทลุง,อำเภอควนขนุน,พนมวังก์,ศาลาประจำหมู่บ้านบ้านพนมวังก์,7.3838149,100.2598974,2,43,location_exact_normalized,1.0,1,พนมวังก์|4
3,353,ควนขนุน,พนมวังก์,6,5,6,ศาลาประจ าหมู่บ้านบ้านทุ่งขึงหนัง,771,พัทลุง,อำเภอควนขนุน,พนมวังก์,ศาลาประจำหมู่บ้านบ้านทุ่งขึงหนัง,7.6731922,100.0191857,2,44,location_exact_normalized,1.0,1,พนมวังก์|5
3,354,ควนขนุน,พนมวังก์,7,6,7,ศาลาประจ าหมู่บ้านบ้านไสยวน,631,พัทลุง,อำเภอควนขนุน,พนมวังก์,ศาลาประจำหมู่บ้านบ้านไสยวน,7.688851199999999,100.0064228,2,45,location_exact_normalized,1.0,1,พนมวังก์|6
3,355,ควนขนุน,พนมวังก์,8,7,8,ศาลาประจ าหมู่บ้านบ้านเกาะอ้ายเฒ่า,708,พัทลุง,อำเภอควนขนุน,พนมวังก์,ศาลาประจำหมู่บ้านบ้านเกาะอ้ายเฒ่า,7.697101200000001,100.0275755,2,46,location_exact_normalized,1.0,1,พนมวังก์|7
3,356,ควนขนุน,แพรกหา,1,0,1,ศาลาประจ าหมู่บ้านบ้านม่วงเตี้ย,779,พัทลุง,อำเภอควนขนุน,แพรกหา,ศาลาประจำหมู่บ้านบ้านม่วงเตี้ย,7.666126299999999,100.0230734,2,129,location_exact_normalized,1.0,1,แพรกหา|0
3,357,ควนขนุน,แพรกหา,2,1,2,ศาลาประจ าหมู่บ้านบ้านไสขาม,441,พัทลุง,อำเภอควนขนุน,แพรกหา,ศาลาประจำหมู่บ้านบ้านไสขาม,7.6506734,99.988483,2,130,location_exact_normalized,1.0,1,แพรกหา|1
4,358,ควนขนุน,แพรกหา,3,2,3,ศาลาประจ าหมู่บ้านบ้านแพรกหา,697,พัทลุง,อำเภอควนขนุน,แพรกหา,ศาลาประจำหมู่บ้านบ้านแพรกหา,7.6503234,99.9875214,2,131,location_exact_normalized,1.0,1,แพรกหา|2
4,359,ควนขนุน,แพรกหา,4,3,4,ศาลา อพป.บ้านเขาโต๊ะบุญ,804,พัทลุง,อำเภอควนขนุน,แพรกหา,ศาลา อพป.บ้านเขาโต๊ะบุญ,7.6641667,100.0083333,2,132,location_exact_normalized,1.0,1,แพรกหา|3
4,360,ควนขนุน,แพรกหา,5,4,5,ศาลาประจ าหมู่บ้านบ้านเขาพังอิฐ,793,พัทลุง,อำเภอควนขนุน,แพรกหา,ศาลาประจำหมู่บ้านบ้านเขาพังอิฐ,7.6511029,100.0082279,2,133,location_exact_normalized,1.0,1,แพรกหา|4
4,361,ควนขนุน,แพรกหา,6,5,6,ศาลาประจ าหมู่บ้านบ้านเขาป้าเจ้,501,พัทลุง,อำเภอควนขนุน,แพรกหา,ศาลาประจำหมู่บ้านบ้านเขาป้าเจ้,7.6520326,100.0080005,2,134,location_exact_normalized,1.0,1,แพรกหา|5
4,362,ควนขนุน,แพรกหา,7,6,7,ศาลาประจ าหมู่บ้านบ้านไสหยี,535,พัทลุง,อำเภอควนขนุน,แพรกหา,ศาลาประจำหมู่บ้านบ้านไสหยี,7.6520326,100.0080005,2,135,location_exact_normalized,1.0,1,แพรกหา|6
4,363,ควนขนุน,แพรกหา,8,7,8,ศาลาประจ าหมู่บ้านบ้านควนน้อย,469,พัทลุง,อำเภอควนขนุน,แพรกหา,ศาลาประจำหมู่บ้านบ้านควนน้อย,7.674832,100.003384,2,136,location_exact_normalized,1.0,1,แพรกหา|7
4,364,ควนขนุน,ปันแต,1,0,1,ศาลาประจ าหมู่บ้านบ้านปลายคลอง,281,พัทลุง,อำเภอควนขนุน,ปันแต,ศาลาประจำหมู่บ้านบ้านปลายคลอง,7.792807099999998,100.0611429,2,56,location_exact_normalized,1.0,1,ปันแต|0
4,365,ควนขนุน,ปันแต,2,1,2,ศาลาประจ าหมู่บ้านบ้านปันแต,160,พัทลุง,อำเภอควนขนุน,ปันแต,ศาลาประจำหมู่บ้านบ้านปันแต,7.791803600000001,100.0351252,2,57,location_exact_normalized,1.0,1,ปันแต|1
4,366,ควนขนุน,ปันแต,3,2,3,ศาลาประจ าหมู่บ้านบ้านส านักกอ,593,พัทลุง,อำเภอควนขนุน,ปันแต,ศาลาประจำหมู่บ้านบ้านสำนักกอ,7.804429099999999,100.0067757,2,58,location_exact_normalized,1.0,1,ปันแต|2
4,367,ควนขนุน,ปันแต,4,3,4,ศาลาประจ าหมู่บ้านบ้านปากสระ,337,พัทลุง,อำเภอควนขนุน,ปันแต,ศาลาประจำหมู่บ้านบ้านปากสระ,7.804978500000001,100.0569463,2,59,location_exact_normalized,1.0,1,ปันแต|3
4,368,ควนขนุน,ปันแต,5,4,5,ศาลาประจ าหมู่บ้านบ้านควนปันแต,633,พัทลุง,อำเภอควนขนุน,ปันแต,ศาลาประจำหมู่บ้านบ้านควนปันแต,7.8043368,100.0275755,2,60,location_exact_normalized,1.0,1,ปันแต|4
4,369,ควนขนุน,ปันแต,6,5,6,ศาลาประจ าหมู่บ้านบ้านในไร่,602,พัทลุง,อำเภอควนขนุน,ปันแต,ศาลาประจำหมู่บ้านบ้านในไร่,7.7882409,100.0275755,2,61,location_exact_normalized,1.0,1,ปันแต|5
4,370,ควนขนุน,ปันแต,7,6,7,ศาลาประจ าหมู่บ้านบ้านโพธิ์,246,พัทลุง,อำเภอควนขนุน,ปันแต,ศาลาประจำหมู่บ้านบ้านโพธิ์,7.7850935,100.0471549,2,62,location_exact_normalized,1.0,1,ปันแต|6
4,371,ควนขนุน,ปันแต,8,7,8,ศาลาประจ าหมู่บ้านบ้านสุนทราออก,199,พัทลุง,อำเภอควนขนุน,ปันแต,ศาลาประจำหมู่บ้านบ้านสุนทราออก,7.782078799999999,100.0611429,2,63,location_exact_normalized,1.0,1,ปันแต|7
4,372,ควนขนุน,ปันแต,9,8,9,ศาลาประจ าหมู่บ้านบ้านสุนทราตก,457,พัทลุง,อำเภอควนขนุน,ปันแต,ศาลาประจำหมู่บ้านบ้านสุนทราตก,7.782478,100.0443576,2,64,location_exact_normalized,1.0,1,ปันแต|8
4,373,ควนขนุน,ปันแต,10,9,10,สถานปฏิบัติธรรมบ้านไสหลวง,444,พัทลุง,อำเภอควนขนุน,ปันแต,สถานปฏิบัติธรรมบ้านไสหลวง,7.7735798,100.0289689,2,65,location_exact_normalized,1.0,1,ปันแต|9
4,374,ควนขนุน,ปันแต,11,10,11,ศาลาประจ าหมู่บ้านบ้านทุ่งลาน,473,พัทลุง,อำเภอควนขนุน,ปันแต,ศาลาประจำหมู่บ้านบ้านทุ่งลาน,7.734939400000001,100.0100936,2,66,location_exact_normalized,1.0,1,ปันแต|10
4,375,ควนขนุน,ปันแต,12,11,12,ศาลาประจ าหมู่บ้านบ้านหารเจ,383,พัทลุง,อำเภอควนขนุน,ปันแต,ศาลาประจำหมู่บ้านบ้านหารเจ,7.791652699999999,99.9968167,2,67,location_exact_normalized,1.0,1,ปันแต|11
4,376,ควนขนุน,ปันแต,13,12,13,ศาลาประจ าหมู่บ้านบ้านเขากลาง,242,พัทลุง,อำเภอควนขนุน,ปันแต,ศาลาประจำหมู่บ้านบ้านเขากลาง,7.762721,100.0576457,2,68,location_exact_normalized,1.0,1,ปันแต|12
4,377,ควนขนุน,ควนขนุน(เทศบาล),1,0,5,อาคารอเนกประสงค์ ส านักงานเทศบาลต าบลควนขนุน,349,พัทลุง,ท้องถิ่นเทศบาลตำบลควนขนุน,ควนขนุน,อาคารอเนกประสงค์ สำนักงานเทศบาลตำบลควนขนุน,7.734476799999999,100.0124479,2,268,location_exact_normalized,1.0,1,ควนขนุน(เทศบาล)|0
4,378,ควนขนุน,ควนขนุน(เทศบาล),2,1,9,อาคารหอประชุมโรงเรียนบ้านควนขนุน,479,พัทลุง,ท้องถิ่นเทศบาลตำบลควนขนุน,ควนขนุน,อาคารหอประชุม โรงเรียนบ้านควนขนุน,7.733656099999999,100.007411,2,269,location_exact_normalized,1.0,1,ควนขนุน(เทศบาล)|1
4,379,ควนขนุน,ควนขนุน(เทศบาล),3,2,9,ศาลาการเปรียญวัดสุวรรณวิชัย,599,พัทลุง,ท้องถิ่นเทศบาลตำบลควนขนุน,ควนขนุน,ศาลาการเปรียญ วัดสุวรรณวิชัย,7.737481399999999,100.0066003,2,270,location_exact_normalized,1.0,1,ควนขนุน(เทศบาล)|2
4,380,ควนขนุน,ควนขนุน(เทศบาล),4,3,9,อาคารพ่อท่านนะ  วัดสุวรรณวิชัย,296,พัทลุง,ท้องถิ่นเทศบาลตำบลควนขนุน,ควนขนุน,อาคารพ่อท่านนะ วัดสุวรรณวิชัย,7.7484794,100.0080005,2,271,location_exact_normalized,1.0,1,ควนขนุน(เทศบาล)|3
4,381,ควนขนุน,ควนขนุน,1,0,1,ศาลาประจ าหมู่บ้านบ้านควนบก,447,พัทลุง,อำเภอควนขนุน,ควนขนุน,ศาลาประจำหมู่บ้านบ้านควนบก,7.7485644,100.007979,2,8,location_exact_normalized,1.0,1,ควนขนุน|0
4,382,ควนขนุน,ควนขนุน,2,1,2,ศาลา อพป.บ้านดอนนูด,399,พัทลุง,อำเภอควนขนุน,ควนขนุน,ศาลา อพป.บ้านดอนนูด,7.7484794,100.0080005,2,9,location_exact_normalized,1.0,1,ควนขนุน|1
4,383,ควนขนุน,ควนขนุน,3,2,3,ศาลาประจ าหมู่บ้านบ้านโคกวัด,761,พัทลุง,อำเภอควนขนุน,ควนขนุน,ศาลาประจำหมู่บ้านบ้านโคกวัด,7.747440399999999,99.9966606,2,10,location_exact_normalized,1.0,1,ควนขนุน|2
4,384,ควนขนุน,ควนขนุน,4,3,4,ศาลาประจ าหมู่บ้านบ้านโคกวา,909,พัทลุง,อำเภอควนขนุน,ควนขนุน,ศาลาประจำหมู่บ้านบ้านโคกวา,7.7516832,100.0132899,2,11,location_exact_normalized,1.0,1,ควนขนุน|3
4,385,ควนขนุน,ควนขนุน,5,4,5,ศาลาประจ าหมู่บ้านบ้านเพิง,465,พัทลุง,อำเภอควนขนุน,ควนขนุน,ศาลาประจำหมู่บ้านบ้านเพิง,7.764699,100.0024084,2,12,location_exact_normalized,1.0,1,ควนขนุน|4
4,386,ควนขนุน,ควนขนุน,6,5,6,ศาลาประจ าหมู่บ้านบ้านควนพลี,735,พัทลุง,อำเภอควนขนุน,ควนขนุน,ศาลาประจำหมู่บ้านบ้านควนพลี,7.7625474,100.0007649,2,13,location_exact_normalized,1.0,1,ควนขนุน|5
4,387,ควนขนุน,ควนขนุน,7,6,7,ศาลาประจ าหมู่บ้านบ้านโพธิ์,489,พัทลุง,อำเภอควนขนุน,ควนขนุน,ศาลาประจำหมู่บ้านบ้านโพธิ์,7.764699,100.0024084,2,14,location_exact_normalized,1.0,1,ควนขนุน|6
4,388,ควนขนุน,ควนขนุน,8,7,8,ศาลาประจ าหมู่บ้านบ้านข่อยม้า,256,พัทลุง,อำเภอควนขนุน,ควนขนุน,ศาลาประจำหมู่บ้านบ้านข่อยม้า,7.764699,100.0024084,2,15,location_exact_normalized,1.0,1,ควนขนุน|7
4,389,ควนขนุน,ควนขนุน,9,8,9,ศาลาประจ าหมู่บ้าน หมู่ที่ 9 บ้านควนขนุน,104,พัทลุง,อำเภอควนขนุน,ควนขนุน,ศาลาประจำหมู่บ้าน หมู่ที่ 9 บ้านควนขนุน,7.735698699999999,100.0077949,2,16,location_exact_normalized,1.0,1,ควนขนุน|8
4,390,ป่าพะยอม,เกาะเต่า,1,0,1,ศาลาประจ าหมู่บ้านบ้านไร่เจ็ดสิบ,621,พัทลุง,อำเภอป่าพะยอม,เกาะเต่า,ศาลาประจำหมู่บ้านบ้านไร่เจ็ดสิบ,7.8113025,99.8459774,2,175,location_exact_normalized,1.0,1,เกาะเต่า|0
4,391,ป่าพะยอม,เกาะเต่า,2,1,2,ศาลาประจ าหมู่บ้านบ้านห้วยกรวด,408,พัทลุง,อำเภอป่าพะยอม,เกาะเต่า,ศาลาประจำหมู่บ้านบ้านห้วยกรวด,7.8554397,99.9101915,2,176,location_exact_normalized,1.0,1,เกาะเต่า|1
4,392,ป่าพะยอม,เกาะเต่า,3,2,3,ศาลาประจ าหมู่บ้านบ้านบางหล่อ,462,พัทลุง,อำเภอป่าพะยอม,เกาะเต่า,ศาลาประจำหมู่บ้านบ้านบางหล่อ,7.791444299999999,99.8295765,2,177,location_exact_normalized,1.0,1,เกาะเต่า|2
5,393,ป่าพะยอม,เกาะเต่า,4,3,3,ศูนย์สาธิตการตลาดบ้านบางหล่อ,660,พัทลุง,อำเภอป่าพะยอม,เกาะเต่า,ศูนย์สาธิตการตลาดบ้านบางหล่อ,7.791444299999999,99.8295765,2,178,location_exact_normalized,1.0,1,เกาะเต่า|3
5,394,ป่าพะยอม,เกาะเต่า,5,4,4,ศาลาประจ าหมู่บ้านบ้านคลองใหญ่,1005,พัทลุง,อำเภอป่าพะยอม,เกาะเต่า,ศาลาประจำหมู่บ้านบ้านคลองใหญ่,7.8265429,99.8689005,2,179,location_exact_normalized,1.0,1,เกาะเต่า|4
5,395,ป่าพะยอม,เกาะเต่า,6,5,5,ศาลาประจ าหมู่บ้านบ้านไสเลียบ,473,พัทลุง,อำเภอป่าพะยอม,เกาะเต่า,ศาลาประจำหมู่บ้านบ้านไสเลียบ,7.8321524,99.8957282,2,180,location_exact_normalized,1.0,1,เกาะเต่า|5
5,396,ป่าพะยอม,เกาะเต่า,7,6,5,ศูนย์เรียนรู้บ้านไสเลียบ,623,พัทลุง,อำเภอป่าพะยอม,เกาะเต่า,ศูนย์เรียนรู้บ้านไสเลียบ,7.8321524,99.8957282,2,181,location_exact_normalized,1.0,1,เกาะเต่า|6
5,397,ป่าพะยอม,เกาะเต่า,8,7,6,ศาลาประจ าหมู่บ้านบ้านปากเหมือง,555,พัทลุง,อำเภอป่าพะยอม,เกาะเต่า,ศาลาประจำหมู่บ้านบ้านปากเหมือง,7.77781,99.8342437,2,182,location_exact_normalized,1.0,1,เกาะเต่า|7
5,398,ป่าพะยอม,เกาะเต่า,9,8,7,ศาลาประจ าหมู่บ้านบ้านประชาสามัคคี,477,พัทลุง,อำเภอป่าพะยอม,เกาะเต่า,ศาลาประจำหมู่บ้านบ้านประชาสามัคคี,7.7700709,99.8878507,2,183,location_exact_normalized,1.0,1,เกาะเต่า|8
5,399,ป่าพะยอม,เกาะเต่า,10,9,8,ศาลาประจ าหมู่บ้านบ้านหน าวัว,621,พัทลุง,อำเภอป่าพะยอม,เกาะเต่า,ศาลาประจำหมู่บ้านบ้านหนำวัว,7.784332600000001,99.8515593,2,184,location_exact_normalized,1.0,1,เกาะเต่า|9
5,400,ป่าพะยอม,เกาะเต่า,11,10,9,ศาลาประจ าหมู่บ้านบ้านควนตะแบก,737,พัทลุง,อำเภอป่าพะยอม,เกาะเต่า,ศาลาประจำหมู่บ้านบ้านควนตะแบก,7.849026500000001,99.8403959,2,185,location_exact_normalized,1.0,1,เกาะเต่า|10
5,401,ป่าพะยอม,เกาะเต่า,12,11,10,ศาลาประจ าหมู่บ้านบ้านห้วยปริง,854,พัทลุง,อำเภอป่าพะยอม,เกาะเต่า,ศาลาประจำหมู่บ้านบ้านห้วยปริง,7.819731300000001,99.9013657,2,186,location_exact_normalized,1.0,1,เกาะเต่า|11
5,402,ป่าพะยอม,เกาะเต่า,13,12,11,ศาลาประจ าหมู่บ้านบ้านเกาะยวน,585,พัทลุง,อำเภอป่าพะยอม,เกาะเต่า,ศาลาประจำหมู่บ้านบ้านเกาะยวน,7.8504642,99.8934354,2,187,location_exact_normalized,1.0,1,เกาะเต่า|12
5,403,ป่าพะยอม,เกาะเต่า,14,13,12,ศาลาประจ าหมู่บ้านบ้านห้วยไม้ไผ่,705,พัทลุง,อำเภอป่าพะยอม,เกาะเต่า,ศาลาประจำหมู่บ้านบ้านห้วยไม้ไผ่,7.76993,99.835768,2,188,location_exact_normalized,1.0,1,เกาะเต่า|13
5,404,ป่าพะยอม,เกาะเต่า,15,14,13,ศาลาประจ าหมู่บ้านบ้านนา,943,พัทลุง,อำเภอป่าพะยอม,เกาะเต่า,ศาลาประจำหมู่บ้านบ้านนา,7.838677,99.863101,2,189,location_exact_normalized,1.0,1,เกาะเต่า|14
5,405,ป่าพะยอม,ป่าพะยอม,1,0,1,ศาลาประจ าหมู่บ้านบ้านสังแกระ,617,พัทลุง,อำเภอป่าพะยอม,ป่าพะยอม,ศาลาประจำหมู่บ้านบ้านสังแกระ,7.8521588,99.9353318,2,167,location_exact_normalized,1.0,1,ป่าพะยอม|0
5,406,ป่าพะยอม,ป่าพะยอม,2,1,2,ศาลาประจ าหมู่บ้านบ้านป่าพะยอม,418,พัทลุง,อำเภอป่าพะยอม,ป่าพะยอม,ศาลาประจำหมู่บ้านบ้านป่าพะยอม,7.7542239,99.8194682,2,168,location_exact_normalized,1.0,1,ป่าพะยอม|1
5,407,ป่าพะยอม,ป่าพะยอม,3,2,2,โรงเรียนอนุบาลป่าพะยอม,532,พัทลุง,อำเภอป่าพะยอม,ป่าพะยอม,โรงเรียนอนุบาลป่าพะยอม,7.841230299999999,99.9385037,2,169,location_exact_normalized,1.0,1,ป่าพะยอม|2
5,408,ป่าพะยอม,ป่าพะยอม,4,3,3,ศาลาประจ าหมู่บ้านบ้านทุ่ง,691,พัทลุง,อำเภอป่าพะยอม,ป่าพะยอม,ศาลาประจำหมู่บ้านบ้านทุง,7.8521588,99.9353318,2,170,location_fuzzy,0.9796,1,ป่าพะยอม|3
5,409,ป่าพะยอม,ป่าพะยอม,5,4,4,ศาลาประจ าหมู่บ้านบ้านประดู่หอม,505,พัทลุง,อำเภอป่าพะยอม,ป่าพะยอม,ศาลาประจำหมู่บ้านบ้านประดู่หอม,7.851793,99.964334,2,171,location_exact_normalized,1.0,1,ป่าพะยอม|4
5,410,ป่าพะยอม,ป่าพะยอม,6,5,5,ศาลาประจ าหมู่บ้านบ้านนาทราย,705,พัทลุง,อำเภอป่าพะยอม,ป่าพะยอม,ศาลาประจำหมู่บ้านบ้านนาทราย,7.838677,99.863101,2,172,location_exact_normalized,1.0,1,ป่าพะยอม|5
5,411,ป่าพะยอม,ป่าพะยอม,7,6,6,ศาลาประจ าหมู่บ้านบ้านโคกกอ,619,พัทลุง,อำเภอป่าพะยอม,ป่าพะยอม,ศาลาประจำหมู่บ้านบ้านโคกกอ,7.8521588,99.9353318,2,173,location_exact_normalized,1.0,1,ป่าพะยอม|6
5,412,ป่าพะยอม,ป่าพะยอม,8,7,7,ศาลาประจ าหมู่บ้านบ้านไสกุน,743,พัทลุง,อำเภอป่าพะยอม,ป่าพะยอม,ศาลาประจำหมู่บ้านบ้านไสกุน,7.8654527,99.959434,2,174,location_exact_normalized,1.0,1,ป่าพะยอม|7
5,413,ป่าพะยอม,บ้านพร้าว,1,0,1,เต้นท์บริเวณตลาดใหม่ป่าพะยอม,564,พัทลุง,อำเภอป่าพะยอม,บ้านพร้าว,เต๊นท์บริเวณตลาดใหม่ป่าพะยอม,7.814176799999999,99.9520961,2,190,location_fuzzy,0.9643,1,บ้านพร้าว|0
5,414,ป่าพะยอม,บ้านพร้าว,2,1,1,ศาลาประจ าหมู่บ้านบ้านพร้าว,553,พัทลุง,อำเภอป่าพะยอม,บ้านพร้าว,ศาลาประจำหมู่บ้านบ้านพร้าว,7.8144408,99.9409196,2,191,location_exact_normalized,1.0,1,บ้านพร้าว|1
5,415,ป่าพะยอม,บ้านพร้าว,3,2,2,ศาลาประจ าหมู่บ้านบ้านตลิ่งชัน,727,พัทลุง,อำเภอป่าพะยอม,บ้านพร้าว,ศาลาประจำหมู่บ้านบ้านตลิ่งชัน,7.7965689,99.92745370000002,2,192,location_exact_normalized,1.0,1,บ้านพร้าว|2
5,416,ป่าพะยอม,บ้านพร้าว,4,3,3,ศาลาประจ าหมู่บ้านบ้านศาลาน ้า,802,พัทลุง,อำเภอป่าพะยอม,บ้านพร้าว,ศาลาประจำหมู่บ้านบ้านศาลาน้ำ,7.830872999999999,99.930464,2,193,location_exact_normalized,1.0,1,บ้านพร้าว|3
5,417,ป่าพะยอม,บ้านพร้าว,5,4,4,ศาลาประจ าหมู่บ้านบ้านบ่อทราย,419,พัทลุง,อำเภอป่าพะยอม,บ้านพร้าว,ศาลาประจำหมู่บ้านบ้านบ่อทราย,7.836562000000001,99.9709605,2,194,location_exact_normalized,1.0,1,บ้านพร้าว|4
5,418,ป่าพะยอม,บ้านพร้าว,6,5,5,ศาลาประจ าหมู่บ้านบ้านไสอ้อ,313,พัทลุง,อำเภอป่าพะยอม,บ้านพร้าว,ศาลาประจำหมู่บ้านบ้านไสอ้อ,7.8144408,99.9409196,2,195,location_exact_normalized,1.0,1,บ้านพร้าว|5
5,419,ป่าพะยอม,บ้านพร้าว,7,6,6,ศาลาประจ าหมู่บ้านบ้านหาดสูง,767,พัทลุง,อำเภอป่าพะยอม,บ้านพร้าว,ศาลาประจำหมู่บ้านบ้านหาดสูง,7.8144408,99.9409196,2,196,location_exact_normalized,1.0,1,บ้านพร้าว|6
5,420,ป่าพะยอม,บ้านพร้าว,8,7,7,ศาลาประจ าหมู่บ้านบ้านไสกล้วย,468,พัทลุง,อำเภอป่าพะยอม,บ้านพร้าว,ศาลาประจำหมู่บ้านบ้านไสกล้วย,7.8144408,99.9409196,2,197,location_exact_normalized,1.0,1,บ้านพร้าว|7
5,421,ป่าพะยอม,บ้านพร้าว,9,8,8,ศาลาประจ าหมู่บ้านบ้านหน้าป่า,833,พัทลุง,อำเภอป่าพะยอม,บ้านพร้าว,ศาลาประจำหมู่บ้านบ้านหน้าป่า,7.7994581,99.9130875,2,198,location_exact_normalized,1.0,1,บ้านพร้าว|8
5,422,ป่าพะยอม,บ้านพร้าว,10,9,9,ศาลาประจ าหมู่บ้านบ้านไผ่รอบ,810,พัทลุง,อำเภอป่าพะยอม,บ้านพร้าว,ศาลาประจำหมู่บ้านบ้านไผ่รอบ,7.8144408,99.9409196,2,199,location_exact_normalized,1.0,1,บ้านพร้าว|9
5,423,ป่าพะยอม,บ้านพร้าว,11,10,10,ศาลาประจ าหมู่บ้านบ้านบ่อทรายใน,602,พัทลุง,อำเภอป่าพะยอม,บ้านพร้าว,ศาลาประจำหมู่บ้านบ้านบ่อทรายใน,7.836562000000001,99.9709605,2,200,location_exact_normalized,1.0,1,บ้านพร้าว|10
5,424,ป่าพะยอม,ลานข่อย,1,0,1,ศาลาประจ าหมู่บ้านบ้านลานข่อย,440,พัทลุง,ท้องถิ่นเทศบาลตำบลลานข่อย,ลานข่อย,ศาลาประจำหมู่บ้านบ้านลานข่อย,7.8872993,99.8553365,2,254,location_exact_normalized,1.0,1,ลานข่อย|0
5,425,ป่าพะยอม,ลานข่อย,2,1,1,ศาลาการเปรียญวัดลานข่อย,580,พัทลุง,ท้องถิ่นเทศบาลตำบลลานข่อย,ลานข่อย,ศาลาการเปรียญวัดลานข่อย,7.8875764,99.87482,2,255,location_exact_normalized,1.0,1,ลานข่อย|1
5,426,ป่าพะยอม,ลานข่อย,3,2,2,ศาลาประจ าหมู่บ้านบ้านห้วยหลุด,978,พัทลุง,ท้องถิ่นเทศบาลตำบลลานข่อย,ลานข่อย,ศาลาประจำหมู่บ้านบ้านห้วยหลุด,7.8553141,99.8013351,2,256,location_exact_normalized,1.0,1,ลานข่อย|2
5,427,ป่าพะยอม,ลานข่อย,4,3,3,ศาลาประจ าหมู่บ้านบ้านทุ่งชุมพล,921,พัทลุง,ท้องถิ่นเทศบาลตำบลลานข่อย,ลานข่อย,ศาลาประจำหมู่บ้านบ้านทุ่งชุมพล,7.8808168,99.8327582,2,257,location_exact_normalized,1.0,1,ลานข่อย|3
6,428,ป่าพะยอม,ลานข่อย,5,4,4,ศาลาประจ าหมู่บ้านบ้านห้วยเรียน,842,พัทลุง,ท้องถิ่นเทศบาลตำบลลานข่อย,ลานข่อย,ศาลาประจำหมู่บ้านบ้านห้วยเรียน,7.821256099999999,99.8794744,2,258,location_exact_normalized,1.0,1,ลานข่อย|4
6,429,ป่าพะยอม,ลานข่อย,6,5,5,ศาลาประจ าหมู่บ้านบ้านถ ้าลา,488,พัทลุง,ท้องถิ่นเทศบาลตำบลลานข่อย,ลานข่อย,ศาลาประจำหมู่บ้านบ้านถ้ำลา,7.852371,99.797831,2,259,location_exact_normalized,1.0,1,ลานข่อย|5
6,430,ป่าพะยอม,ลานข่อย,7,6,6,ศาลาประจ าหมู่บ้านบ้านมาดนั่ง,611,พัทลุง,ท้องถิ่นเทศบาลตำบลลานข่อย,ลานข่อย,ศาลาประจำหมู่บ้านบ้านมาดนั่ง,7.8553141,99.8013351,2,260,location_exact_normalized,1.0,1,ลานข่อย|6
6,431,ป่าพะยอม,ลานข่อย,8,7,7,ศาลาประจ าหมู่บ้านบ้านห้วยศรีเกษร,637,พัทลุง,ท้องถิ่นเทศบาลตำบลลานข่อย,ลานข่อย,ศาลาประจำหมู่บ้านบ้านห้วยศรีเกษร,7.8684401,99.902977,2,261,location_exact_normalized,1.0,1,ลานข่อย|7
6,432,ป่าพะยอม,ลานข่อย,9,8,8,ศาลาประจ าหมู่บ้านบ้านห้วยร าพึง,407,พัทลุง,ท้องถิ่นเทศบาลตำบลลานข่อย,ลานข่อย,ศาลาประจำหมู่บ้านบ้านห้วยรำพึง,7.8553141,99.8013351,2,262,location_exact_normalized,1.0,1,ลานข่อย|8
6,433,ป่าพะยอม,ลานข่อย,10,9,9,ศาลาประจ าหมู่บ้านบ้านควนยาว,764,พัทลุง,ท้องถิ่นเทศบาลตำบลลานข่อย,ลานข่อย,ศาลาประจำหมู่บ้านบ้านควนยาว,7.8553141,99.8013351,2,263,location_exact_normalized,1.0,1,ลานข่อย|9
6,434,ศรีบรรพต,เขาย่า,1,0,1,ศาลาประจ าหมู่บ้าน บ้านส านักปราง,502,พัทลุง,อำเภอศรีบรรพต,เขาย่า,ศาลาประจำหมู่บ้าน บ้านสำนักปราง หมู่ที่ 1,7.728210699999999,99.9004167,2,137,location_fuzzy,0.8824,1,เขาย่า|0
6,435,ศรีบรรพต,เขาย่า,2,1,2,ศาลาประจ าหมู่บ้าน บ้านสะพานยาง,478,พัทลุง,อำเภอศรีบรรพต,เขาย่า,ศาลาประจำหมู่บ้าน บ้านสะพานยาง หมู่ที่ 2,7.747962100000001,99.9157776,2,138,location_fuzzy,0.8788,1,เขาย่า|1
6,436,ศรีบรรพต,เขาย่า,3,2,3,ศาลาประจ าหมู่บ้าน บ้านม่วง,648,พัทลุง,อำเภอศรีบรรพต,เขาย่า,ศาลาประจำหมู่บ้าน บ้านม่วง หมู่ที่ 3,7.7458666,99.890643,2,139,location_fuzzy,0.8621,1,เขาย่า|2
6,437,ศรีบรรพต,เขาย่า,4,3,4,ศาลาประจ าหมู่บ้าน บ้านเขาย่าออก,518,พัทลุง,อำเภอศรีบรรพต,เขาย่า,ศาลาประจำหมู่บ้าน บ้านเขาย่าออก หมู่ที่ 4,7.7197137,99.9199675,2,140,location_fuzzy,0.8824,1,เขาย่า|3
6,438,ศรีบรรพต,เขาย่า,5,4,5,ศาลาประจ าหมู่บ้าน บ้านโหล๊ะเร็ดตก,567,พัทลุง,อำเภอศรีบรรพต,เขาย่า,ศาลาประจำหมู่บ้าน บ้านโหล๊ะเร็ดตกหมู่ที่ 5,7.7576419,99.9032094,2,141,location_fuzzy,0.8889,1,เขาย่า|4
6,439,ศรีบรรพต,เขาย่า,6,5,6,ศาลาประจ าหมู่บ้าน บ้านเขาย่าตก,574,พัทลุง,อำเภอศรีบรรพต,เขาย่า,ศาลาประจำหมู่บ้าน บ้านเขาย่าตก หมู่ที่ 6,7.710689700000001,99.9046058,2,142,location_fuzzy,0.8788,1,เขาย่า|5
6,440,ศรีบรรพต,เขาย่า,7,6,7,ศาลาประจ าหมู่บ้าน บ้านโพรงงู,651,พัทลุง,อำเภอศรีบรรพต,เขาย่า,ศาลาประจำหมู่บ้าน บ้านโพรงงู หมู่ที่ 7,7.729908200000001,99.8850586,2,143,location_fuzzy,0.871,1,เขาย่า|6
6,441,ศรีบรรพต,เขาย่า,8,7,8,ศาลาประจ าหมู่บ้าน บ้านโหล๊ะเร็ดออก,656,พัทลุง,อำเภอศรีบรรพต,เขาย่า,ศาลาประจำหมู่บ้าน บ้านโหล๊ะเร็ดออก หมู่ที่ 8,7.776026099999999,99.9199675,2,144,location_fuzzy,0.8919,1,เขาย่า|7
6,442,ศรีบรรพต,เขาย่า,9,8,9,ศาลาประจ าหมู่บ้าน บ้านส านักวา,445,พัทลุง,อำเภอศรีบรรพต,เขาย่า,ศาลาประจำหมู่บ้าน บ้านสำนักวา หมู่ที่ 9,7.7206497,99.8865912,2,145,location_fuzzy,0.875,1,เขาย่า|8
6,443,ศรีบรรพต,เขาย่า,10,9,10,ศาลาประจ าหมู่บ้าน บ้านหูหนาน,520,พัทลุง,อำเภอศรีบรรพต,เขาย่า,ศาลาประจำหมู่บ้าน บ้านหูหนาน หมู่ที่ 10,7.737366799999999,99.9101915,2,146,location_fuzzy,0.8571,1,เขาย่า|9
6,444,ศรีบรรพต,เขาปู่,1,0,1,ศาลาประจ าหมู่บ้าน บ้านหน้าวัด,447,พัทลุง,อำเภอศรีบรรพต,เขาปู่,ศาลาประจำหมู่บ้าน บ้านหน้าวัด หมู่ที่ 1,7.704519400000001,99.8236533,2,147,location_fuzzy,0.875,1,เขาปู่|0
6,445,ศรีบรรพต,เขาปู่,2,1,2,ศาลาประจ าหมู่บ้าน บ้านใสประดู่,615,พัทลุง,อำเภอศรีบรรพต,เขาปู่,ศาลาประจำหมู่บ้าน บ้านใสประดู่ หมู่ที่ 2,7.664779900000001,99.8385881,2,148,location_fuzzy,0.8788,1,เขาปู่|1
6,446,ศรีบรรพต,เขาปู่,3,2,3,ศาลาประจ าหมู่บ้าน บ้านควนลม,235,พัทลุง,อำเภอศรีบรรพต,เขาปู่,ศาลาประจำหมู่บ้าน บ้านควนลม หมู่ที่ 3,7.729098599999999,99.8041245,2,149,location_fuzzy,0.8667,1,เขาปู่|2
6,447,ศรีบรรพต,เขาปู่,4,3,4,ศาลาประจ าหมู่บ้าน บ้านทุ่งยูง,390,พัทลุง,อำเภอศรีบรรพต,เขาปู่,ศาลาประจำหมู่บ้าน บ้านทุ่งยูง หมู่ที่ 4,7.7451902,99.8041245,2,150,location_fuzzy,0.875,1,เขาปู่|3
6,448,ศรีบรรพต,เขาปู่,5,4,5,ศาลาประจ าหมู่บ้าน บ้านด่าน,303,พัทลุง,อำเภอศรีบรรพต,เขาปู่,ศาลาประจำหมู่บ้าน บ้านด่าน หมู่ที่ 5,7.717472799999999,99.8431866,2,151,location_fuzzy,0.8621,1,เขาปู่|4
6,449,ศรีบรรพต,เขาปู่,6,5,6,ศาลาประจ าหมู่บ้าน บ้านเหรียงงาม,619,พัทลุง,อำเภอศรีบรรพต,เขาปู่,ศาลาประจำหมู่บ้าน บ้านเหรียงงาม หมู่ที่ 6,7.7169567,99.8655158,2,152,location_fuzzy,0.8824,1,เขาปู่|5
6,450,ศรีบรรพต,เขาปู่,7,6,7,ศาลาประจ าหมู่บ้าน บ้านเขาป้าแหร้,459,พัทลุง,อำเภอศรีบรรพต,เขาปู่,ศาลาประจำหมู่บ้าน บ้านเขาป้าแหร้ หมู่ที่ 7,7.741928,99.8292338,2,153,location_fuzzy,0.8857,1,เขาปู่|6
6,451,ศรีบรรพต,เขาปู่,8,7,8,ศาลาประจ าหมู่บ้าน บ้านป่าตอ,564,พัทลุง,อำเภอศรีบรรพต,เขาปู่,ศาลาประจำหมู่บ้าน บ้านป่าตอ หมู่ที่ 8,7.699030199999999,99.8292338,2,154,location_fuzzy,0.8667,1,เขาปู่|7
6,452,ศรีบรรพต,เขาปู่,9,8,9,ศาลาประจ าหมู่บ้าน บ้านในวัง,326,พัทลุง,อำเภอศรีบรรพต,เขาปู่,ศาลาประจำหมู่บ้าน บ้านในวัง หมู่ที่ 9,7.704519400000001,99.8236533,2,155,location_fuzzy,0.8667,1,เขาปู่|8
6,453,ศรีบรรพต,เขาปู่,10,9,10,ศาลาประจ าหมู่บ้าน บ้านโหล๊ะปราง,299,พัทลุง,อำเภอศรีบรรพต,เขาปู่,ศาลาประจำหมู่บ้าน บ้านโหล๊ะปราง หมู่ที่ 10,7.704519400000001,99.8236533,2,156,location_fuzzy,0.8696,1,เขาปู่|9
6,454,ศรีบรรพต,เขาปู่,11,10,11,ศาลาประจ าหมู่บ้าน บ้านเขาปู่,436,พัทลุง,อำเภอศรีบรรพต,เขาปู่,ศาลาประจำหมู่บ้าน บ้านเขาปู่ หมู่ที่ 11,7.704519400000001,99.8236533,2,157,location_fuzzy,0.8571,1,เขาปู่|10
6,455,ศรีบรรพต,ตะแพน,1,0,1,ศาลาประจ าหมู่บ้าน บ้านสวนโหนด,397,พัทลุง,อำเภอศรีบรรพต,ตะแพน,ศาลาประจำหมู่บ้าน บ้านสวนโหนด หมู่ที่ 1,7.6514478,99.9629591,2,158,location_fuzzy,0.875,1,ตะแพน|0
6,456,ศรีบรรพต,ตะแพน,2,1,2,โรงอาหารโรงเรียนวัดตะแพน,713,พัทลุง,อำเภอศรีบรรพต,ตะแพน,โรงอาหารโรงเรียนวัดตะแพน,7.6554624,99.8766586,2,159,location_exact_normalized,1.0,1,ตะแพน|1
6,457,ศรีบรรพต,ตะแพน,3,2,3,ศาลาประจ าหมู่บ้าน บ้านวังยาว,398,พัทลุง,อำเภอศรีบรรพต,ตะแพน,ศาลาประจำหมู่บ้าน บ้านวังยาว หมู่ที่ 3,7.639195399999998,99.8683073,2,160,location_fuzzy,0.871,1,ตะแพน|2
6,458,ศรีบรรพต,ตะแพน,4,3,4,ศาลาประจ าหมู่บ้าน บ้านห้วยครก,161,พัทลุง,อำเภอศรีบรรพต,ตะแพน,ศาลาประจำหมู่บ้าน บ้านห้วยครก หมู่ที่ 4,7.6452374,99.8090063,2,161,location_fuzzy,0.875,1,ตะแพน|3
6,459,ศรีบรรพต,ตะแพน,5,4,5,ศาลาประจ าหมู่บ้าน บ้านท่ายูง,633,พัทลุง,อำเภอศรีบรรพต,ตะแพน,ศาลาประจำหมู่บ้าน บ้านท่ายูง หมู่ที่ 5,7.618795599999999,99.8236533,2,162,location_fuzzy,0.871,1,ตะแพน|4
6,460,ศรีบรรพต,ตะแพน,6,5,6,ศาลาประจ าหมู่บ้าน บ้านหน้าควน,460,พัทลุง,อำเภอศรีบรรพต,ตะแพน,ศาลาประจำหมู่บ้าน บ้านหน้าควน หมู่ที่ 6,7.6508473,99.9437136,2,163,location_fuzzy,0.875,1,ตะแพน|5
6,461,ศรีบรรพต,ตะแพน,7,6,7,โรงอาหารโรงเรียนบ้านหัสคุณ,742,พัทลุง,อำเภอศรีบรรพต,ตะแพน,โรงอาหารโรงเรียนบ้านหัสคุณ,7.6497788,99.9285556,2,164,location_exact_normalized,1.0,1,ตะแพน|6
6,462,ศรีบรรพต,ตะแพน,8,7,8,ส านักสงฆ์บ้านท่าข้าม,389,พัทลุง,อำเภอศรีบรรพต,ตะแพน,สำนักสงฆ์บ้านท่าข้าม,7.6775386,99.8988081,2,165,location_exact_normalized,1.0,1,ตะแพน|7
7,463,ศรีบรรพต,ตะแพน,9,8,9,อาคารโรงเรียนบ้านสวนโหนด,429,พัทลุง,อำเภอศรีบรรพต,ตะแพน,อาคารโรงเรียนบ้านสวนโหนด,7.6514478,99.9629591,2,166,location_exact_normalized,1.0,1,ตะแพน|8
7,464,ศรีนครินทร์,ล าสินธุ์,1,0,1,ศาลาประจ าหมู่บ้านบ้านคลองหมวย,687,พัทลุง,อำเภอศรีนครินทร์,ลำสินธุ์,ศาลาประจำหมู่บ้านบ้านคลองหมวย,7.565728799999999,99.9318053,2,209,location_exact_normalized,1.0,1,ล าสินธุ์|0
7,465,ศรีนครินทร์,ล าสินธุ์,2,1,2,ศาลาประจ าหมู่บ้านบ้านสวนหมาก,488,พัทลุง,อำเภอศรีนครินทร์,ลำสินธุ์,ศาลาประจำหมู่บ้านบ้านสวนหมาก,7.5045591,99.9073986,2,210,location_exact_normalized,1.0,1,ล าสินธุ์|1
7,466,ศรีนครินทร์,ล าสินธุ์,3,2,3,ศาลาประจ าหมู่บ้านบ้านล าสินธุ์,635,พัทลุง,อำเภอศรีนครินทร์,ลำสินธุ์,ศาลาประจำหมู่บ้านบ้านลำสินธุ์,7.533063,99.937284,2,211,location_exact_normalized,1.0,1,ล าสินธุ์|2
7,467,ศรีนครินทร์,ล าสินธุ์,4,3,4,ศาลาประจ าหมู่บ้านบ้านห้วยท าผัง,261,พัทลุง,อำเภอศรีนครินทร์,ลำสินธุ์,ศาลาประจำหมู่บ้านบ้านห้วยทำผัง,7.5045591,99.9073986,2,212,location_exact_normalized,1.0,1,ล าสินธุ์|3
7,468,ศรีนครินทร์,ล าสินธุ์,5,4,5,ศาลาประจ าหมู่บ้านบ้านโหล๊ะไฟ,483,พัทลุง,อำเภอศรีนครินทร์,ลำสินธุ์,ศาลาประจำหมู่บ้านบ้านโหล๊ะไฟ,7.507218399999999,99.9070129,2,213,location_exact_normalized,1.0,1,ล าสินธุ์|4
7,469,ศรีนครินทร์,ล าสินธุ์,6,5,6,ศาลาประจ าหมู่บ้านบ้านโตน,690,พัทลุง,อำเภอศรีนครินทร์,ลำสินธุ์,ศาลาประจำหมู่บ้านบ้านโตน,7.501031,99.9085119,2,214,location_exact_normalized,1.0,1,ล าสินธุ์|5
7,470,ศรีนครินทร์,ล าสินธุ์,7,6,7,ศาลาประจ าหมู่บ้านบ้านขาม,716,พัทลุง,อำเภอศรีนครินทร์,ลำสินธุ์,ศาลาประจำหมู่บ้านบ้านขาม,7.508669999999999,99.921707,2,215,location_exact_normalized,1.0,1,ล าสินธุ์|6
7,471,ศรีนครินทร์,ล าสินธุ์,8,7,8,ศาลาประจ าหมู่บ้านบ้านล าสินธุ์เหนือ,728,พัทลุง,อำเภอศรีนครินทร์,ลำสินธุ์,ศาลาประจำหมู่บ้านบ้านลำสินธุ์เหนือ,7.533063,99.937284,2,216,location_exact_normalized,1.0,1,ล าสินธุ์|7
7,472,ศรีนครินทร์,ล าสินธุ์,9,8,9,ศาลาประจ าหมู่บ้านบ้านโหล๊ะอม,312,พัทลุง,อำเภอศรีนครินทร์,ลำสินธุ์,ศาลาประจำหมู่บ้านบ้านโหล๊ะอม,7.5045591,99.9073986,2,217,location_exact_normalized,1.0,1,ล าสินธุ์|8
7,473,ศรีนครินทร์,อ่างทอง,1,0,1,ศาลาประจ าหมู่บ้านบ้านประดู่,535,พัทลุง,อำเภอศรีนครินทร์,อ่างทอง,ศาลาประจำหมู่บ้านบ้านประดู่,7.5629896,99.9241575,2,201,location_exact_normalized,1.0,1,อ่างทอง|0
7,474,ศรีนครินทร์,อ่างทอง,2,1,2,ศาลาอเนกประสงค์บ้านสวนหลวง,490,พัทลุง,อำเภอศรีนครินทร์,อ่างทอง,ศาลาอเนกประสงค์บ้านสวนหลวง,7.5564909,99.9744535,2,202,location_exact_normalized,1.0,1,อ่างทอง|1
7,475,ศรีนครินทร์,อ่างทอง,3,2,3,ศาลาประจ าหมู่บ้านบ้านอ่างทอง,618,พัทลุง,อำเภอศรีนครินทร์,อ่างทอง,ศาลาประจำหมู่บ้านบ้านอ่างทอง,7.5564909,99.9744535,2,203,location_exact_normalized,1.0,1,อ่างทอง|2
7,476,ศรีนครินทร์,อ่างทอง,4,3,4,ศาลาอเนกประสงค์บ้านโหล๊ะหนุน,676,พัทลุง,อำเภอศรีนครินทร์,อ่างทอง,ศาลาอเนกประสงค์บ้านโหล๊ะหนุน,7.5505741,99.9603319,2,204,location_exact_normalized,1.0,1,อ่างทอง|3
7,477,ศรีนครินทร์,อ่างทอง,5,4,5,ศาลาเอนกประสงค์บ้านปากแพรก,347,พัทลุง,อำเภอศรีนครินทร์,อ่างทอง,ศาลาอเนกประสงค์บ้านปากแพรก,7.5564909,99.9744535,2,205,location_fuzzy,0.9615,1,อ่างทอง|4
7,478,ศรีนครินทร์,อ่างทอง,6,5,6,ศาลาประจ าหมู่บ้านบ้านเกาะเหรียง,272,พัทลุง,อำเภอศรีนครินทร์,อ่างทอง,ศาลาประจำหมู่บ้านบ้านเกาะเหรียง,7.5629896,99.9241575,2,206,location_exact_normalized,1.0,1,อ่างทอง|5
7,479,ศรีนครินทร์,อ่างทอง,7,6,7,ศาลาเอนกประสงค์บ้านต้นตอ,389,พัทลุง,อำเภอศรีนครินทร์,อ่างทอง,ศาลาอเนกประสงค์บ้านต้นตอ,7.5564909,99.9744535,2,207,location_fuzzy,0.9583,1,อ่างทอง|6
7,480,ศรีนครินทร์,อ่างทอง,8,7,8,ศาลาอเนกประสงค์บ้านเกาะขัน,279,พัทลุง,อำเภอศรีนครินทร์,อ่างทอง,ศาลาอเนกประสงค์บ้านเกาะขัน,7.5564909,99.9744535,2,208,location_exact_normalized,1.0,1,อ่างทอง|7
7,481,ศรีนครินทร์,บ้านนา(เทศบาล),1,0,1,ศาลาอเนกประสงค์  ร.ร.บ้านนาวง,837,พัทลุง,ท้องถิ่นเทศบาลตำบลบ้านนา,บ้านนา,ศาลาอเนกประสงค์ ร.ร.บ้านนาวง,7.586495599999999,99.8579768,2,242,location_exact_normalized,1.0,1,บ้านนา(เทศบาล)|0
7,482,ศรีนครินทร์,บ้านนา(เทศบาล),2,1,2,ศาลาประจ าหมู่บ้านบ้านล าใน,215,พัทลุง,ท้องถิ่นเทศบาลตำบลบ้านนา,บ้านนา,ศาลาประจำหมู่บ้านบ้านลำใน,7.55964,99.885151,2,243,location_exact_normalized,1.0,1,บ้านนา(เทศบาล)|1
7,483,ศรีนครินทร์,บ้านนา(เทศบาล),3,2,3,ศาลาการเปรียญวัดบ้านนา,652,พัทลุง,ท้องถิ่นเทศบาลตำบลบ้านนา,บ้านนา,ศาลาการเปรียญวัดบ้านนา,7.562269,99.9131441,2,244,location_exact_normalized,1.0,1,บ้านนา(เทศบาล)|2
7,484,ศรีนครินทร์,บ้านนา(เทศบาล),4,3,4,ศูนย์ส่งเสริมสุขภาพราษฎร,497,พัทลุง,ท้องถิ่นเทศบาลตำบลบ้านนา,บ้านนา,ศูนย์ส่งเสริมสุขภาพราษฎร,7.5640073,99.8794744,2,245,location_exact_normalized,1.0,1,บ้านนา(เทศบาล)|3
7,485,ศรีนครินทร์,บ้านนา(เทศบาล),5,4,5,ศาลาประจ าหมู่บ้านบ้านต้นไทร,389,พัทลุง,ท้องถิ่นเทศบาลตำบลบ้านนา,บ้านนา,ศาลาประจำหมู่บ้านบ้านต้นไทร,7.569812799999999,99.8929252,2,246,location_exact_normalized,1.0,1,บ้านนา(เทศบาล)|4
7,486,ศรีนครินทร์,บ้านนา(เทศบาล),6,5,6,ศาลาอเนกประสงค์บ้านตีนนา,534,พัทลุง,ท้องถิ่นเทศบาลตำบลบ้านนา,บ้านนา,ศาลาอเนกประสงค์บ้านตีนนา,7.5640073,99.8794744,2,247,location_exact_normalized,1.0,1,บ้านนา(เทศบาล)|5
7,487,ศรีนครินทร์,บ้านนา(เทศบาล),7,6,7,ศาลาอเนกประสงค์บ้านหนองเหรียง,492,พัทลุง,ท้องถิ่นเทศบาลตำบลบ้านนา,บ้านนา,ศาลาอเนกประสงค์บ้านหนองเหรียง,7.5621172,99.8859108,2,248,location_exact_normalized,1.0,1,บ้านนา(เทศบาล)|6
7,488,ศรีนครินทร์,บ้านนา(เทศบาล),8,7,8,ศาลาประจ าหมู่บ้านบ้านคอกเสือ,723,พัทลุง,ท้องถิ่นเทศบาลตำบลบ้านนา,บ้านนา,ศาลาประจำหมู่บ้านบ้านคอกเสือ,7.5640073,99.8794744,2,249,location_exact_normalized,1.0,1,บ้านนา(เทศบาล)|7
7,489,ศรีนครินทร์,บ้านนา(เทศบาล),9,8,9,ศาลาประจ าหมู่บ้านบ้านวงศ์,407,พัทลุง,ท้องถิ่นเทศบาลตำบลบ้านนา,บ้านนา,ศาลาประจำหมู่บ้านบ้านวงค์,7.5640073,99.8794744,2,250,location_fuzzy,0.96,1,บ้านนา(เทศบาล)|8
7,490,ศรีนครินทร์,บ้านนา(เทศบาล),10,9,10,ศาลาอเนกประสงค์บ้านป่าสน,424,พัทลุง,ท้องถิ่นเทศบาลตำบลบ้านนา,บ้านนา,ศาลาอเนกประสงค์บ้านป่าสน,7.5640073,99.8794744,2,251,location_exact_normalized,1.0,1,บ้านนา(เทศบาล)|9
7,491,ศรีนครินทร์,บ้านนา(เทศบาล),11,10,11,ศาลาประจ าหมู่บ้านบ้านน ้าใต้บ่อ,519,พัทลุง,ท้องถิ่นเทศบาลตำบลบ้านนา,บ้านนา,ศาลาประจำหมู่บ้านบ้านน้ำใต้บ่อ,7.576822099999999,99.8753746,2,252,location_exact_normalized,1.0,1,บ้านนา(เทศบาล)|10
7,492,ศรีนครินทร์,บ้านนา(เทศบาล),12,11,12,ที่ท าการกลุ่มสตรีบ้านล าในใต้,454,พัทลุง,ท้องถิ่นเทศบาลตำบลบ้านนา,บ้านนา,ที่ทำการกลุ่มแม่บ้านลำในใต้,7.5640073,99.8794744,2,253,location_fuzzy,0.8727,1,บ้านนา(เทศบาล)|11
7,493,ศรีนครินทร์,ชุมพล(เทศบาล),1,0,1,ศาลาประจ าหมู่บ้านบ้านชุมพล,732,พัทลุง,ท้องถิ่นเทศบาลตำบลชุมพล,ชุมพล,ศาลาประจำหมู่บ้านบ้านชุมพล,7.6050041,99.9493424,2,227,location_exact_normalized,1.0,1,ชุมพล(เทศบาล)|0
7,494,ศรีนครินทร์,ชุมพล(เทศบาล),2,1,2,ศาลาประจ าหมู่บ้านบ้านหนองปริง,432,พัทลุง,ท้องถิ่นเทศบาลตำบลชุมพล,ชุมพล,ศาลาประจำหมู่บ้านบ้านหนองปริง,7.6050041,99.9493424,2,228,location_exact_normalized,1.0,1,ชุมพล(เทศบาล)|1
7,495,ศรีนครินทร์,ชุมพล(เทศบาล),3,2,3,ศาลาประจ าหมู่บ้านบ้านหนองเสม็ด,434,พัทลุง,ท้องถิ่นเทศบาลตำบลชุมพล,ชุมพล,ศาลาประจำหมู่บ้านบ้านหนองเสม็ด,7.615725099999999,99.9576849,2,229,location_exact_normalized,1.0,1,ชุมพล(เทศบาล)|2
7,496,ศรีนครินทร์,ชุมพล(เทศบาล),4,3,3,ศาลาการเปรียญวัดล ากะ,816,พัทลุง,ท้องถิ่นเทศบาลตำบลชุมพล,ชุมพล,ศาลาการเปรียญวัดลำกะ,7.5827562,99.9618832,2,230,location_exact_normalized,1.0,1,ชุมพล(เทศบาล)|3
7,497,ศรีนครินทร์,ชุมพล(เทศบาล),5,4,4,ศาลาประจ าหมู่บ้านบ้านห้วยไทร,459,พัทลุง,ท้องถิ่นเทศบาลตำบลชุมพล,ชุมพล,ศาลาประจำหมู่บ้านบ้านห้วยไทร,7.615725099999999,99.9576849,2,231,location_exact_normalized,1.0,1,ชุมพล(เทศบาล)|4
8,498,ศรีนครินทร์,ชุมพล(เทศบาล),6,5,5,ศาลาประจ าหมู่บ้านบ้านหนองหาญ (หนองโหล๊ะ),617,พัทลุง,ท้องถิ่นเทศบาลตำบลชุมพล,ชุมพล,ศาลาประจำหมู่บ้านบ้านหนองหาญ (หนองโหล๊ะ),7.6050041,99.9493424,2,232,location_exact_normalized,1.0,1,ชุมพล(เทศบาล)|5
8,499,ศรีนครินทร์,ชุมพล(เทศบาล),7,6,6,ศาลาอเนกประสงค์บ้านทุ่งยวน,319,พัทลุง,ท้องถิ่นเทศบาลตำบลชุมพล,ชุมพล,ศาลาอเนกประสงค์บ้านทุ่งยวน,7.6050041,99.9493424,2,233,location_exact_normalized,1.0,1,ชุมพล(เทศบาล)|6
8,500,ศรีนครินทร์,ชุมพล(เทศบาล),8,7,7,ศาลาประจ าหมู่บ้านบ้านควนดินสอ,804,พัทลุง,ท้องถิ่นเทศบาลตำบลชุมพล,ชุมพล,ศาลาประจำหมู่บ้านบ้านควนดินสอ,7.6050041,99.9493424,2,234,location_exact_normalized,1.0,1,ชุมพล(เทศบาล)|7
8,501,ศรีนครินทร์,ชุมพล(เทศบาล),9,8,8,ศาลาอเนกประสงค์บ้านสวนโหนด,346,พัทลุง,ท้องถิ่นเทศบาลตำบลชุมพล,ชุมพล,ศาลาอเนกประสงค์บ้านสวนโหนด,7.650070299999999,99.9772486,2,235,location_exact_normalized,1.0,1,ชุมพล(เทศบาล)|8
8,502,ศรีนครินทร์,ชุมพล(เทศบาล),10,9,9,ศาลาประจ าหมู่บ้านบ้านหนองหว้า,401,พัทลุง,ท้องถิ่นเทศบาลตำบลชุมพล,ชุมพล,ศาลาประจำหมู่บ้านบ้านหนองหว้า,17.0245089,102.9780981,2,236,location_exact_normalized,1.0,1,ชุมพล(เทศบาล)|9
8,503,ศรีนครินทร์,ชุมพล(เทศบาล),11,10,10,ศาลาประจ าหมู่บ้านบ้านล ากะ,650,พัทลุง,ท้องถิ่นเทศบาลตำบลชุมพล,ชุมพล,ศาลาประจำหมู่บ้านบ้านลำกะ,7.6050041,99.9493424,2,237,location_exact_normalized,1.0,1,ชุมพล(เทศบาล)|10
8,504,ศรีนครินทร์,ชุมพล(เทศบาล),12,11,11,ศาลาประจ าหมู่บ้านบ้านต้นธง,297,พัทลุง,ท้องถิ่นเทศบาลตำบลชุมพล,ชุมพล,ศาลาประจำหมู่บ้านบ้านต้นธง,7.6050041,99.9493424,2,238,location_exact_normalized,1.0,1,ชุมพล(เทศบาล)|11
8,505,ศรีนครินทร์,ชุมพล(เทศบาล),13,12,12,ศาลาประจ าหมู่บ้านบ้านนารา,300,พัทลุง,ท้องถิ่นเทศบาลตำบลชุมพล,ชุมพล,ศาลาประจำหมู่บ้านบ้านนารา,7.615725099999999,99.9576849,2,239,location_exact_normalized,1.0,1,ชุมพล(เทศบาล)|12
8,506,ศรีนครินทร์,ชุมพล(เทศบาล),14,13,13,ศาลาประจ าหมู่บ้านบ้านหนองโหรง,335,พัทลุง,ท้องถิ่นเทศบาลตำบลชุมพล,ชุมพล,ศาลาประจำหมู่บ้านบ้านหนองโหรง,7.615725099999999,99.9576849,2,240,location_exact_normalized,1.0,1,ชุมพล(เทศบาล)|13
8,507,ศรีนครินทร์,ชุมพล(เทศบาล),15,14,14,ศาลาประจ าหมู่บ้านบ้านชุมทอง,287,พัทลุง,ท้องถิ่นเทศบาลตำบลชุมพล,ชุมพล,ศาลาประจำหมู่บ้านบ้านชุมทอง,7.6050041,99.9493424,2,241,location_exact_normalized,1.0,1,ชุมพล(เทศบาล)|14
8,508,กงหรา,สมหวัง,1,0,1,ศาลาประจ าหมู่บ้านบ้านคลองล า,386,พัทลุง,อำเภอกงหรา,สมหวัง,ศาลาประจำหมู่บ้านบ้านคลองลำ,7.5077431,100.0024084,2,0,location_exact_normalized,1.0,1,สมหวัง|0
8,509,กงหรา,สมหวัง,2,1,2,ศาลาประชาร่วมใจ (ช่องเตย),778,พัทลุง,อำเภอกงหรา,สมหวัง,ศาลาประชาร่วมใจ (ช่องเตย),7.5077431,100.0024084,2,1,location_exact_normalized,1.0,1,สมหวัง|1
8,510,กงหรา,สมหวัง,3,2,3,ศาลาประจ าหมู่บ้านบ้านสมหวังตก,508,พัทลุง,อำเภอกงหรา,สมหวัง,ศาลาประจำหมู่บ้านบ้านสมหวังตก,7.52108,100.008,2,2,location_exact_normalized,1.0,1,สมหวัง|2
8,511,กงหรา,สมหวัง,4,3,4,โรงเรียนวัดหวัง,478,พัทลุง,อำเภอกงหรา,สมหวัง,โรงเรียนวัดหวัง,7.5076504,99.9837692,2,3,location_exact_normalized,1.0,1,สมหวัง|3
8,512,กงหรา,สมหวัง,5,4,4,ศาลาการเปรียญวัดสมหวัง,483,พัทลุง,อำเภอกงหรา,สมหวัง,ศาลาการเปรียญวัดสมหวัง,7.507084499999999,99.9848915,2,4,location_exact_normalized,1.0,1,สมหวัง|4
8,513,กงหรา,สมหวัง,6,5,5,ศาลาประจ าหมู่บ้านบ้านไสคุณเปลือย,464,พัทลุง,อำเภอกงหรา,สมหวัง,ศาลาประจำหมู่บ้านบ้านไสคุณเปลือย,7.4978326,100.015403,2,5,location_exact_normalized,1.0,1,สมหวัง|5
8,514,กงหรา,สมหวัง,7,6,6,ศาลาประจ าหมู่บ้านบ้านพรุนาแด้,526,พัทลุง,อำเภอกงหรา,สมหวัง,ศาลาประจำหมู่บ้านบ้านพรุนาแด้,7.4922222,100.0025,2,6,location_exact_normalized,1.0,1,สมหวัง|6
8,515,กงหรา,สมหวัง,8,7,7,ศาลาประจ าหมู่บ้านบ้านทุ่งเลียบ,234,พัทลุง,อำเภอกงหรา,สมหวัง,ศาลาประจำหมู่บ้านบ้านทุ่งเลียบ,7.550502400000001,100.0024084,2,7,location_exact_normalized,1.0,1,สมหวัง|7
8,516,กงหรา,ชะรัด(เทศบาล),1,0,1,ศาลาประจ าหมู่บ้านบ้านต้นประดู่,702,พัทลุง,ท้องถิ่นเทศบาลตำบลชะรัด,ชะรัด,ศาลาประจำหมู่บ้านบ้านต้นประดู่,7.4710752,99.9927726,2,218,location_exact_normalized,1.0,1,ชะรัด(เทศบาล)|0
8,517,กงหรา,ชะรัด(เทศบาล),2,1,2,ศาลาประจ าหมู่บ้านบ้านวังปริง,515,พัทลุง,ท้องถิ่นเทศบาลตำบลชะรัด,ชะรัด,ศาลาประจำหมู่บ้านบ้านวังปริง,7.477495999999999,100.0135447,2,219,location_exact_normalized,1.0,1,ชะรัด(เทศบาล)|1
8,518,กงหรา,ชะรัด(เทศบาล),3,2,3,ศาลาประจ าหมู่บ้านบ้านหัวหรั่ง,752,พัทลุง,ท้องถิ่นเทศบาลตำบลชะรัด,ชะรัด,ศาลาประจำหมู่บ้านบ้านหัวหรั่ง,7.471108099999999,100.0050042,2,220,location_exact_normalized,1.0,1,ชะรัด(เทศบาล)|2
8,519,กงหรา,ชะรัด(เทศบาล),4,3,4,ศาลาประจ าหมู่บ้านบ้านท่ายาง,432,พัทลุง,ท้องถิ่นเทศบาลตำบลชะรัด,ชะรัด,ศาลาประจำหมู่บ้านบ้านท่ายาง,7.470731900000001,99.9856344,2,221,location_exact_normalized,1.0,1,ชะรัด(เทศบาล)|3
8,520,กงหรา,ชะรัด(เทศบาล),5,4,5,อาคารส านักงานเทศบาลต าบลชะรัด,534,พัทลุง,ท้องถิ่นเทศบาลตำบลชะรัด,ชะรัด,อาคารสำนักงานเทศบาลตำบลชะรัด,7.471220799999999,99.979161,2,222,location_exact_normalized,1.0,2,ชะรัด(เทศบาล)|4
8,521,กงหรา,ชะรัด(เทศบาล),6,5,5,อาคารส านักงานเทศบาลต าบลชะรัด,539,พัทลุง,ท้องถิ่นเทศบาลตำบลชะรัด,ชะรัด,อาคารสำนักงานเทศบาลตำบลชะรัด,7.471220799999999,99.979161,2,222,location_exact_normalized,1.0,2,ชะรัด(เทศบาล)|5
8,522,กงหรา,ชะรัด(เทศบาล),7,6,6,ศาลาอเนกประสงค์บ้านนามะพร้าว,385,พัทลุง,ท้องถิ่นเทศบาลตำบลชะรัด,ชะรัด,ศาลาอเนกประสงค์บ้านนามะพร้าว,7.470731900000001,99.9856344,2,223,location_exact_normalized,1.0,1,ชะรัด(เทศบาล)|6
8,523,กงหรา,ชะรัด(เทศบาล),8,7,7,ศูนย์ถ่ายทอดเทคโนโลยีต าบลชะรัด,717,พัทลุง,ท้องถิ่นเทศบาลตำบลชะรัด,ชะรัด,ศูนย์ถ่ายทอดเทคโนโลยีตำบลชะรัด,7.470731900000001,99.9856344,2,224,location_exact_normalized,1.0,1,ชะรัด(เทศบาล)|7
8,524,กงหรา,ชะรัด(เทศบาล),9,8,8,ศาลาประจ าหมู่บ้านบ้านหูเล่,456,พัทลุง,ท้องถิ่นเทศบาลตำบลชะรัด,ชะรัด,ศาลาประจำหมู่บ้านบ้านหูเล่,7.470731900000001,99.9856344,2,225,location_exact_normalized,1.0,1,ชะรัด(เทศบาล)|8
8,525,กงหรา,ชะรัด(เทศบาล),10,9,9,ศาลาประจ าหมู่บ้านบ้านสะพานแต้ว,609,พัทลุง,ท้องถิ่นเทศบาลตำบลชะรัด,ชะรัด,ศาลาประจำหมู่บ้านบ้านสะพานแต้ว,7.470731900000001,99.9856344,2,226,location_exact_normalized,1.0,1,ชะรัด(เทศบาล)|9
