district,subdistrict,unit_index,form_type,vote_phase,ballot_total,ballot_valid,ballot_invalid,ballot_no_vote,นิติศักดิ์ ธรรมเพชร,พ.ต.อ.พงศ์พสิษฐ์ ทองด้วง,ภพเอกอัคร อินทรโม,วรท เทอดวีระพงศ์,ศุภกร ขุนชิต,สมเสริม ชูรักษ์,อธิคม ขุนแก้ว,pdf_page,pdf_sequence,unit_district,source_subdistrict_pdf,polling_unit_no,moo,polling_place_pdf,registered_voters_66,province,registrar,latlong_subdistrict,latlong_location,latitude,longitude,electorate,latlong_row_id,latlong_match_method,latlong_match_score,coordinate_reused_count,merge_key_subdistrict_unit,latlong_merge_status,latlong_result_match_method
ควนขนุน,ควนขนุน(เทศบาล),0,constituency,election_day,256,237,5,14,64,4,37,115,12,3,2,4,377,ควนขนุน,ควนขนุน(เทศบาล),1,5,อาคารอเนกประสงค์ ส านักงานเทศบาลต าบลควนขนุน,349,พัทลุง,ท้องถิ่นเทศบาลตำบลควนขนุน,ควนขนุน,อาคารอเนกประสงค์ สำนักงานเทศบาลตำบลควนขนุน,7.734476799999999,100.0124479,2,268,location_exact_normalized,1.0,1,ควนขนุน(เทศบาล)|0,matched,exact_key
ควนขนุน,ควนขนุน(เทศบาล),1,constituency,election_day,337,322,6,9,76,9,50,163,22,0,2,4,378,ควนขนุน,ควนขนุน(เทศบาล),2,9,อาคารหอประชุมโรงเรียนบ้านควนขนุน,479,พัทลุง,ท้องถิ่นเทศบาลตำบลควนขนุน,ควนขนุน,อาคารหอประชุม โรงเรียนบ้านควนขนุน,7.733656099999999,100.007411,2,269,location_exact_normalized,1.0,1,ควนขนุน(เทศบาล)|1,matched,exact_key
ควนขนุน,ควนขนุน(เทศบาล),2,constituency,election_day,403,383,4,16,94,4,62,187,34,1,1,4,379,ควนขนุน,ควนขนุน(เทศบาล),3,9,ศาลาการเปรียญวัดสุวรรณวิชัย,599,พัทลุง,ท้องถิ่นเทศบาลตำบลควนขนุน,ควนขนุน,ศาลาการเปรียญ วัดสุวรรณวิชัย,7.737481399999999,100.0066003,2,270,location_exact_normalized,1.0,1,ควนขนุน(เทศบาล)|2,matched,exact_key
ควนขนุน,ควนขนุน(เทศบาล),3,constituency,election_day,206,199,1,6,23,5,41,112,17,0,1,4,380,ควนขนุน,ควนขนุน(เทศบาล),4,9,อาคารพ่อท่านนะ  วัดสุวรรณวิชัย,296,พัทลุง,ท้องถิ่นเทศบาลตำบลควนขนุน,ควนขนุน,อาคารพ่อท่านนะ วัดสุวรรณวิชัย,7.7484794,100.0080005,2,271,location_exact_normalized,1.0,1,ควนขนุน(เทศบาล)|3,matched,exact_key
ควนขนุน,ควนขนุน,0,constituency,election_day,384,378,4,2,134,8,23,201,11,1,0,4,381,ควนขนุน,ควนขนุน,1,1,ศาลาประจ าหมู่บ้านบ้านควนบก,447,พัทลุง,อำเภอควนขนุน,ควนขนุน,ศาลาประจำหมู่บ้านบ้านควนบก,7.7485644,100.007979,2,8,location_exact_normalized,1.0,1,ควนขนุน|0,matched,exact_key
ควนขนุน,ควนขนุน,1,constituency,election_day,305,297,5,3,100,1,23,167,6,0,0,4,382,ควนขนุน,ควนขนุน,2,2,ศาลา อพป.บ้านดอนนูด,399,พัทลุง,อำเภอควนขนุน,ควนขนุน,ศาลา อพป.บ้านดอนนูด,7.7484794,100.0080005,2,9,location_exact_normalized,1.0,1,ควนขนุน|1,matched,exact_key
ควนขนุน,ควนขนุน,2,constituency,election_day,639,605,15,19,150,2,76,336,35,2,4,4,383,ควนขนุน,ควนขนุน,3,3,ศาลาประจ าหมู่บ้านบ้านโคกวัด,761,พัทลุง,อำเภอควนขนุน,ควนขนุน,ศาลาประจำหมู่บ้านบ้านโคกวัด,7.747440399999999,99.9966606,2,10,location_exact_normalized,1.0,1,ควนขนุน|2,matched,exact_key
ควนขนุน,ควนขนุน,3,constituency,election_day,707,675,17,15,226,5,78,310,56,0,0,4,384,ควนขนุน,ควนขนุน,4,4,ศาลาประจ าหมู่บ้านบ้านโคกวา,909,พัทลุง,อำเภอควนขนุน,ควนขนุน,ศาลาประจำหมู่บ้านบ้านโคกวา,7.7516832,100.0132899,2,11,location_exact_normalized,1.0,1,ควนขนุน|3,matched,exact_key
ควนขนุน,ควนขนุน,4,constituency,election_day,381,371,5,5,166,6,38,144,16,0,1,4,385,ควนขนุน,ควนขนุน,5,5,ศาลาประจ าหมู่บ้านบ้านเพิง,465,พัทลุง,อำเภอควนขนุน,ควนขนุน,ศาลาประจำหมู่บ้านบ้านเพิง,7.764699,100.0024084,2,12,location_exact_normalized,1.0,1,ควนขนุน|4,matched,exact_key
ควนขนุน,ควนขนุน,5,constituency,election_day,623,598,12,13,240,6,51,270,27,1,3,4,386,ควนขนุน,ควนขนุน,6,6,ศาลาประจ าหมู่บ้านบ้านควนพลี,735,พัทลุง,อำเภอควนขนุน,ควนขนุน,ศาลาประจำหมู่บ้านบ้านควนพลี,7.7625474,100.0007649,2,13,location_exact_normalized,1.0,1,ควนขนุน|5,matched,exact_key
ควนขนุน,ควนขนุน,6,constituency,election_day,374,360,9,5,35,2,37,252,33,0,1,4,387,ควนขนุน,ควนขนุน,7,7,ศาลาประจ าหมู่บ้านบ้านโพธิ์,489,พัทลุง,อำเภอควนขนุน,ควนขนุน,ศาลาประจำหมู่บ้านบ้านโพธิ์,7.764699,100.0024084,2,14,location_exact_normalized,1.0,1,ควนขนุน|6,matched,exact_key
ควนขนุน,ควนขนุน,7,constituency,election_day,208,203,5,0,63,1,5,128,6,0,0,4,388,ควนขนุน,ควนขนุน,8,8,ศาลาประจ าหมู่บ้านบ้านข่อยม้า,256,พัทลุง,อำเภอควนขนุน,ควนขนุน,ศาลาประจำหมู่บ้านบ้านข่อยม้า,7.764699,100.0024084,2,15,location_exact_normalized,1.0,1,ควนขนุน|7,matched,exact_key
ควนขนุน,ควนขนุน,8,constituency,election_day,80,77,0,3,8,0,9,47,11,2,0,4,389,ควนขนุน,ควนขนุน,9,9,ศาลาประจ าหมู่บ้าน หมู่ที่ 9 บ้านควนขนุน,104,พัทลุง,อำเภอควนขนุน,ควนขนุน,ศาลาประจำหมู่บ้าน หมู่ที่ 9 บ้านควนขนุน,7.735698699999999,100.0077949,2,16,location_exact_normalized,1.0,1,ควนขนุน|8,matched,exact_key
ควนขนุน,ชะมวง,0,constituency,election_day,573,552,10,11,122,5,46,340,38,1,0,2,310,ควนขนุน,ชะมวง,1,1,ศาลาประจ าหมู่บ้านบ้านชะมวง,715,พัทลุง,อำเภอควนขนุน,ชะมวง,ศาลาประจำหมู่บ้านบ้านชะมวง,7.3838149,100.2598974,2,114,location_exact_normalized,1.0,1,ชะมวง|0,matched,exact_key
ควนขนุน,ชะมวง,1,constituency,election_day,194,182,5,7,56,2,19,96,9,0,0,2,311,ควนขนุน,ชะมวง,2,2|4,ศาลาการเปรียญวัดพิกุลทอง,257,พัทลุง,อำเภอควนขนุน,ชะมวง,ศาลาการเปรียญวัดพิกุลทอง,7.7408104,99.9839132,2,115,location_exact_normalized,1.0,1,ชะมวง|1,matched,exact_key
ควนขนุน,ชะมวง,2,constituency,election_day,545,525,14,6,115,0,62,320,25,1,2,2,312,ควนขนุน,ชะมวง,3,3,ศาลาประจ าหมู่บ้านบ้านศาลาต าเสา,646,พัทลุง,อำเภอควนขนุน,ชะมวง,ศาลาประจำหมู่บ้านบ้านศาลาตำเสา,7.7885424,99.9643809,2,116,location_exact_normalized,1.0,1,ชะมวง|2,matched,exact_key
ควนขนุน,ชะมวง,3,constituency,election_day,185,181,2,2,47,1,5,122,6,0,0,2,313,ควนขนุน,ชะมวง,4,5,ศาลาประจ าหมู่บ้านบ้านหนักขัน,226,พัทลุง,อำเภอควนขนุน,ชะมวง,ศาลาประจำหมู่บ้านบ้านหนักขัน,7.7419453,99.9723573,2,117,location_exact_normalized,1.0,1,ชะมวง|3,matched,exact_key
ควนขนุน,ชะมวง,4,constituency,election_day,511,501,3,7,109,7,25,348,11,1,0,2,314,ควนขนุน,ชะมวง,5,6,ศาลาประจ าหมู่บ้านบ้านไสเตียน,605,พัทลุง,อำเภอควนขนุน,ชะมวง,ศาลาประจำหมู่บ้านบ้านไสเตียน,7.753196000000001,99.9551971,2,118,location_exact_normalized,1.0,1,ชะมวง|4,matched,exact_key
ควนขนุน,ชะมวง,5,constituency,election_day,326,315,6,5,43,1,10,248,12,0,1,2,315,ควนขนุน,ชะมวง,6,7,ศาลาประจ าหมู่บ้านบ้านค่ายไพออก,387,พัทลุง,อำเภอควนขนุน,ชะมวง,ศาลาประจำหมู่บ้านบ้านค่ายไพออก,7.3838149,100.2598974,2,119,location_exact_normalized,1.0,1,ชะมวง|5,matched,exact_key
ควนขนุน,ชะมวง,6,constituency,election_day,394,387,4,3,50,5,5,315,12,0,0,2,316,ควนขนุน,ชะมวง,7,8,ศาลาประจ าหมู่บ้านบ้านค่ายไพตก,448,พัทลุง,อำเภอควนขนุน,ชะมวง,ศาลาประจำหมู่บ้านบ้านค่ายไพตก,7.3838149,100.2598974,2,120,location_exact_normalized,1.0,1,ชะมวง|6,matched,exact_key
ควนขนุน,ชะมวง,7,constituency,election_day,360,347,8,5,30,3,23,248,41,2,0,2,317,ควนขนุน,ชะมวง,8,9,ศาลาประจ าหมู่บ้านบ้านไทรโกบ,468,พัทลุง,อำเภอควนขนุน,ชะมวง,ศาลาประจำหมู่บ้านบ้านไทรโกบ,7.7372374,99.973056,2,121,location_exact_normalized,1.0,1,ชะมวง|7,matched,exact_key
ควนขนุน,ชะมวง,8,constituency,election_day,328,315,6,7,49,1,36,197,28,0,4,2,318,ควนขนุน,ชะมวง,9,10,ศาลาประจ าหมู่บ้านบ้านหัวถนน,420,พัทลุง,อำเภอควนขนุน,ชะมวง,ศาลาประจำหมู่บ้านบ้านหัวถนน,7.736974900000001,99.9842367,2,122,location_exact_normalized,1.0,1,ชะมวง|8,matched,exact_key
ควนขนุน,ชะมวง,9,constituency,election_day,196,191,1,4,44,0,18,116,10,1,2,2,319,ควนขนุน,ชะมวง,10,11,ศาลาประจ าหมู่บ้านบ้านปาบ,257,พัทลุง,อำเภอควนขนุน,ชะมวง,ศาลาประจำหมู่บ้านบ้านปาบ,7.737530199999998,99.9891287,2,123,location_exact_normalized,1.0,1,ชะมวง|9,matched,exact_key
ควนขนุน,ชะมวง,10,constituency,election_day,486,476,9,1,161,1,24,266,21,1,2,2,320,ควนขนุน,ชะมวง,11,12,ศาลาประจ าหมู่บ้านบ้านสามหนอง,539,พัทลุง,อำเภอควนขนุน,ชะมวง,ศาลาประจำหมู่บ้านบ้านสามหนอง,7.771804299999999,99.9381744,2,124,location_exact_normalized,1.0,1,ชะมวง|10,matched,exact_key
ควนขนุน,ชะมวง,11,constituency,election_day,296,285,5,6,83,1,13,174,14,0,0,2,321,ควนขนุน,ชะมวง,12,13,ศาลาประจ าหมู่บ้านบ้านศาลาม่วง,336,พัทลุง,อำเภอควนขนุน,ชะมวง,ศาลาประจำหมู่บ้านบ้านศาลาม่วง,7.7427958,99.9646715,2,125,location_exact_normalized,1.0,1,ชะมวง|11,matched,exact_key
ควนขนุน,ชะมวง,12,constituency,election_day,462,448,9,5,93,1,44,285,23,0,2,2,322,ควนขนุน,ชะมวง,13,14,ศาลาประจ าหมู่บ้านบ้านไสตอ,552,พัทลุง,อำเภอควนขนุน,ชะมวง,ศาลาประจำหมู่บ้านบ้านไสตอ,7.7851689,99.9546944,2,126,location_exact_normalized,1.0,1,ชะมวง|12,matched,exact_key
ควนขนุน,ชะมวง,13,constituency,election_day,588,572,9,7,166,2,73,291,37,1,2,3,323,ควนขนุน,ชะมวง,14,15,ศาลาประจ าหมู่บ้านบ้านหยีใน,668,พัทลุง,อำเภอควนขนุน,ชะมวง,ศาลาประจำหมู่บ้านบ้านหยีใน,7.769434400000001,99.9700718,2,127,location_exact_normalized,1.0,1,ชะมวง|13,matched,exact_key
ควนขนุน,ชะมวง,14,constituency,election_day,366,349,10,7,84,0,33,218,12,2,0,3,324,ควนขนุน,ชะมวง,15,16,ศาลาประจ าหมู่บ้านบ้านไสตอตก,425,พัทลุง,อำเภอควนขนุน,ชะมวง,ศาลาประจำหมู่บ้านบ้านไสตอตก,7.7851689,99.9546944,2,128,location_exact_normalized,1.0,1,ชะมวง|14,matched,exact_key
กงหรา2,ชะรัด,0,constituency,election_day,593,565,14,14,209,1,42,278,31,2,2,8,516,กงหรา,ชะรัด(เทศบาล),1,1,ศาลาประจ าหมู่บ้านบ้านต้นประดู่,702,พัทลุง,ท้องถิ่นเทศบาลตำบลชะรัด,ชะรัด,ศาลาประจำหมู่บ้านบ้านต้นประดู่,7.4710752,99.9927726,2,218,location_exact_normalized,1.0,1,ชะรัด(เทศบาล)|0,matched,fallback_unique_subdistrict_key
กงหรา2,ชะรัด,1,constituency,election_day,419,393,17,9,118,4,27,215,27,2,0,8,517,กงหรา,ชะรัด(เทศบาล),2,2,ศาลาประจ าหมู่บ้านบ้านวังปริง,515,พัทลุง,ท้องถิ่นเทศบาลตำบลชะรัด,ชะรัด,ศาลาประจำหมู่บ้านบ้านวังปริง,7.477495999999999,100.0135447,2,219,location_exact_normalized,1.0,1,ชะรัด(เทศบาล)|1,matched,fallback_unique_subdistrict_key
กงหรา2,ชะรัด,2,constituency,election_day,655,619,26,10,232,3,70,273,39,2,0,8,518,กงหรา,ชะรัด(เทศบาล),3,3,ศาลาประจ าหมู่บ้านบ้านหัวหรั่ง,752,พัทลุง,ท้องถิ่นเทศบาลตำบลชะรัด,ชะรัด,ศาลาประจำหมู่บ้านบ้านหัวหรั่ง,7.471108099999999,100.0050042,2,220,location_exact_normalized,1.0,1,ชะรัด(เทศบาล)|2,matched,fallback_unique_subdistrict_key
กงหรา2,ชะรัด,3,constituency,election_day,331,313,4,14,190,2,18,79,21,1,2,8,519,กงหรา,ชะรัด(เทศบาล),4,4,ศาลาประจ าหมู่บ้านบ้านท่ายาง,432,พัทลุง,ท้องถิ่นเทศบาลตำบลชะรัด,ชะรัด,ศาลาประจำหมู่บ้านบ้านท่ายาง,7.470731900000001,99.9856344,2,221,location_exact_normalized,1.0,1,ชะรัด(เทศบาล)|3,matched,fallback_unique_subdistrict_key
กงหรา2,ชะรัด,4,constituency,election_day,399,383,12,4,204,2,33,92,50,1,1,8,520,กงหรา,ชะรัด(เทศบาล),5,5,อาคารส านักงานเทศบาลต าบลชะรัด,534,พัทลุง,ท้องถิ่นเทศบาลตำบลชะรัด,ชะรัด,อาคารสำนักงานเทศบาลตำบลชะรัด,7.471220799999999,99.979161,2,222,location_exact_normalized,1.0,2,ชะรัด(เทศบาล)|4,matched,fallback_unique_subdistrict_key
กงหรา2,ชะรัด,5,constituency,election_day,429,411,14,4,201,6,18,137,49,0,0,8,521,กงหรา,ชะรัด(เทศบาล),6,5,อาคารส านักงานเทศบาลต าบลชะรัด,539,พัทลุง,ท้องถิ่นเทศบาลตำบลชะรัด,ชะรัด,อาคารสำนักงานเทศบาลตำบลชะรัด,7.471220799999999,99.979161,2,222,location_exact_normalized,1.0,2,ชะรัด(เทศบาล)|5,matched,fallback_unique_subdistrict_key
กงหรา2,ชะรัด,6,constituency,election_day,277,264,7,6,73,1,30,142,16,1,1,8,522,กงหรา,ชะรัด(เทศบาล),7,6,ศาลาอเนกประสงค์บ้านนามะพร้าว,385,พัทลุง,ท้องถิ่นเทศบาลตำบลชะรัด,ชะรัด,ศาลาอเนกประสงค์บ้านนามะพร้าว,7.470731900000001,99.9856344,2,223,location_exact_normalized,1.0,1,ชะรัด(เทศบาล)|6,matched,fallback_unique_subdistrict_key
กงหรา2,ชะรัด,7,constituency,election_day,617,590,14,13,211,3,69,277,26,3,1,8,523,กงหรา,ชะรัด(เทศบาล),8,7,ศูนย์ถ่ายทอดเทคโนโลยีต าบลชะรัด,717,พัทลุง,ท้องถิ่นเทศบาลตำบลชะรัด,ชะรัด,ศูนย์ถ่ายทอดเทคโนโลยีตำบลชะรัด,7.470731900000001,99.9856344,2,224,location_exact_normalized,1.0,1,ชะรัด(เทศบาล)|7,matched,fallback_unique_subdistrict_key
กงหรา2,ชะรัด,8,constituency,election_day,383,341,15,27,139,1,41,123,35,1,1,8,524,กงหรา,ชะรัด(เทศบาล),9,8,ศาลาประจ าหมู่บ้านบ้านหูเล่,456,พัทลุง,ท้องถิ่นเทศบาลตำบลชะรัด,ชะรัด,ศาลาประจำหมู่บ้านบ้านหูเล่,7.470731900000001,99.9856344,2,225,location_exact_normalized,1.0,1,ชะรัด(เทศบาล)|8,matched,fallback_unique_subdistrict_key
กงหรา2,ชะรัด,9,constituency,election_day,517,490,18,9,208,2,36,213,26,4,1,8,525,กงหรา,ชะรัด(เทศบาล),10,9,ศาลาประจ าหมู่บ้านบ้านสะพานแต้ว,609,พัทลุง,ท้องถิ่นเทศบาลตำบลชะรัด,ชะรัด,ศาลาประจำหมู่บ้านบ้านสะพานแต้ว,7.470731900000001,99.9856344,2,226,location_exact_normalized,1.0,1,ชะรัด(เทศบาล)|9,matched,fallback_unique_subdistrict_key
ศรีนครินทร์,ชุมพล,0,constituency,election_day,645,610,13,22,343,2,51,170,42,1,1,7,493,ศรีนครินทร์,ชุมพล(เทศบาล),1,1,ศาลาประจ าหมู่บ้านบ้านชุมพล,732,พัทลุง,ท้องถิ่นเทศบาลตำบลชุมพล,ชุมพล,ศาลาประจำหมู่บ้านบ้านชุมพล,7.6050041,99.9493424,2,227,location_exact_normalized,1.0,1,ชุมพล(เทศบาล)|0,matched,fallback_unique_subdistrict_key
ศรีนครินทร์,ชุมพล,1,constituency,election_day,345,332,8,5,190,3,48,66,24,1,0,7,494,ศรีนครินทร์,ชุมพล(เทศบาล),2,2,ศาลาประจ าหมู่บ้านบ้านหนองปริง,432,พัทลุง,ท้องถิ่นเทศบาลตำบลชุมพล,ชุมพล,ศาลาประจำหมู่บ้านบ้านหนองปริง,7.6050041,99.9493424,2,228,location_exact_normalized,1.0,1,ชุมพล(เทศบาล)|1,matched,fallback_unique_subdistrict_key
ศรีนครินทร์,ชุมพล,2,constituency,election_day,363,342,11,10,206,1,15,88,32,0,0,7,495,ศรีนครินทร์,ชุมพล(เทศบาล),3,3,ศาลาประจ าหมู่บ้านบ้านหนองเสม็ด,434,พัทลุง,ท้องถิ่นเทศบาลตำบลชุมพล,ชุมพล,ศาลาประจำหมู่บ้านบ้านหนองเสม็ด,7.615725099999999,99.9576849,2,229,location_exact_normalized,1.0,1,ชุมพล(เทศบาล)|2,matched,fallback_unique_subdistrict_key
ศรีนครินทร์,ชุมพล,3,constituency,election_day,418,371,17,30,113,8,18,185,32,8,7,7,496,ศรีนครินทร์,ชุมพล(เทศบาล),4,3,ศาลาการเปรียญวัดล ากะ,816,พัทลุง,ท้องถิ่นเทศบาลตำบลชุมพล,ชุมพล,ศาลาการเปรียญวัดลำกะ,7.5827562,99.9618832,2,230,location_exact_normalized,1.0,1,ชุมพล(เทศบาล)|3,matched,fallback_unique_subdistrict_key
ศรีนครินทร์,ชุมพล,4,constituency,election_day,402,387,15,0,178,0,54,134,18,2,1,7,497,ศรีนครินทร์,ชุมพล(เทศบาล),5,4,ศาลาประจ าหมู่บ้านบ้านห้วยไทร,459,พัทลุง,ท้องถิ่นเทศบาลตำบลชุมพล,ชุมพล,ศาลาประจำหมู่บ้านบ้านห้วยไทร,7.615725099999999,99.9576849,2,231,location_exact_normalized,1.0,1,ชุมพล(เทศบาล)|4,matched,fallback_unique_subdistrict_key
ศรีนครินทร์,ชุมพล,5,constituency,election_day,493,461,11,21,212,0,61,146,35,1,6,8,498,ศรีนครินทร์,ชุมพล(เทศบาล),6,5,ศาลาประจ าหมู่บ้านบ้านหนองหาญ (หนองโหล๊ะ),617,พัทลุง,ท้องถิ่นเทศบาลตำบลชุมพล,ชุมพล,ศาลาประจำหมู่บ้านบ้านหนองหาญ (หนองโหล๊ะ),7.6050041,99.9493424,2,232,location_exact_normalized,1.0,1,ชุมพล(เทศบาล)|5,matched,fallback_unique_subdistrict_key
ศรีนครินทร์,ชุมพล,6,constituency,election_day,274,255,6,13,130,0,26,80,18,0,1,8,499,ศรีนครินทร์,ชุมพล(เทศบาล),7,6,ศาลาอเนกประสงค์บ้านทุ่งยวน,319,พัทลุง,ท้องถิ่นเทศบาลตำบลชุมพล,ชุมพล,ศาลาอเนกประสงค์บ้านทุ่งยวน,7.6050041,99.9493424,2,233,location_exact_normalized,1.0,1,ชุมพล(เทศบาล)|6,matched,fallback_unique_subdistrict_key
ศรีนครินทร์,ชุมพล,7,constituency,election_day,637,609,10,18,229,1,65,246,66,0,2,8,500,ศรีนครินทร์,ชุมพล(เทศบาล),8,7,ศาลาประจ าหมู่บ้านบ้านควนดินสอ,804,พัทลุง,ท้องถิ่นเทศบาลตำบลชุมพล,ชุมพล,ศาลาประจำหมู่บ้านบ้านควนดินสอ,7.6050041,99.9493424,2,234,location_exact_normalized,1.0,1,ชุมพล(เทศบาล)|7,matched,fallback_unique_subdistrict_key
ศรีนครินทร์,ชุมพล,8,constituency,election_day,290,277,8,5,132,1,33,100,10,0,1,8,501,ศรีนครินทร์,ชุมพล(เทศบาล),9,8,ศาลาอเนกประสงค์บ้านสวนโหนด,346,พัทลุง,ท้องถิ่นเทศบาลตำบลชุมพล,ชุมพล,ศาลาอเนกประสงค์บ้านสวนโหนด,7.650070299999999,99.9772486,2,235,location_exact_normalized,1.0,1,ชุมพล(เทศบาล)|8,matched,fallback_unique_subdistrict_key
ศรีนครินทร์,ชุมพล,9,constituency,election_day,349,340,7,2,207,0,9,112,11,1,0,8,502,ศรีนครินทร์,ชุมพล(เทศบาล),10,9,ศาลาประจ าหมู่บ้านบ้านหนองหว้า,401,พัทลุง,ท้องถิ่นเทศบาลตำบลชุมพล,ชุมพล,ศาลาประจำหมู่บ้านบ้านหนองหว้า,17.0245089,102.9780981,2,236,location_exact_normalized,1.0,1,ชุมพล(เทศบาล)|9,matched,fallback_unique_subdistrict_key
ศรีนครินทร์,ชุมพล,10,constituency,election_day,547,519,12,16,228,3,43,210,30,3,2,8,503,ศรีนครินทร์,ชุมพล(เทศบาล),11,10,ศาลาประจ าหมู่บ้านบ้านล ากะ,650,พัทลุง,ท้องถิ่นเทศบาลตำบลชุมพล,ชุมพล,ศาลาประจำหมู่บ้านบ้านลำกะ,7.6050041,99.9493424,2,237,location_exact_normalized,1.0,1,ชุมพล(เทศบาล)|10,matched,fallback_unique_subdistrict_key
ศรีนครินทร์,ชุมพล,11,constituency,election_day,244,233,5,6,151,1,19,48,13,0,1,8,504,ศรีนครินทร์,ชุมพล(เทศบาล),12,11,ศาลาประจ าหมู่บ้านบ้านต้นธง,297,พัทลุง,ท้องถิ่นเทศบาลตำบลชุมพล,ชุมพล,ศาลาประจำหมู่บ้านบ้านต้นธง,7.6050041,99.9493424,2,238,location_exact_normalized,1.0,1,ชุมพล(เทศบาล)|11,matched,fallback_unique_subdistrict_key
ศรีนครินทร์,ชุมพล,12,constituency,election_day,254,245,1,8,159,0,44,30,11,0,1,8,505,ศรีนครินทร์,ชุมพล(เทศบาล),13,12,ศาลาประจ าหมู่บ้านบ้านนารา,300,พัทลุง,ท้องถิ่นเทศบาลตำบลชุมพล,ชุมพล,ศาลาประจำหมู่บ้านบ้านนารา,7.615725099999999,99.9576849,2,239,location_exact_normalized,1.0,1,ชุมพล(เทศบาล)|12,matched,fallback_unique_subdistrict_key
ศรีนครินทร์,ชุมพล,13,constituency,election_day,275,260,9,6,135,0,17,96,10,0,2,8,506,ศรีนครินทร์,ชุมพล(เทศบาล),14,13,ศาลาประจ าหมู่บ้านบ้านหนองโหรง,335,พัทลุง,ท้องถิ่นเทศบาลตำบลชุมพล,ชุมพล,ศาลาประจำหมู่บ้านบ้านหนองโหรง,7.615725099999999,99.9576849,2,240,location_exact_normalized,1.0,1,ชุมพล(เทศบาล)|13,matched,fallback_unique_subdistrict_key
ศรีนครินทร์,ชุมพล,14,constituency,election_day,247,239,2,6,126,1,20,82,10,0,0,8,507,ศรีนครินทร์,ชุมพล(เทศบาล),15,14,ศาลาประจ าหมู่บ้านบ้านชุมทอง,287,พัทลุง,ท้องถิ่นเทศบาลตำบลชุมพล,ชุมพล,ศาลาประจำหมู่บ้านบ้านชุมทอง,7.6050041,99.9493424,2,241,location_exact_normalized,1.0,1,ชุมพล(เทศบาล)|14,matched,fallback_unique_subdistrict_key
ควนขนุน,ดอนทราย,0,constituency,election_day,206,205,1,0,26,0,2,172,4,0,1,3,325,ควนขนุน,ดอนทราย,1,1,ศาลาประจ าหมู่บ้านบ้านเขากอย,254,พัทลุง,อำเภอควนขนุน,ดอนทราย,ศาลาประจำหมู่บ้านบ้านเขากอย,7.7173634,99.9632741,2,80,location_exact_normalized,1.0,1,ดอนทราย|0,matched,exact_key
ควนขนุน,ดอนทราย,1,constituency,election_day,372,365,2,5,81,2,39,207,30,0,6,3,326,ควนขนุน,ดอนทราย,2,2,ศาลาประจ าหมู่บ้านบ้านหม้อ,437,พัทลุง,อำเภอควนขนุน,ดอนทราย,ศาลาประจำหมู่บ้านบ้านหม้อ,7.7253162,99.9828919,2,81,location_exact_normalized,1.0,1,ดอนทราย|1,matched,exact_key
ควนขนุน,ดอนทราย,2,constituency,election_day,301,290,7,4,53,0,22,208,7,0,0,3,327,ควนขนุน,ดอนทราย,3,3,ศาลาประจ าหมู่บ้านบ้านเขาวัง,356,พัทลุง,อำเภอควนขนุน,ดอนทราย,ศาลาประจำหมู่บ้านบ้านเขาวัง,7.7066667,99.9511111,2,82,location_exact_normalized,1.0,1,ดอนทราย|2,matched,exact_key
ควนขนุน,ดอนทราย,3,constituency,election_day,255,250,1,4,30,1,9,204,6,0,0,3,328,ควนขนุน,ดอนทราย,4,4,ศาลาประจ าหมู่บ้านบ้านล ารุณ,303,พัทลุง,อำเภอควนขนุน,ดอนทราย,ศาลาประจำหมู่บ้านบ้านลำรุณ,7.7173634,99.9632741,2,83,location_exact_normalized,1.0,1,ดอนทราย|3,matched,exact_key
ควนขนุน,ดอนทราย,4,constituency,election_day,475,452,14,9,76,2,49,306,19,0,0,3,329,ควนขนุน,ดอนทราย,5,5,ศาลาประจ าหมู่บ้านบ้านควนเหลง,568,พัทลุง,อำเภอควนขนุน,ดอนทราย,ศาลาประจำหมู่บ้านบ้านควนเหลง,7.7173634,99.9632741,2,84,location_exact_normalized,1.0,1,ดอนทราย|4,matched,exact_key
ควนขนุน,ดอนทราย,5,constituency,election_day,284,272,5,7,29,0,12,215,13,1,2,3,330,ควนขนุน,ดอนทราย,6,6,ศาลาประจ าหมู่บ้านบ้านเกาะทอง,345,พัทลุง,อำเภอควนขนุน,ดอนทราย,ศาลาประจำหมู่บ้านบ้านเกาะทอง,7.722331100000001,99.9800438,2,85,location_exact_normalized,1.0,1,ดอนทราย|5,matched,exact_key
ควนขนุน,ดอนทราย,6,constituency,election_day,528,519,5,4,44,2,22,434,17,0,0,3,331,ควนขนุน,ดอนทราย,7,7,ศาลาประจ าหมู่บ้านบ้านควนดินแดง,668,พัทลุง,อำเภอควนขนุน,ดอนทราย,ศาลาประจำหมู่บ้านบ้านควนดินแดง,7.7186105,99.9665503,2,86,location_exact_normalized,1.0,1,ดอนทราย|6,matched,exact_key
ควนขนุน,ดอนทราย,7,constituency,election_day,262,251,6,5,39,7,10,187,8,0,0,3,332,ควนขนุน,ดอนทราย,8,8,ศาลาประจ าหมู่บ้านบ้านจันนา,319,พัทลุง,อำเภอควนขนุน,ดอนทราย,ศาลาประจำหมู่บ้านบ้านจันนา,7.7290582,99.9418062,2,87,location_exact_normalized,1.0,1,ดอนทราย|7,matched,exact_key
ควนขนุน,ดอนทราย,8,constituency,election_day,586,566,7,13,106,2,56,370,28,1,3,3,333,ควนขนุน,ดอนทราย,9,9,ศาลาประจ าหมู่บ้านบ้านไสอ้อย,698,พัทลุง,อำเภอควนขนุน,ดอนทราย,ศาลาประจำหมู่บ้านบ้านไสอ้อย,7.706008700000001,99.9771524,2,88,location_exact_normalized,1.0,1,ดอนทราย|8,matched,exact_key
ควนขนุน,ดอนทราย,9,constituency,election_day,379,369,3,7,58,2,22,276,11,0,0,3,334,ควนขนุน,ดอนทราย,10,10,ศาลาประจ าหมู่บ้านบ้านไสโพธิ์,463,พัทลุง,อำเภอควนขนุน,ดอนทราย,ศาลาประจำหมู่บ้านบ้านไสโพธิ์,7.7714851,100.0555474,2,89,location_exact_normalized,1.0,1,ดอนทราย|9,matched,exact_key
ควนขนุน,ดอนทราย,10,constituency,election_day,264,257,5,2,57,5,11,175,7,0,2,3,335,ควนขนุน,ดอนทราย,11,11,ศาลาประจ าหมู่บ้านบ้านจันนาตก,325,พัทลุง,อำเภอควนขนุน,ดอนทราย,ศาลาประจำหมู่บ้านบ้านจันนาตก,7.7290582,99.9418062,2,90,location_exact_normalized,1.0,1,ดอนทราย|10,matched,exact_key
ศรีบรรพต,ตะแพน,0,constituency,election_day,340,335,2,3,136,3,31,143,21,0,1,6,455,ศรีบรรพต,ตะแพน,1,1,ศาลาประจ าหมู่บ้าน บ้านสวนโหนด,397,พัทลุง,อำเภอศรีบรรพต,ตะแพน,ศาลาประจำหมู่บ้าน บ้านสวนโหนด หมู่ที่ 1,7.6514478,99.9629591,2,158,location_fuzzy,0.875,1,ตะแพน|0,matched,exact_key
ศรีบรรพต,ตะแพน,1,constituency,election_day,603,583,16,4,147,3,47,344,42,0,0,6,456,ศรีบรรพต,ตะแพน,2,2,โรงอาหารโรงเรียนวัดตะแพน,713,พัทลุง,อำเภอศรีบรรพต,ตะแพน,โรงอาหารโรงเรียนวัดตะแพน,7.6554624,99.8766586,2,159,location_exact_normalized,1.0,1,ตะแพน|1,matched,exact_key
ศรีบรรพต,ตะแพน,2,constituency,election_day,335,326,2,7,145,0,27,136,16,2,0,6,457,ศรีบรรพต,ตะแพน,3,3,ศาลาประจ าหมู่บ้าน บ้านวังยาว,398,พัทลุง,อำเภอศรีบรรพต,ตะแพน,ศาลาประจำหมู่บ้าน บ้านวังยาว หมู่ที่ 3,7.639195399999998,99.8683073,2,160,location_fuzzy,0.871,1,ตะแพน|2,matched,exact_key
ศรีบรรพต,ตะแพน,3,constituency,election_day,144,142,2,0,62,0,3,72,5,0,0,6,458,ศรีบรรพต,ตะแพน,4,4,ศาลาประจ าหมู่บ้าน บ้านห้วยครก,161,พัทลุง,อำเภอศรีบรรพต,ตะแพน,ศาลาประจำหมู่บ้าน บ้านห้วยครก หมู่ที่ 4,7.6452374,99.8090063,2,161,location_fuzzy,0.875,1,ตะแพน|3,matched,exact_key
ศรีบรรพต,ตะแพน,4,constituency,election_day,549,531,10,8,199,3,56,235,33,1,4,6,459,ศรีบรรพต,ตะแพน,5,5,ศาลาประจ าหมู่บ้าน บ้านท่ายูง,633,พัทลุง,อำเภอศรีบรรพต,ตะแพน,ศาลาประจำหมู่บ้าน บ้านท่ายูง หมู่ที่ 5,7.618795599999999,99.8236533,2,162,location_fuzzy,0.871,1,ตะแพน|4,matched,exact_key
ศรีบรรพต,ตะแพน,5,constituency,election_day,376,369,4,3,128,2,56,147,35,1,0,6,460,ศรีบรรพต,ตะแพน,6,6,ศาลาประจ าหมู่บ้าน บ้านหน้าควน,460,พัทลุง,อำเภอศรีบรรพต,ตะแพน,ศาลาประจำหมู่บ้าน บ้านหน้าควน หมู่ที่ 6,7.6508473,99.9437136,2,163,location_fuzzy,0.875,1,ตะแพน|5,matched,exact_key
ศรีบรรพต,ตะแพน,6,constituency,election_day,614,602,4,8,238,2,98,230,31,2,1,6,461,ศรีบรรพต,ตะแพน,7,7,โรงอาหารโรงเรียนบ้านหัสคุณ,742,พัทลุง,อำเภอศรีบรรพต,ตะแพน,โรงอาหารโรงเรียนบ้านหัสคุณ,7.6497788,99.9285556,2,164,location_exact_normalized,1.0,1,ตะแพน|6,matched,exact_key
ศรีบรรพต,ตะแพน,7,constituency,election_day,343,335,5,3,121,3,9,190,10,1,1,6,462,ศรีบรรพต,ตะแพน,8,8,ส านักสงฆ์บ้านท่าข้าม,389,พัทลุง,อำเภอศรีบรรพต,ตะแพน,สำนักสงฆ์บ้านท่าข้าม,7.6775386,99.8988081,2,165,location_exact_normalized,1.0,1,ตะแพน|7,matched,exact_key
ศรีบรรพต,ตะแพน,8,constituency,election_day,339,324,6,9,109,5,33,155,21,0,1,7,463,ศรีบรรพต,ตะแพน,9,9,อาคารโรงเรียนบ้านสวนโหนด,429,พัทลุง,อำเภอศรีบรรพต,ตะแพน,อาคารโรงเรียนบ้านสวนโหนด,7.6514478,99.9629591,2,166,location_exact_normalized,1.0,1,ตะแพน|8,matched,exact_key
ควนขนุน,ทะเลน้อย,0,constituency,election_day,614,584,21,9,239,6,36,280,18,3,2,1,262,ควนขนุน,ทะเลน้อย,1,1,ศาลาประจ าหมู่บ้านบ้านทะเลน้อย,857,พัทลุง,อำเภอควนขนุน,ทะเลน้อย,ศาลาประจำหมู่บ้านบ้านทะเลน้อย,7.7777536,100.1167953,2,17,location_exact_normalized,1.0,1,ทะเลน้อย|0,matched,exact_key
ควนขนุน,ทะเลน้อย,1,constituency,election_day,330,319,3,8,95,3,18,184,19,0,0,1,263,ควนขนุน,ทะเลน้อย,2,2,ศาลากลางบ้านหัวเลี้ยว,402,พัทลุง,อำเภอควนขนุน,ทะเลน้อย,ศาลากลางบ้านหัวเลี้ยว,7.782416400000001,100.1591213,2,18,location_exact_normalized,1.0,1,ทะเลน้อย|1,matched,exact_key
ควนขนุน,ทะเลน้อย,2,constituency,election_day,341,329,6,6,123,6,13,164,22,1,0,1,264,ควนขนุน,ทะเลน้อย,3,3,ศาลาทวดวิรุฬเจ้าแม่อุบล,480,พัทลุง,อำเภอควนขนุน,ทะเลน้อย,ศาลาทวดวิรุฬเจ้าแม่อุบล,7.7872498,100.1162419,2,19,location_exact_normalized,1.0,1,ทะเลน้อย|2,matched,exact_key
ควนขนุน,ทะเลน้อย,3,constituency,election_day,377,363,13,1,69,2,20,263,8,0,1,1,265,ควนขนุน,ทะเลน้อย,4,4,ศาลาประจ าหมู่บ้านบ้านบนออก,434,พัทลุง,อำเภอควนขนุน,ทะเลน้อย,ศาลาประจำหมู่บ้านบ้านบนออก,7.3838149,100.2598974,2,20,location_exact_normalized,1.0,1,ทะเลน้อย|3,matched,exact_key
ควนขนุน,ทะเลน้อย,4,constituency,election_day,508,491,12,5,211,11,26,222,19,0,2,1,266,ควนขนุน,ทะเลน้อย,5,5,ศาลาประจ าหมู่บ้านบ้านปลายตรอก,691,พัทลุง,อำเภอควนขนุน,ทะเลน้อย,ศาลาประจำหมู่บ้านบ้านปลายตรอก,7.3838149,100.2598974,2,21,location_exact_normalized,1.0,1,ทะเลน้อย|4,matched,exact_key
ควนขนุน,ทะเลน้อย,5,constituency,election_day,296,278,6,12,91,10,20,150,6,0,1,1,267,ควนขนุน,ทะเลน้อย,6,6,ศาลาประจ าหมู่บ้านบ้านโคกศักดิ์,380,พัทลุง,อำเภอควนขนุน,ทะเลน้อย,ศาลาประจำหมู่บ้านบ้านโคกศักดิ์,7.814868300000001,100.1479182,2,22,location_exact_normalized,1.0,1,ทะเลน้อย|5,matched,exact_key
ควนขนุน,ทะเลน้อย,6,constituency,election_day,337,327,6,4,77,2,33,205,10,0,0,1,268,ควนขนุน,ทะเลน้อย,7,7,ศูนย์ศิลปาชีพบ้านหัวป่าเขียว,443,พัทลุง,อำเภอควนขนุน,ทะเลน้อย,ศูนย์ศิลปาชีพบ้านหัวป่าเขียว,7.876837900000001,100.0242995,2,23,location_exact_normalized,1.0,1,ทะเลน้อย|6,matched,exact_key
ควนขนุน,ทะเลน้อย,7,constituency,election_day,456,433,10,13,107,5,28,269,20,2,2,1,269,ควนขนุน,ทะเลน้อย,8,8,ศาลาประจ าหมู่บ้านบ้านโคกเมา,557,พัทลุง,อำเภอควนขนุน,ทะเลน้อย,ศาลาประจำหมู่บ้านบ้านโคกเมา,7.814868300000001,100.1479182,2,24,location_exact_normalized,1.0,1,ทะเลน้อย|7,matched,exact_key
ควนขนุน,ทะเลน้อย,8,constituency,election_day,408,393,5,10,121,15,26,213,18,0,0,1,270,ควนขนุน,ทะเลน้อย,9,9,ศาลาประจ าหมู่บ้านบ้านบนตก,525,พัทลุง,อำเภอควนขนุน,ทะเลน้อย,ศาลาประจำหมู่บ้านบ้านบนตก,7.3838149,100.2598974,2,25,location_exact_normalized,1.0,1,ทะเลน้อย|8,matched,exact_key
ควนขนุน,ทะเลน้อย,9,constituency,election_day,387,374,12,1,98,4,21,236,14,0,1,1,271,ควนขนุน,ทะเลน้อย,10,10,ศาลาประจ าหมู่บ้านบ้านบนกลาง,502,พัทลุง,อำเภอควนขนุน,ทะเลน้อย,ศาลาประจำหมู่บ้านบ้านบนกลาง,7.3838149,100.2598974,2,26,location_exact_normalized,1.0,1,ทะเลน้อย|9,matched,exact_key
ควนขนุน,นาขยาด,0,constituency,election_day,681,653,13,15,178,0,95,312,60,4,4,3,336,ควนขนุน,นาขยาด,1,1,ศาลาประจ าหมู่บ้านบ้านศาลาต้นรักษ์,821,พัทลุง,อำเภอควนขนุน,นาขยาด,ศาลาประจำหมู่บ้านบ้านศาลาต้นรักษ์,7.679982700000001,99.9576849,2,27,location_exact_normalized,1.0,1,นาขยาด|0,matched,exact_key
ควนขนุน,นาขยาด,1,constituency,election_day,656,625,9,22,130,1,64,374,49,6,1,3,337,ควนขนุน,นาขยาด,2,2,ศาลาประจ าหมู่บ้านบ้านพังดาน,812,พัทลุง,อำเภอควนขนุน,นาขยาด,ศาลาประจำหมู่บ้านบ้านพังดาน,7.670382399999999,99.9823069,2,28,location_exact_normalized,1.0,1,นาขยาด|1,matched,exact_key
ควนขนุน,นาขยาด,2,constituency,election_day,326,316,3,7,49,1,36,207,20,2,1,3,338,ควนขนุน,นาขยาด,3,3,ศาลาประจ าหมู่บ้านบ้านเกาะยาง,404,พัทลุง,อำเภอควนขนุน,นาขยาด,ศาลาประจำหมู่บ้านบ้านเกาะยาง,7.685908899999999,99.9794414,2,29,location_exact_normalized,1.0,1,นาขยาด|2,matched,exact_key
ควนขนุน,นาขยาด,3,constituency,election_day,380,357,9,14,62,3,53,216,23,0,0,3,339,ควนขนุน,นาขยาด,4,4,ศาลาประจ าหมู่บ้านบ้านหนองในวัง,505,พัทลุง,อำเภอควนขนุน,นาขยาด,ศาลาประจำหมู่บ้านบ้านหนองในวัง,7.679982700000001,99.9576849,2,30,location_exact_normalized,1.0,1,นาขยาด|3,matched,exact_key
ควนขนุน,นาขยาด,4,constituency,election_day,471,434,14,23,115,11,60,212,34,1,1,3,340,ควนขนุน,นาขยาด,5,5,ศาลาประจ าหมู่บ้านบ้านนาท่อม,575,พัทลุง,อำเภอควนขนุน,นาขยาด,ศาลาประจำหมู่บ้านบ้านนาท่อม,7.591457699999999,100.0019597,2,31,location_exact_normalized,1.0,1,นาขยาด|4,matched,exact_key
ควนขนุน,นาขยาด,5,constituency,election_day,628,591,18,19,168,5,100,278,33,4,3,3,341,ควนขนุน,นาขยาด,6,6,ศาลาประจ าหมู่บ้านบ้านขันหมู่,796,พัทลุง,อำเภอควนขนุน,นาขยาด,ศาลาประจำหมู่บ้านบ้านขันหมู่,7.668115999999999,99.955747,2,32,location_exact_normalized,1.0,1,นาขยาด|5,matched,exact_key
ควนขนุน,นาขยาด,6,constituency,election_day,387,371,9,7,201,2,28,119,21,0,0,3,342,ควนขนุน,นาขยาด,7,7,ศาลาประจ าหมู่บ้านบ้านสะพานข่อย,469,พัทลุง,อำเภอควนขนุน,นาขยาด,ศาลาประจำหมู่บ้านบ้านสะพานข่อย,7.6901421,99.9402381,2,33,location_exact_normalized,1.0,1,นาขยาด|6,matched,exact_key
ควนขนุน,นาขยาด,7,constituency,election_day,393,376,5,12,58,9,65,209,35,0,0,3,343,ควนขนุน,นาขยาด,8,8,ศาลาประจ าหมู่บ้านบ้านโงกน ้า,476,พัทลุง,อำเภอควนขนุน,นาขยาด,ศาลาประจำหมู่บ้านบ้านโงกน้ำ,7.707698400000001,99.9269198,2,34,location_exact_normalized,1.0,1,นาขยาด|7,matched,exact_key
ควนขนุน,นาขยาด,8,constituency,election_day,416,399,4,13,114,1,48,210,18,3,5,3,344,ควนขนุน,นาขยาด,9,9,ศาลาประจ าหมู่บ้านบ้านทุ่งส าโรง,495,พัทลุง,อำเภอควนขนุน,นาขยาด,ศาลาประจำหมู่บ้านบ้านทุ่งสำโรง,7.679982700000001,99.9576849,2,35,location_exact_normalized,1.0,1,นาขยาด|8,matched,exact_key
ควนขนุน,นาขยาด,9,constituency,election_day,366,345,14,7,92,8,47,167,26,2,3,3,345,ควนขนุน,นาขยาด,10,10,ศาลาประจ าหมู่บ้านบ้านโรงรม,448,พัทลุง,อำเภอควนขนุน,นาขยาด,ศาลาประจำหมู่บ้านบ้านโรงรม,7.679982700000001,99.9576849,2,36,location_exact_normalized,1.0,1,นาขยาด|9,matched,exact_key
ควนขนุน,นาขยาด,10,constituency,election_day,404,379,10,15,97,15,60,185,22,0,0,3,346,ควนขนุน,นาขยาด,11,11,ศาลาประจ าหมู่บ้านบ้านไสควายฟัน,474,พัทลุง,อำเภอควนขนุน,นาขยาด,ศาลาประจำหมู่บ้านบ้านไสควายฟัน,7.679982700000001,99.9576849,2,37,location_exact_normalized,1.0,1,นาขยาด|10,matched,exact_key
ควนขนุน,นาขยาด,11,constituency,election_day,456,443,5,8,129,4,22,248,38,0,2,3,347,ควนขนุน,นาขยาด,12,12,ศาลาประจ าหมู่บ้านบ้านเขาวังทอง,522,พัทลุง,อำเภอควนขนุน,นาขยาด,ศาลาประจำหมู่บ้านบ้านเขาวังทอง,7.679982700000001,99.9576849,2,38,location_exact_normalized,1.0,1,นาขยาด|11,matched,exact_key
ศรีนครินทร์,บ้านนา,0,constituency,election_day,619,582,23,14,189,4,90,250,46,2,1,7,481,ศรีนครินทร์,บ้านนา(เทศบาล),1,1,ศาลาอเนกประสงค์  ร.ร.บ้านนาวง,837,พัทลุง,ท้องถิ่นเทศบาลตำบลบ้านนา,บ้านนา,ศาลาอเนกประสงค์ ร.ร.บ้านนาวง,7.586495599999999,99.8579768,2,242,location_exact_normalized,1.0,1,บ้านนา(เทศบาล)|0,matched,fallback_unique_subdistrict_key
ศรีนครินทร์,บ้านนา,1,constituency,election_day,185,182,2,1,58,0,10,102,9,3,0,7,482,ศรีนครินทร์,บ้านนา(เทศบาล),2,2,ศาลาประจ าหมู่บ้านบ้านล าใน,215,พัทลุง,ท้องถิ่นเทศบาลตำบลบ้านนา,บ้านนา,ศาลาประจำหมู่บ้านบ้านลำใน,7.55964,99.885151,2,243,location_exact_normalized,1.0,1,บ้านนา(เทศบาล)|1,matched,fallback_unique_subdistrict_key
ศรีนครินทร์,บ้านนา,2,constituency,election_day,501,482,12,7,152,1,68,225,33,0,3,7,483,ศรีนครินทร์,บ้านนา(เทศบาล),3,3,ศาลาการเปรียญวัดบ้านนา,652,พัทลุง,ท้องถิ่นเทศบาลตำบลบ้านนา,บ้านนา,ศาลาการเปรียญวัดบ้านนา,7.562269,99.9131441,2,244,location_exact_normalized,1.0,1,บ้านนา(เทศบาล)|2,matched,fallback_unique_subdistrict_key
ศรีนครินทร์,บ้านนา,3,constituency,election_day,439,422,14,3,135,1,79,194,12,1,0,7,484,ศรีนครินทร์,บ้านนา(เทศบาล),4,4,ศูนย์ส่งเสริมสุขภาพราษฎร,497,พัทลุง,ท้องถิ่นเทศบาลตำบลบ้านนา,บ้านนา,ศูนย์ส่งเสริมสุขภาพราษฎร,7.5640073,99.8794744,2,245,location_exact_normalized,1.0,1,บ้านนา(เทศบาล)|3,matched,fallback_unique_subdistrict_key
ศรีนครินทร์,บ้านนา,4,constituency,election_day,314,298,6,10,118,0,31,124,23,2,0,7,485,ศรีนครินทร์,บ้านนา(เทศบาล),5,5,ศาลาประจ าหมู่บ้านบ้านต้นไทร,389,พัทลุง,ท้องถิ่นเทศบาลตำบลบ้านนา,บ้านนา,ศาลาประจำหมู่บ้านบ้านต้นไทร,7.569812799999999,99.8929252,2,246,location_exact_normalized,1.0,1,บ้านนา(เทศบาล)|4,matched,fallback_unique_subdistrict_key
ศรีนครินทร์,บ้านนา,5,constituency,election_day,433,418,6,9,107,1,42,247,19,0,2,7,486,ศรีนครินทร์,บ้านนา(เทศบาล),6,6,ศาลาอเนกประสงค์บ้านตีนนา,534,พัทลุง,ท้องถิ่นเทศบาลตำบลบ้านนา,บ้านนา,ศาลาอเนกประสงค์บ้านตีนนา,7.5640073,99.8794744,2,247,location_exact_normalized,1.0,1,บ้านนา(เทศบาล)|5,matched,fallback_unique_subdistrict_key
ศรีนครินทร์,บ้านนา,6,constituency,election_day,406,395,6,5,158,2,53,161,17,1,3,7,487,ศรีนครินทร์,บ้านนา(เทศบาล),7,7,ศาลาอเนกประสงค์บ้านหนองเหรียง,492,พัทลุง,ท้องถิ่นเทศบาลตำบลบ้านนา,บ้านนา,ศาลาอเนกประสงค์บ้านหนองเหรียง,7.5621172,99.8859108,2,248,location_exact_normalized,1.0,1,บ้านนา(เทศบาล)|6,matched,fallback_unique_subdistrict_key
ศรีนครินทร์,บ้านนา,7,constituency,election_day,591,576,8,7,143,1,113,273,42,0,4,7,488,ศรีนครินทร์,บ้านนา(เทศบาล),8,8,ศาลาประจ าหมู่บ้านบ้านคอกเสือ,723,พัทลุง,ท้องถิ่นเทศบาลตำบลบ้านนา,บ้านนา,ศาลาประจำหมู่บ้านบ้านคอกเสือ,7.5640073,99.8794744,2,249,location_exact_normalized,1.0,1,บ้านนา(เทศบาล)|7,matched,fallback_unique_subdistrict_key
ศรีนครินทร์,บ้านนา,8,constituency,election_day,329,317,5,7,140,0,25,117,35,0,0,7,489,ศรีนครินทร์,บ้านนา(เทศบาล),9,9,ศาลาประจ าหมู่บ้านบ้านวงศ์,407,พัทลุง,ท้องถิ่นเทศบาลตำบลบ้านนา,บ้านนา,ศาลาประจำหมู่บ้านบ้านวงค์,7.5640073,99.8794744,2,250,location_fuzzy,0.96,1,บ้านนา(เทศบาล)|8,matched,fallback_unique_subdistrict_key
ศรีนครินทร์,บ้านนา,9,constituency,election_day,341,336,3,2,137,1,80,94,23,0,1,7,490,ศรีนครินทร์,บ้านนา(เทศบาล),10,10,ศาลาอเนกประสงค์บ้านป่าสน,424,พัทลุง,ท้องถิ่นเทศบาลตำบลบ้านนา,บ้านนา,ศาลาอเนกประสงค์บ้านป่าสน,7.5640073,99.8794744,2,251,location_exact_normalized,1.0,1,บ้านนา(เทศบาล)|9,matched,fallback_unique_subdistrict_key
ศรีนครินทร์,บ้านนา,10,constituency,election_day,427,413,10,4,108,0,42,233,28,0,2,7,491,ศรีนครินทร์,บ้านนา(เทศบาล),11,11,ศาลาประจ าหมู่บ้านบ้านน ้าใต้บ่อ,519,พัทลุง,ท้องถิ่นเทศบาลตำบลบ้านนา,บ้านนา,ศาลาประจำหมู่บ้านบ้านน้ำใต้บ่อ,7.576822099999999,99.8753746,2,252,location_exact_normalized,1.0,1,บ้านนา(เทศบาล)|10,matched,fallback_unique_subdistrict_key
ศรีนครินทร์,บ้านนา,11,constituency,election_day,387,362,14,11,202,2,38,100,18,1,1,7,492,ศรีนครินทร์,บ้านนา(เทศบาล),12,12,ที่ท าการกลุ่มสตรีบ้านล าในใต้,454,พัทลุง,ท้องถิ่นเทศบาลตำบลบ้านนา,บ้านนา,ที่ทำการกลุ่มแม่บ้านลำในใต้,7.5640073,99.8794744,2,253,location_fuzzy,0.8727,1,บ้านนา(เทศบาล)|11,matched,fallback_unique_subdistrict_key
ป่าพะยอม,บ้านพร้าว,0,constituency,election_day,438,416,0,22,116,3,76,153,64,0,4,5,413,ป่าพะยอม,บ้านพร้าว,1,1,เต้นท์บริเวณตลาดใหม่ป่าพะยอม,564,พัทลุง,อำเภอป่าพะยอม,บ้านพร้าว,เต๊นท์บริเวณตลาดใหม่ป่าพะยอม,7.814176799999999,99.9520961,2,190,location_fuzzy,0.9643,1,บ้านพร้าว|0,matched,exact_key
ป่าพะยอม,บ้านพร้าว,1,constituency,election_day,392,366,3,23,104,4,62,161,34,0,1,5,414,ป่าพะยอม,บ้านพร้าว,2,1,ศาลาประจ าหมู่บ้านบ้านพร้าว,553,พัทลุง,อำเภอป่าพะยอม,บ้านพร้าว,ศาลาประจำหมู่บ้านบ้านพร้าว,7.8144408,99.9409196,2,191,location_exact_normalized,1.0,1,บ้านพร้าว|1,matched,exact_key
ป่าพะยอม,บ้านพร้าว,2,constituency,election_day,506,479,11,16,117,7,54,269,30,1,1,5,415,ป่าพะยอม,บ้านพร้าว,3,2,ศาลาประจ าหมู่บ้านบ้านตลิ่งชัน,727,พัทลุง,อำเภอป่าพะยอม,บ้านพร้าว,ศาลาประจำหมู่บ้านบ้านตลิ่งชัน,7.7965689,99.92745370000002,2,192,location_exact_normalized,1.0,1,บ้านพร้าว|2,matched,exact_key
ป่าพะยอม,บ้านพร้าว,3,constituency,election_day,677,648,13,16,134,5,61,408,38,2,0,5,416,ป่าพะยอม,บ้านพร้าว,4,3,ศาลาประจ าหมู่บ้านบ้านศาลาน ้า,802,พัทลุง,อำเภอป่าพะยอม,บ้านพร้าว,ศาลาประจำหมู่บ้านบ้านศาลาน้ำ,7.830872999999999,99.930464,2,193,location_exact_normalized,1.0,1,บ้านพร้าว|3,matched,exact_key
ป่าพะยอม,บ้านพร้าว,4,constituency,election_day,318,297,8,13,118,8,53,87,27,2,2,5,417,ป่าพะยอม,บ้านพร้าว,5,4,ศาลาประจ าหมู่บ้านบ้านบ่อทราย,419,พัทลุง,อำเภอป่าพะยอม,บ้านพร้าว,ศาลาประจำหมู่บ้านบ้านบ่อทราย,7.836562000000001,99.9709605,2,194,location_exact_normalized,1.0,1,บ้านพร้าว|4,matched,exact_key
ป่าพะยอม,บ้านพร้าว,5,constituency,election_day,243,225,7,11,40,3,38,132,10,1,1,5,418,ป่าพะยอม,บ้านพร้าว,6,5,ศาลาประจ าหมู่บ้านบ้านไสอ้อ,313,พัทลุง,อำเภอป่าพะยอม,บ้านพร้าว,ศาลาประจำหมู่บ้านบ้านไสอ้อ,7.8144408,99.9409196,2,195,location_exact_normalized,1.0,1,บ้านพร้าว|5,matched,exact_key
ป่าพะยอม,บ้านพร้าว,6,constituency,election_day,628,613,5,10,164,2,47,363,33,2,2,5,419,ป่าพะยอม,บ้านพร้าว,7,6,ศาลาประจ าหมู่บ้านบ้านหาดสูง,767,พัทลุง,อำเภอป่าพะยอม,บ้านพร้าว,ศาลาประจำหมู่บ้านบ้านหาดสูง,7.8144408,99.9409196,2,196,location_exact_normalized,1.0,1,บ้านพร้าว|6,matched,exact_key
ป่าพะยอม,บ้านพร้าว,7,constituency,election_day,373,356,13,4,73,0,31,232,18,0,2,5,420,ป่าพะยอม,บ้านพร้าว,8,7,ศาลาประจ าหมู่บ้านบ้านไสกล้วย,468,พัทลุง,อำเภอป่าพะยอม,บ้านพร้าว,ศาลาประจำหมู่บ้านบ้านไสกล้วย,7.8144408,99.9409196,2,197,location_exact_normalized,1.0,1,บ้านพร้าว|7,matched,exact_key
ป่าพะยอม,บ้านพร้าว,8,constituency,election_day,687,657,21,9,122,8,59,437,24,4,3,5,421,ป่าพะยอม,บ้านพร้าว,9,8,ศาลาประจ าหมู่บ้านบ้านหน้าป่า,833,พัทลุง,อำเภอป่าพะยอม,บ้านพร้าว,ศาลาประจำหมู่บ้านบ้านหน้าป่า,7.7994581,99.9130875,2,198,location_exact_normalized,1.0,1,บ้านพร้าว|8,matched,exact_key
ป่าพะยอม,บ้านพร้าว,9,constituency,election_day,636,605,14,17,138,5,66,341,51,2,2,5,422,ป่าพะยอม,บ้านพร้าว,10,9,ศาลาประจ าหมู่บ้านบ้านไผ่รอบ,810,พัทลุง,อำเภอป่าพะยอม,บ้านพร้าว,ศาลาประจำหมู่บ้านบ้านไผ่รอบ,7.8144408,99.9409196,2,199,location_exact_normalized,1.0,1,บ้านพร้าว|9,matched,exact_key
ป่าพะยอม,บ้านพร้าว,10,constituency,election_day,443,419,12,12,98,4,65,227,22,2,1,5,423,ป่าพะยอม,บ้านพร้าว,11,10,ศาลาประจ าหมู่บ้านบ้านบ่อทรายใน,602,พัทลุง,อำเภอป่าพะยอม,บ้านพร้าว,ศาลาประจำหมู่บ้านบ้านบ่อทรายใน,7.836562000000001,99.9709605,2,200,location_exact_normalized,1.0,1,บ้านพร้าว|10,matched,exact_key
ควนขนุน,ปันแต,0,constituency,election_day,227,219,6,2,124,2,21,63,8,0,1,4,364,ควนขนุน,ปันแต,1,1,ศาลาประจ าหมู่บ้านบ้านปลายคลอง,281,พัทลุง,อำเภอควนขนุน,ปันแต,ศาลาประจำหมู่บ้านบ้านปลายคลอง,7.792807099999998,100.0611429,2,56,location_exact_normalized,1.0,1,ปันแต|0,matched,exact_key
ควนขนุน,ปันแต,1,constituency,election_day,129,127,1,1,100,0,0,25,2,0,0,4,365,ควนขนุน,ปันแต,2,2,ศาลาประจ าหมู่บ้านบ้านปันแต,160,พัทลุง,อำเภอควนขนุน,ปันแต,ศาลาประจำหมู่บ้านบ้านปันแต,7.791803600000001,100.0351252,2,57,location_exact_normalized,1.0,1,ปันแต|1,matched,exact_key
ควนขนุน,ปันแต,2,constituency,election_day,493,478,7,8,136,3,51,271,15,0,2,4,366,ควนขนุน,ปันแต,3,3,ศาลาประจ าหมู่บ้านบ้านส านักกอ,593,พัทลุง,อำเภอควนขนุน,ปันแต,ศาลาประจำหมู่บ้านบ้านสำนักกอ,7.804429099999999,100.0067757,2,58,location_exact_normalized,1.0,1,ปันแต|2,matched,exact_key
ควนขนุน,ปันแต,3,constituency,election_day,251,236,3,12,63,12,23,135,3,0,0,4,367,ควนขนุน,ปันแต,4,4,ศาลาประจ าหมู่บ้านบ้านปากสระ,337,พัทลุง,อำเภอควนขนุน,ปันแต,ศาลาประจำหมู่บ้านบ้านปากสระ,7.804978500000001,100.0569463,2,59,location_exact_normalized,1.0,1,ปันแต|3,matched,exact_key
ควนขนุน,ปันแต,4,constituency,election_day,490,479,6,5,193,0,29,237,19,1,0,4,368,ควนขนุน,ปันแต,5,5,ศาลาประจ าหมู่บ้านบ้านควนปันแต,633,พัทลุง,อำเภอควนขนุน,ปันแต,ศาลาประจำหมู่บ้านบ้านควนปันแต,7.8043368,100.0275755,2,60,location_exact_normalized,1.0,1,ปันแต|4,matched,exact_key
ควนขนุน,ปันแต,5,constituency,election_day,498,481,11,6,123,24,14,308,10,1,1,4,369,ควนขนุน,ปันแต,6,6,ศาลาประจ าหมู่บ้านบ้านในไร่,602,พัทลุง,อำเภอควนขนุน,ปันแต,ศาลาประจำหมู่บ้านบ้านในไร่,7.7882409,100.0275755,2,61,location_exact_normalized,1.0,1,ปันแต|5,matched,exact_key
ควนขนุน,ปันแต,6,constituency,election_day,200,192,4,4,72,2,14,92,12,0,0,4,370,ควนขนุน,ปันแต,7,7,ศาลาประจ าหมู่บ้านบ้านโพธิ์,246,พัทลุง,อำเภอควนขนุน,ปันแต,ศาลาประจำหมู่บ้านบ้านโพธิ์,7.7850935,100.0471549,2,62,location_exact_normalized,1.0,1,ปันแต|6,matched,exact_key
ควนขนุน,ปันแต,7,constituency,election_day,171,167,1,3,89,3,18,53,4,0,0,4,371,ควนขนุน,ปันแต,8,8,ศาลาประจ าหมู่บ้านบ้านสุนทราออก,199,พัทลุง,อำเภอควนขนุน,ปันแต,ศาลาประจำหมู่บ้านบ้านสุนทราออก,7.782078799999999,100.0611429,2,63,location_exact_normalized,1.0,1,ปันแต|7,matched,exact_key
ควนขนุน,ปันแต,8,constituency,election_day,349,341,3,5,179,7,32,111,11,0,1,4,372,ควนขนุน,ปันแต,9,9,ศาลาประจ าหมู่บ้านบ้านสุนทราตก,457,พัทลุง,อำเภอควนขนุน,ปันแต,ศาลาประจำหมู่บ้านบ้านสุนทราตก,7.782478,100.0443576,2,64,location_exact_normalized,1.0,1,ปันแต|8,matched,exact_key
ควนขนุน,ปันแต,9,constituency,election_day,353,346,3,4,85,1,11,229,19,0,1,4,373,ควนขนุน,ปันแต,10,10,สถานปฏิบัติธรรมบ้านไสหลวง,444,พัทลุง,อำเภอควนขนุน,ปันแต,สถานปฏิบัติธรรมบ้านไสหลวง,7.7735798,100.0289689,2,65,location_exact_normalized,1.0,1,ปันแต|9,matched,exact_key
ควนขนุน,ปันแต,10,constituency,election_day,384,374,8,2,215,0,15,130,11,1,2,4,374,ควนขนุน,ปันแต,11,11,ศาลาประจ าหมู่บ้านบ้านทุ่งลาน,473,พัทลุง,อำเภอควนขนุน,ปันแต,ศาลาประจำหมู่บ้านบ้านทุ่งลาน,7.734939400000001,100.0100936,2,66,location_exact_normalized,1.0,1,ปันแต|10,matched,exact_key
ควนขนุน,ปันแต,11,constituency,election_day,336,331,3,2,101,1,41,166,20,1,1,4,375,ควนขนุน,ปันแต,12,12,ศาลาประจ าหมู่บ้านบ้านหารเจ,383,พัทลุง,อำเภอควนขนุน,ปันแต,ศาลาประจำหมู่บ้านบ้านหารเจ,7.791652699999999,99.9968167,2,67,location_exact_normalized,1.0,1,ปันแต|11,matched,exact_key
ควนขนุน,ปันแต,12,constituency,election_day,188,183,2,3,38,0,6,132,5,0,2,4,376,ควนขนุน,ปันแต,13,13,ศาลาประจ าหมู่บ้านบ้านเขากลาง,242,พัทลุง,อำเภอควนขนุน,ปันแต,ศาลาประจำหมู่บ้านบ้านเขากลาง,7.762721,100.0576457,2,68,location_exact_normalized,1.0,1,ปันแต|12,matched,exact_key
ป่าพะยอม,ป่าพะยอม,0,constituency,election_day,453,438,11,4,81,4,49,275,27,2,0,5,405,ป่าพะยอม,ป่าพะยอม,1,1,ศาลาประจ าหมู่บ้านบ้านสังแกระ,617,พัทลุง,อำเภอป่าพะยอม,ป่าพะยอม,ศาลาประจำหมู่บ้านบ้านสังแกระ,7.8521588,99.9353318,2,167,location_exact_normalized,1.0,1,ป่าพะยอม|0,matched,exact_key
ป่าพะยอม,ป่าพะยอม,1,constituency,election_day,337,319,11,7,36,0,67,192,23,1,0,5,406,ป่าพะยอม,ป่าพะยอม,2,2,ศาลาประจ าหมู่บ้านบ้านป่าพะยอม,418,พัทลุง,อำเภอป่าพะยอม,ป่าพะยอม,ศาลาประจำหมู่บ้านบ้านป่าพะยอม,7.7542239,99.8194682,2,168,location_exact_normalized,1.0,1,ป่าพะยอม|1,matched,exact_key
ป่าพะยอม,ป่าพะยอม,2,constituency,election_day,357,327,10,20,46,2,54,198,25,1,1,5,407,ป่าพะยอม,ป่าพะยอม,3,2,โรงเรียนอนุบาลป่าพะยอม,532,พัทลุง,อำเภอป่าพะยอม,ป่าพะยอม,โรงเรียนอนุบาลป่าพะยอม,7.841230299999999,99.9385037,2,169,location_exact_normalized,1.0,1,ป่าพะยอม|2,matched,exact_key
ป่าพะยอม,ป่าพะยอม,3,constituency,election_day,511,462,16,33,92,5,108,214,37,4,2,5,408,ป่าพะยอม,ป่าพะยอม,4,3,ศาลาประจ าหมู่บ้านบ้านทุ่ง,691,พัทลุง,อำเภอป่าพะยอม,ป่าพะยอม,ศาลาประจำหมู่บ้านบ้านทุง,7.8521588,99.9353318,2,170,location_fuzzy,0.9796,1,ป่าพะยอม|3,matched,exact_key
ป่าพะยอม,ป่าพะยอม,4,constituency,election_day,397,382,6,9,124,0,37,198,22,1,0,5,409,ป่าพะยอม,ป่าพะยอม,5,4,ศาลาประจ าหมู่บ้านบ้านประดู่หอม,505,พัทลุง,อำเภอป่าพะยอม,ป่าพะยอม,ศาลาประจำหมู่บ้านบ้านประดู่หอม,7.851793,99.964334,2,171,location_exact_normalized,1.0,1,ป่าพะยอม|4,matched,exact_key
ป่าพะยอม,ป่าพะยอม,5,constituency,election_day,531,487,14,30,78,10,91,268,38,0,2,5,410,ป่าพะยอม,ป่าพะยอม,6,5,ศาลาประจ าหมู่บ้านบ้านนาทราย,705,พัทลุง,อำเภอป่าพะยอม,ป่าพะยอม,ศาลาประจำหมู่บ้านบ้านนาทราย,7.838677,99.863101,2,172,location_exact_normalized,1.0,1,ป่าพะยอม|5,matched,exact_key
ป่าพะยอม,ป่าพะยอม,6,constituency,election_day,498,481,6,11,104,3,78,260,32,0,4,5,411,ป่าพะยอม,ป่าพะยอม,7,6,ศาลาประจ าหมู่บ้านบ้านโคกกอ,619,พัทลุง,อำเภอป่าพะยอม,ป่าพะยอม,ศาลาประจำหมู่บ้านบ้านโคกกอ,7.8521588,99.9353318,2,173,location_exact_normalized,1.0,1,ป่าพะยอม|6,matched,exact_key
ป่าพะยอม,ป่าพะยอม,7,constituency,election_day,571,553,8,10,145,2,74,310,21,0,1,5,412,ป่าพะยอม,ป่าพะยอม,8,7,ศาลาประจ าหมู่บ้านบ้านไสกุน,743,พัทลุง,อำเภอป่าพะยอม,ป่าพะยอม,ศาลาประจำหมู่บ้านบ้านไสกุน,7.8654527,99.959434,2,174,location_exact_normalized,1.0,1,ป่าพะยอม|7,matched,exact_key
ควนขนุน,พนมวังก์,0,constituency,election_day,400,390,3,7,162,3,38,167,17,1,2,3,348,ควนขนุน,พนมวังก์,1,1,ศาลาอเนกประสงค์บ้านเขานม (อบต.หลังเก่า),455,พัทลุง,อำเภอควนขนุน,พนมวังก์,ศาลาอเนกประสงค์บ้านเขานม (อบต.หลังเก่า),7.6738819,100.0809748,2,39,location_exact_normalized,1.0,1,พนมวังก์|0,matched,exact_key
ควนขนุน,พนมวังก์,1,constituency,election_day,631,604,13,14,196,0,71,297,35,1,4,3,349,ควนขนุน,พนมวังก์,2,2,ศาลาประจ าหมู่บ้านบ้านระหว่างควน,821,พัทลุง,อำเภอควนขนุน,พนมวังก์,ศาลาประจำหมู่บ้านบ้านระหว่างควน,7.6920875,100.0469114,2,40,location_exact_normalized,1.0,1,พนมวังก์|1,matched,exact_key
ควนขนุน,พนมวังก์,2,constituency,election_day,574,555,6,13,168,3,67,253,62,0,2,3,350,ควนขนุน,พนมวังก์,3,3,ศาลาประจ าหมู่บ้านบ้านควนปริง,693,พัทลุง,อำเภอควนขนุน,พนมวังก์,ศาลาประจำหมู่บ้านบ้านควนปริง,7.681553500000001,100.0052044,2,41,location_exact_normalized,1.0,1,พนมวังก์|2,matched,exact_key
ควนขนุน,พนมวังก์,3,constituency,election_day,530,508,14,8,117,2,49,302,36,1,1,3,351,ควนขนุน,พนมวังก์,4,4,โรงเรียนทุ่งยางเปล,656,พัทลุง,อำเภอควนขนุน,พนมวังก์,โรงเรียนทุ่งยางเปล,7.653512500000001,100.0357031,2,42,location_exact_normalized,1.0,1,พนมวังก์|3,matched,exact_key
ควนขนุน,พนมวังก์,4,constituency,election_day,398,374,15,9,197,1,27,130,18,0,1,3,352,ควนขนุน,พนมวังก์,5,5,ศาลาประจ าหมู่บ้านบ้านพนมวังก์,485,พัทลุง,อำเภอควนขนุน,พนมวังก์,ศาลาประจำหมู่บ้านบ้านพนมวังก์,7.3838149,100.2598974,2,43,location_exact_normalized,1.0,1,พนมวังก์|4,matched,exact_key
ควนขนุน,พนมวังก์,5,constituency,election_day,628,607,6,15,173,2,44,350,38,0,0,3,353,ควนขนุน,พนมวังก์,6,6,ศาลาประจ าหมู่บ้านบ้านทุ่งขึงหนัง,771,พัทลุง,อำเภอควนขนุน,พนมวังก์,ศาลาประจำหมู่บ้านบ้านทุ่งขึงหนัง,7.6731922,100.0191857,2,44,location_exact_normalized,1.0,1,พนมวังก์|5,matched,exact_key
ควนขนุน,พนมวังก์,6,constituency,election_day,516,491,8,17,139,4,93,215,36,1,3,3,354,ควนขนุน,พนมวังก์,7,7,ศาลาประจ าหมู่บ้านบ้านไสยวน,631,พัทลุง,อำเภอควนขนุน,พนมวังก์,ศาลาประจำหมู่บ้านบ้านไสยวน,7.688851199999999,100.0064228,2,45,location_exact_normalized,1.0,1,พนมวังก์|6,matched,exact_key
ควนขนุน,พนมวังก์,7,constituency,election_day,551,530,13,8,192,4,47,255,27,2,3,3,355,ควนขนุน,พนมวังก์,8,8,ศาลาประจ าหมู่บ้านบ้านเกาะอ้ายเฒ่า,708,พัทลุง,อำเภอควนขนุน,พนมวังก์,ศาลาประจำหมู่บ้านบ้านเกาะอ้ายเฒ่า,7.697101200000001,100.0275755,2,46,location_exact_normalized,1.0,1,พนมวังก์|7,matched,exact_key
ควนขนุน,พนางตุง,0,constituency,election_day,412,392,16,4,169,1,14,192,15,0,1,1,272,ควนขนุน,พนางตุง,1,1,ศาลาประจ าหมู่บ้านบ้านทะเลน้อย,531,พัทลุง,อำเภอควนขนุน,พนางตุง,ศาลาประจำหมู่บ้านบ้านทะเลน้อย,7.7777536,100.1167953,2,101,location_exact_normalized,1.0,1,พนางตุง|0,matched,exact_key
ควนขนุน,พนางตุง,1,constituency,election_day,352,336,10,6,106,2,12,198,18,0,0,1,273,ควนขนุน,พนางตุง,2,2,ศาลาประจ าหมู่บ้าน หมู่ที่ 2 บ้านทะเลน้อย,496,พัทลุง,อำเภอควนขนุน,พนางตุง,ศาลาประจำหมู่บ้าน หมู่ที่ 2 บ้านทะเลน้อย,7.7777536,100.1167953,2,102,location_exact_normalized,1.0,1,พนางตุง|1,matched,exact_key
ควนขนุน,พนางตุง,2,constituency,election_day,650,624,16,10,218,3,48,311,40,3,1,1,274,ควนขนุน,พนางตุง,3,3,โรงเรียนควนพนางตุง,859,พัทลุง,อำเภอควนขนุน,พนางตุง,โรงเรียนควนพนางตุง,7.777721799999999,100.1033782,2,103,location_exact_normalized,1.0,1,พนางตุง|2,matched,exact_key
ควนขนุน,พนางตุง,3,constituency,election_day,367,349,9,9,96,3,46,187,17,0,0,1,275,ควนขนุน,พนางตุง,4,4,ศาลาประจ าหมู่บ้านบ้านชายคลอง,450,พัทลุง,อำเภอควนขนุน,พนางตุง,ศาลาประจำหมู่บ้านบ้านชายคลอง,7.7346142,100.1285201,2,104,location_exact_normalized,1.0,1,พนางตุง|3,matched,exact_key
ควนขนุน,พนางตุง,4,constituency,election_day,659,645,10,4,203,3,35,368,29,4,3,1,276,ควนขนุน,พนางตุง,5,5,ศาลาประจ าหมู่บ้านบ้านท่าช้าง,841,พัทลุง,อำเภอควนขนุน,พนางตุง,ศาลาประจำหมู่บ้านบ้านท่าช้าง,7.7462876,100.1069393,2,105,location_exact_normalized,1.0,1,พนางตุง|4,matched,exact_key
ควนขนุน,พนางตุง,5,constituency,election_day,680,655,17,8,186,8,22,417,21,0,1,1,277,ควนขนุน,พนางตุง,6,6,ศาลาประจ าหมู่บ้านบ้านไสคลิ้ง,815,พัทลุง,อำเภอควนขนุน,พนางตุง,ศาลาประจำหมู่บ้านบ้านไสคลิ้ง,7.7615069,100.1367166,2,106,location_exact_normalized,1.0,1,พนางตุง|5,matched,exact_key
ควนขนุน,พนางตุง,6,constituency,election_day,483,464,11,8,23,2,15,412,10,0,2,1,278,ควนขนุน,พนางตุง,7,7,ศาลาประจ าหมู่บ้านบ้านค่าย,633,พัทลุง,อำเภอควนขนุน,พนางตุง,ศาลาประจำหมู่บ้านบ้านค่าย,7.767323999999999,100.08837,2,107,location_exact_normalized,1.0,1,พนางตุง|6,matched,exact_key
ควนขนุน,พนางตุง,7,constituency,election_day,726,696,21,9,246,0,56,361,31,2,0,1,279,ควนขนุน,พนางตุง,8,8,ที่ท าการก านันต าบลพนางตุง,915,พัทลุง,อำเภอควนขนุน,พนางตุง,ที่ทำการกำนันตำบลพนางตุง,7.7801171,100.0898175,2,108,location_exact_normalized,1.0,1,พนางตุง|7,matched,exact_key
ควนขนุน,พนางตุง,8,constituency,election_day,166,163,0,3,49,2,8,96,2,0,6,1,280,ควนขนุน,พนางตุง,9,9,ศาลาประจ าหมู่บ้านบ้านปากคลองเก่า,205,พัทลุง,อำเภอควนขนุน,พนางตุง,ศาลาประจำหมู่บ้านบ้านปากคลองเก่า,7.734145599999999,100.0256023,2,109,location_exact_normalized,1.0,1,พนางตุง|8,matched,exact_key
ควนขนุน,พนางตุง,9,constituency,election_day,632,609,16,7,85,8,42,443,26,4,1,1,281,ควนขนุน,พนางตุง,10,10,โรงเรียนบ้านธรรมเถียร,785,พัทลุง,อำเภอควนขนุน,พนางตุง,โรงเรียนบ้านธรรมเถียร,7.789683200000001,100.0953331,2,110,location_exact_normalized,1.0,1,พนางตุง|9,matched,exact_key
ควนขนุน,พนางตุง,10,constituency,election_day,338,328,4,6,86,2,24,205,10,1,0,1,282,ควนขนุน,พนางตุง,11,11,ศาลาประจ าหมู่บ้านบ้านไทรงาม,431,พัทลุง,อำเภอควนขนุน,พนางตุง,ศาลาประจำหมู่บ้านบ้านไทรงาม,7.7781796,100.118286,2,111,location_exact_normalized,1.0,1,พนางตุง|10,matched,exact_key
ควนขนุน,พนางตุง,11,constituency,election_day,548,525,17,6,112,2,24,365,19,0,3,1,283,ควนขนุน,พนางตุง,12,12,ศาลาเฉลิมพระเกียรติบ้านปากห้วย,686,พัทลุง,อำเภอควนขนุน,พนางตุง,ศาลาเฉลิมพระเกียรติบ้านปากห้วย,7.7615069,100.1367166,2,112,location_exact_normalized,1.0,1,พนางตุง|11,matched,exact_key
ควนขนุน,พนางตุง,12,constituency,election_day,510,485,16,9,152,3,24,266,37,0,3,1,284,ควนขนุน,พนางตุง,13,13,ศาลาอเนกประสงค์หมู่ที่ 13,645,พัทลุง,อำเภอควนขนุน,พนางตุง,ศาลาเอนกประสงค์ หมู่ที่ 13,7.7615069,100.1367166,2,113,location_fuzzy,0.9583,1,พนางตุง|12,matched,exact_key
ควนขนุน,มะกอกเหนือ(เทศบาล),0,constituency,election_day,400,389,6,5,56,0,33,276,22,1,1,1,285,ควนขนุน,มะกอกเหนือ(เทศบาล),1,1,วัดประดู่เรียง,492,พัทลุง,ท้องถิ่นเทศบาลตำบลมะกอกเหนือ,มะกอกเหนือ,วัดประดู่เรียง,7.7391571,100.0863987,2,264,location_exact_normalized,1.0,1,มะกอกเหนือ(เทศบาล)|0,matched,exact_key
ควนขนุน,มะกอกเหนือ(เทศบาล),1,constituency,election_day,307,296,1,10,67,0,36,174,17,0,2,1,286,ควนขนุน,มะกอกเหนือ(เทศบาล),2,1,อาคารศูนย์ออกก าลังกาย (Fitness) ทต.มะกอกเหนือ,412,พัทลุง,ท้องถิ่นเทศบาลตำบลมะกอกเหนือ,มะกอกเหนือ,อาคารศูนย์ออกกำลังกาย (Fitness) ทต.มะกอกเหนือ,7.7416636,100.0695367,2,265,location_exact_normalized,1.0,1,มะกอกเหนือ(เทศบาล)|1,matched,exact_key
ควนขนุน,มะกอกเหนือ(เทศบาล),2,constituency,election_day,374,359,5,10,72,6,49,198,33,0,1,1,287,ควนขนุน,มะกอกเหนือ(เทศบาล),3,1,อาคารอเนกประสงค์ (ข้างศูนย์พัฒนาเด็กเล็กบ้านปากคลอง),563,พัทลุง,ท้องถิ่นเทศบาลตำบลมะกอกเหนือ,มะกอกเหนือ,อาคารอเนกประสงค์(ข้างศูนย์พัฒนาเด็กเล็กบ้านปากคลอง),7.736405899999999,100.0686586,2,266,location_exact_normalized,1.0,1,มะกอกเหนือ(เทศบาล)|2,matched,exact_key
ควนขนุน,มะกอกเหนือ(เทศบาล),3,constituency,election_day,229,222,5,2,67,0,14,131,10,0,0,2,288,ควนขนุน,มะกอกเหนือ(เทศบาล),4,1,ศาลาเฉลิมพระเกียรติ ร.9,366,พัทลุง,ท้องถิ่นเทศบาลตำบลมะกอกเหนือ,มะกอกเหนือ,ศาลาเฉลิมพระเกียรติ ร.9,7.7416636,100.0695367,2,267,location_exact_normalized,1.0,1,มะกอกเหนือ(เทศบาล)|3,matched,exact_key
ควนขนุน,มะกอกเหนือ,0,constituency,election_day,478,458,9,11,95,5,60,263,33,0,2,2,289,ควนขนุน,มะกอกเหนือ,1,1,โรงอาหารโรงเรียนประดู่เรียง,676,พัทลุง,อำเภอควนขนุน,มะกอกเหนือ,โรงอาหารโรงเรียนประดู่เรียง,7.7409914,100.0858852,2,91,location_exact_normalized,1.0,1,มะกอกเหนือ|0,matched,exact_key
ควนขนุน,มะกอกเหนือ,1,constituency,election_day,93,92,0,1,14,1,3,66,8,0,0,2,290,ควนขนุน,มะกอกเหนือ,2,2,ศาลาประจ าหมู่บ้านบ้านปากคลองเก่า,127,พัทลุง,อำเภอควนขนุน,มะกอกเหนือ,ศาลาประจำหมู่บ้านบ้านปากคลองเก่า,7.739052,100.0712741,2,92,location_exact_normalized,1.0,1,มะกอกเหนือ|1,matched,exact_key
ควนขนุน,มะกอกเหนือ,2,constituency,election_day,113,107,1,5,40,0,12,53,2,0,0,2,291,ควนขนุน,มะกอกเหนือ,3,3,ศาลาประจ าหมู่บ้านบ้านเขาอ้อ,132,พัทลุง,อำเภอควนขนุน,มะกอกเหนือ,ศาลาประจำหมู่บ้านบ้านเขาอ้อ,7.7544444,100.0663889,2,93,location_exact_normalized,1.0,1,มะกอกเหนือ|2,matched,exact_key
ควนขนุน,มะกอกเหนือ,3,constituency,election_day,259,254,1,4,83,2,15,133,19,1,1,2,292,ควนขนุน,มะกอกเหนือ,4,4,ศาลาประจ าหมู่บ้านบ้านค่ายเสือ,329,พัทลุง,อำเภอควนขนุน,มะกอกเหนือ,ศาลาประจำหมู่บ้านบ้านค่ายเสือ,7.7416636,100.0695367,2,94,location_exact_normalized,1.0,1,มะกอกเหนือ|3,matched,exact_key
ควนขนุน,มะกอกเหนือ,4,constituency,election_day,461,441,9,11,243,1,49,110,30,0,8,2,293,ควนขนุน,มะกอกเหนือ,5,5,ศาลาประจ าหมู่บ้านบ้านนาสวน,565,พัทลุง,อำเภอควนขนุน,มะกอกเหนือ,ศาลาประจำหมู่บ้านบ้านนาสวน,7.7416636,100.0695367,2,95,location_exact_normalized,1.0,1,มะกอกเหนือ|4,matched,exact_key
ควนขนุน,มะกอกเหนือ,5,constituency,election_day,477,452,11,14,189,2,58,162,31,0,10,2,294,ควนขนุน,มะกอกเหนือ,6,6,ศาลาเอนกประสงค์โรงเรียนวัดบ้านสวน,663,พัทลุง,อำเภอควนขนุน,มะกอกเหนือ,ศาลาเอนกประสงค์โรงเรียนวัดบ้านสวน,7.734133699999999,100.0518935,2,96,location_exact_normalized,1.0,1,มะกอกเหนือ|5,matched,exact_key
ควนขนุน,มะกอกเหนือ,6,constituency,election_day,485,472,1,12,169,5,73,177,40,1,7,2,295,ควนขนุน,มะกอกเหนือ,7,6,ศาลาการเปรียญวัดบ้านสวน,607,พัทลุง,อำเภอควนขนุน,มะกอกเหนือ,ศาลาการเปรียญวัดบ้านสวน,7.7335541,100.051063,2,97,location_exact_normalized,1.0,1,มะกอกเหนือ|6,matched,exact_key
ควนขนุน,มะกอกเหนือ,7,constituency,election_day,420,409,3,8,117,1,41,225,21,1,3,2,296,ควนขนุน,มะกอกเหนือ,8,7,วัดมะกอกเหนือ,510,พัทลุง,อำเภอควนขนุน,มะกอกเหนือ,วัดมะกอกเหนือ,7.713126,100.086706,2,98,location_exact_normalized,1.0,1,มะกอกเหนือ|7,matched,exact_key
ควนขนุน,มะกอกเหนือ,8,constituency,election_day,413,400,8,5,188,4,41,137,24,1,5,2,297,ควนขนุน,มะกอกเหนือ,9,8,ศาลาประจ าหมู่บ้านบ้านดอนศาลา,530,พัทลุง,อำเภอควนขนุน,มะกอกเหนือ,ศาลาประจำหมู่บ้านบ้านดอนศาลา,7.755263100000001,100.0397776,2,99,location_exact_normalized,1.0,1,มะกอกเหนือ|8,matched,exact_key
ควนขนุน,มะกอกเหนือ,9,constituency,election_day,162,156,3,3,78,1,18,43,15,0,1,2,298,ควนขนุน,มะกอกเหนือ,10,9,ที่อ่านหนังสือประจ าหมู่บ้านบ้านไสเลียบ,209,พัทลุง,อำเภอควนขนุน,มะกอกเหนือ,ที่อ่านหนังสือประจำหมู่บ้านบ้านไสเลียบ,7.7416636,100.0695367,2,100,location_exact_normalized,1.0,1,มะกอกเหนือ|9,matched,exact_key
ป่าพะยอม,ลานข่อย,0,constituency,election_day,328,312,9,7,111,0,35,135,27,2,2,5,424,ป่าพะยอม,ลานข่อย,1,1,ศาลาประจ าหมู่บ้านบ้านลานข่อย,440,พัทลุง,ท้องถิ่นเทศบาลตำบลลานข่อย,ลานข่อย,ศาลาประจำหมู่บ้านบ้านลานข่อย,7.8872993,99.8553365,2,254,location_exact_normalized,1.0,1,ลานข่อย|0,matched,exact_key
ป่าพะยอม,ลานข่อย,1,constituency,election_day,438,424,10,4,155,1,53,186,28,0,1,5,425,ป่าพะยอม,ลานข่อย,2,1,ศาลาการเปรียญวัดลานข่อย,580,พัทลุง,ท้องถิ่นเทศบาลตำบลลานข่อย,ลานข่อย,ศาลาการเปรียญวัดลานข่อย,7.8875764,99.87482,2,255,location_exact_normalized,1.0,1,ลานข่อย|1,matched,exact_key
ป่าพะยอม,ลานข่อย,2,constituency,election_day,361,350,4,7,131,0,23,174,19,3,0,5,426,ป่าพะยอม,ลานข่อย,3,2,ศาลาประจ าหมู่บ้านบ้านห้วยหลุด,978,พัทลุง,ท้องถิ่นเทศบาลตำบลลานข่อย,ลานข่อย,ศาลาประจำหมู่บ้านบ้านห้วยหลุด,7.8553141,99.8013351,2,256,location_exact_normalized,1.0,1,ลานข่อย|2,matched,exact_key
ป่าพะยอม,ลานข่อย,3,constituency,election_day,355,343,6,6,118,2,34,178,9,2,0,5,427,ป่าพะยอม,ลานข่อย,4,3,ศาลาประจ าหมู่บ้านบ้านทุ่งชุมพล,921,พัทลุง,ท้องถิ่นเทศบาลตำบลลานข่อย,ลานข่อย,ศาลาประจำหมู่บ้านบ้านทุ่งชุมพล,7.8808168,99.8327582,2,257,location_exact_normalized,1.0,1,ลานข่อย|3,matched,exact_key
ป่าพะยอม,ลานข่อย,4,constituency,election_day,365,354,8,3,141,0,40,155,12,5,1,6,428,ป่าพะยอม,ลานข่อย,5,4,ศาลาประจ าหมู่บ้านบ้านห้วยเรียน,842,พัทลุง,ท้องถิ่นเทศบาลตำบลลานข่อย,ลานข่อย,ศาลาประจำหมู่บ้านบ้านห้วยเรียน,7.821256099999999,99.8794744,2,258,location_exact_normalized,1.0,1,ลานข่อย|4,matched,exact_key
ป่าพะยอม,ลานข่อย,5,constituency,election_day,364,350,9,5,152,0,32,144,22,0,0,6,429,ป่าพะยอม,ลานข่อย,6,5,ศาลาประจ าหมู่บ้านบ้านถ ้าลา,488,พัทลุง,ท้องถิ่นเทศบาลตำบลลานข่อย,ลานข่อย,ศาลาประจำหมู่บ้านบ้านถ้ำลา,7.852371,99.797831,2,259,location_exact_normalized,1.0,1,ลานข่อย|5,matched,exact_key
ป่าพะยอม,ลานข่อย,6,constituency,election_day,628,598,8,22,247,4,72,246,29,0,0,6,430,ป่าพะยอม,ลานข่อย,7,6,ศาลาประจ าหมู่บ้านบ้านมาดนั่ง,611,พัทลุง,ท้องถิ่นเทศบาลตำบลลานข่อย,ลานข่อย,ศาลาประจำหมู่บ้านบ้านมาดนั่ง,7.8553141,99.8013351,2,260,location_exact_normalized,1.0,1,ลานข่อย|6,matched,exact_key
ป่าพะยอม,ลานข่อย,7,constituency,election_day,361,341,13,7,169,2,54,103,11,0,2,6,431,ป่าพะยอม,ลานข่อย,8,7,ศาลาประจ าหมู่บ้านบ้านห้วยศรีเกษร,637,พัทลุง,ท้องถิ่นเทศบาลตำบลลานข่อย,ลานข่อย,ศาลาประจำหมู่บ้านบ้านห้วยศรีเกษร,7.8684401,99.902977,2,261,location_exact_normalized,1.0,1,ลานข่อย|7,matched,exact_key
ป่าพะยอม,ลานข่อย,8,constituency,election_day,513,499,12,2,195,3,57,219,23,0,2,6,432,ป่าพะยอม,ลานข่อย,9,8,ศาลาประจ าหมู่บ้านบ้านห้วยร าพึง,407,พัทลุง,ท้องถิ่นเทศบาลตำบลลานข่อย,ลานข่อย,ศาลาประจำหมู่บ้านบ้านห้วยรำพึง,7.8553141,99.8013351,2,262,location_exact_normalized,1.0,1,ลานข่อย|8,matched,exact_key
ป่าพะยอม,ลานข่อย,9,constituency,election_day,507,491,4,12,156,1,51,255,27,1,0,6,433,ป่าพะยอม,ลานข่อย,10,9,ศาลาประจ าหมู่บ้านบ้านควนยาว,764,พัทลุง,ท้องถิ่นเทศบาลตำบลลานข่อย,ลานข่อย,ศาลาประจำหมู่บ้านบ้านควนยาว,7.8553141,99.8013351,2,263,location_exact_normalized,1.0,1,ลานข่อย|9,matched,exact_key
ป่าพะยอม,ลานข่อย,10,constituency,election_day,342,327,6,9,137,2,58,114,16,0,0,,,,,,,,,,,,,,,,,,,,,unmatched,
ป่าพะยอม,ลานข่อย,11,constituency,election_day,595,581,7,7,268,2,51,243,17,0,0,,,,,,,,,,,,,,,,,,,,,unmatched,
ศรีนครินทร์,ลำสินธ์ุ,0,constituency,election_day,561,534,8,19,259,2,79,140,53,1,0,7,464,ศรีนครินทร์,ล าสินธุ์,1,1,ศาลาประจ าหมู่บ้านบ้านคลองหมวย,687,พัทลุง,อำเภอศรีนครินทร์,ลำสินธุ์,ศาลาประจำหมู่บ้านบ้านคลองหมวย,7.565728799999999,99.9318053,2,209,location_exact_normalized,1.0,1,ล าสินธุ์|0,matched,fallback_unique_subdistrict_key
ศรีนครินทร์,ลำสินธ์ุ,1,constituency,election_day,399,388,10,1,164,0,27,179,17,1,0,7,465,ศรีนครินทร์,ล าสินธุ์,2,2,ศาลาประจ าหมู่บ้านบ้านสวนหมาก,488,พัทลุง,อำเภอศรีนครินทร์,ลำสินธุ์,ศาลาประจำหมู่บ้านบ้านสวนหมาก,7.5045591,99.9073986,2,210,location_exact_normalized,1.0,1,ล าสินธุ์|1,matched,fallback_unique_subdistrict_key
ศรีนครินทร์,ลำสินธ์ุ,2,constituency,election_day,536,511,20,5,257,1,34,183,33,1,2,7,466,ศรีนครินทร์,ล าสินธุ์,3,3,ศาลาประจ าหมู่บ้านบ้านล าสินธุ์,635,พัทลุง,อำเภอศรีนครินทร์,ลำสินธุ์,ศาลาประจำหมู่บ้านบ้านลำสินธุ์,7.533063,99.937284,2,211,location_exact_normalized,1.0,1,ล าสินธุ์|2,matched,fallback_unique_subdistrict_key
ศรีนครินทร์,ลำสินธ์ุ,3,constituency,election_day,221,214,3,4,122,0,16,71,4,1,0,7,467,ศรีนครินทร์,ล าสินธุ์,4,4,ศาลาประจ าหมู่บ้านบ้านห้วยท าผัง,261,พัทลุง,อำเภอศรีนครินทร์,ลำสินธุ์,ศาลาประจำหมู่บ้านบ้านห้วยทำผัง,7.5045591,99.9073986,2,212,location_exact_normalized,1.0,1,ล าสินธุ์|3,matched,fallback_unique_subdistrict_key
ศรีนครินทร์,ลำสินธ์ุ,4,constituency,election_day,417,400,7,10,189,1,44,148,11,1,6,7,468,ศรีนครินทร์,ล าสินธุ์,5,5,ศาลาประจ าหมู่บ้านบ้านโหล๊ะไฟ,483,พัทลุง,อำเภอศรีนครินทร์,ลำสินธุ์,ศาลาประจำหมู่บ้านบ้านโหล๊ะไฟ,7.507218399999999,99.9070129,2,213,location_exact_normalized,1.0,1,ล าสินธุ์|4,matched,fallback_unique_subdistrict_key
ศรีนครินทร์,ลำสินธ์ุ,5,constituency,election_day,591,568,20,3,261,3,74,195,30,2,3,7,469,ศรีนครินทร์,ล าสินธุ์,6,6,ศาลาประจ าหมู่บ้านบ้านโตน,690,พัทลุง,อำเภอศรีนครินทร์,ลำสินธุ์,ศาลาประจำหมู่บ้านบ้านโตน,7.501031,99.9085119,2,214,location_exact_normalized,1.0,1,ล าสินธุ์|5,matched,fallback_unique_subdistrict_key
ศรีนครินทร์,ลำสินธ์ุ,6,constituency,election_day,604,587,15,2,278,2,34,257,15,0,1,7,470,ศรีนครินทร์,ล าสินธุ์,7,7,ศาลาประจ าหมู่บ้านบ้านขาม,716,พัทลุง,อำเภอศรีนครินทร์,ลำสินธุ์,ศาลาประจำหมู่บ้านบ้านขาม,7.508669999999999,99.921707,2,215,location_exact_normalized,1.0,1,ล าสินธุ์|6,matched,fallback_unique_subdistrict_key
ศรีนครินทร์,ลำสินธ์ุ,7,constituency,election_day,563,544,11,8,255,0,49,194,43,2,1,7,471,ศรีนครินทร์,ล าสินธุ์,8,8,ศาลาประจ าหมู่บ้านบ้านล าสินธุ์เหนือ,728,พัทลุง,อำเภอศรีนครินทร์,ลำสินธุ์,ศาลาประจำหมู่บ้านบ้านลำสินธุ์เหนือ,7.533063,99.937284,2,216,location_exact_normalized,1.0,1,ล าสินธุ์|7,matched,fallback_unique_subdistrict_key
ศรีนครินทร์,ลำสินธ์ุ,8,constituency,election_day,233,225,7,1,100,0,10,105,9,0,1,7,472,ศรีนครินทร์,ล าสินธุ์,9,9,ศาลาประจ าหมู่บ้านบ้านโหล๊ะอม,312,พัทลุง,อำเภอศรีนครินทร์,ลำสินธุ์,ศาลาประจำหมู่บ้านบ้านโหล๊ะอม,7.5045591,99.9073986,2,217,location_exact_normalized,1.0,1,ล าสินธุ์|8,matched,fallback_unique_subdistrict_key
กงหรา2,สมหวัง,0,constituency,election_day,316,302,8,6,137,2,32,111,19,1,0,8,508,กงหรา,สมหวัง,1,1,ศาลาประจ าหมู่บ้านบ้านคลองล า,386,พัทลุง,อำเภอกงหรา,สมหวัง,ศาลาประจำหมู่บ้านบ้านคลองลำ,7.5077431,100.0024084,2,0,location_exact_normalized,1.0,1,สมหวัง|0,matched,exact_key
กงหรา2,สมหวัง,1,constituency,election_day,665,625,23,17,221,3,109,256,33,1,2,8,509,กงหรา,สมหวัง,2,2,ศาลาประชาร่วมใจ (ช่องเตย),778,พัทลุง,อำเภอกงหรา,สมหวัง,ศาลาประชาร่วมใจ (ช่องเตย),7.5077431,100.0024084,2,1,location_exact_normalized,1.0,1,สมหวัง|1,matched,exact_key
กงหรา2,สมหวัง,2,constituency,election_day,396,379,13,4,121,1,46,189,22,0,0,8,510,กงหรา,สมหวัง,3,3,ศาลาประจ าหมู่บ้านบ้านสมหวังตก,508,พัทลุง,อำเภอกงหรา,สมหวัง,ศาลาประจำหมู่บ้านบ้านสมหวังตก,7.52108,100.008,2,2,location_exact_normalized,1.0,1,สมหวัง|2,matched,exact_key
กงหรา2,สมหวัง,3,constituency,election_day,358,332,20,6,88,0,60,166,16,1,1,8,511,กงหรา,สมหวัง,4,4,โรงเรียนวัดหวัง,478,พัทลุง,อำเภอกงหรา,สมหวัง,โรงเรียนวัดหวัง,7.5076504,99.9837692,2,3,location_exact_normalized,1.0,1,สมหวัง|3,matched,exact_key
กงหรา2,สมหวัง,4,constituency,election_day,413,392,9,12,135,2,48,175,29,0,3,8,512,กงหรา,สมหวัง,5,4,ศาลาการเปรียญวัดสมหวัง,483,พัทลุง,อำเภอกงหรา,สมหวัง,ศาลาการเปรียญวัดสมหวัง,7.507084499999999,99.9848915,2,4,location_exact_normalized,1.0,1,สมหวัง|4,matched,exact_key
กงหรา2,สมหวัง,5,constituency,election_day,374,345,20,9,176,4,56,68,38,0,3,8,513,กงหรา,สมหวัง,6,5,ศาลาประจ าหมู่บ้านบ้านไสคุณเปลือย,464,พัทลุง,อำเภอกงหรา,สมหวัง,ศาลาประจำหมู่บ้านบ้านไสคุณเปลือย,7.4978326,100.015403,2,5,location_exact_normalized,1.0,1,สมหวัง|5,matched,exact_key
กงหรา2,สมหวัง,6,constituency,election_day,427,411,12,4,198,0,50,135,25,2,1,8,514,กงหรา,สมหวัง,7,6,ศาลาประจ าหมู่บ้านบ้านพรุนาแด้,526,พัทลุง,อำเภอกงหรา,สมหวัง,ศาลาประจำหมู่บ้านบ้านพรุนาแด้,7.4922222,100.0025,2,6,location_exact_normalized,1.0,1,สมหวัง|6,matched,exact_key
กงหรา2,สมหวัง,7,constituency,election_day,197,186,4,7,83,0,36,61,5,0,1,8,515,กงหรา,สมหวัง,8,7,ศาลาประจ าหมู่บ้านบ้านทุ่งเลียบ,234,พัทลุง,อำเภอกงหรา,สมหวัง,ศาลาประจำหมู่บ้านบ้านทุ่งเลียบ,7.550502400000001,100.0024084,2,7,location_exact_normalized,1.0,1,สมหวัง|7,matched,exact_key
ศรีนครินทร์,อ่างทอง,0,constituency,election_day,450,439,7,4,159,0,21,240,19,0,0,7,473,ศรีนครินทร์,อ่างทอง,1,1,ศาลาประจ าหมู่บ้านบ้านประดู่,535,พัทลุง,อำเภอศรีนครินทร์,อ่างทอง,ศาลาประจำหมู่บ้านบ้านประดู่,7.5629896,99.9241575,2,201,location_exact_normalized,1.0,1,อ่างทอง|0,matched,exact_key
ศรีนครินทร์,อ่างทอง,1,constituency,election_day,379,363,7,9,89,0,47,199,27,0,1,7,474,ศรีนครินทร์,อ่างทอง,2,2,ศาลาอเนกประสงค์บ้านสวนหลวง,490,พัทลุง,อำเภอศรีนครินทร์,อ่างทอง,ศาลาอเนกประสงค์บ้านสวนหลวง,7.5564909,99.9744535,2,202,location_exact_normalized,1.0,1,อ่างทอง|1,matched,exact_key
ศรีนครินทร์,อ่างทอง,2,constituency,election_day,498,468,20,10,134,1,52,254,26,1,0,7,475,ศรีนครินทร์,อ่างทอง,3,3,ศาลาประจ าหมู่บ้านบ้านอ่างทอง,618,พัทลุง,อำเภอศรีนครินทร์,อ่างทอง,ศาลาประจำหมู่บ้านบ้านอ่างทอง,7.5564909,99.9744535,2,203,location_exact_normalized,1.0,1,อ่างทอง|2,matched,exact_key
ศรีนครินทร์,อ่างทอง,3,constituency,election_day,538,530,1,7,84,2,31,396,15,1,1,7,476,ศรีนครินทร์,อ่างทอง,4,4,ศาลาอเนกประสงค์บ้านโหล๊ะหนุน,676,พัทลุง,อำเภอศรีนครินทร์,อ่างทอง,ศาลาอเนกประสงค์บ้านโหล๊ะหนุน,7.5505741,99.9603319,2,204,location_exact_normalized,1.0,1,อ่างทอง|3,matched,exact_key
ศรีนครินทร์,อ่างทอง,4,constituency,election_day,300,290,8,2,128,0,18,132,12,0,0,7,477,ศรีนครินทร์,อ่างทอง,5,5,ศาลาเอนกประสงค์บ้านปากแพรก,347,พัทลุง,อำเภอศรีนครินทร์,อ่างทอง,ศาลาอเนกประสงค์บ้านปากแพรก,7.5564909,99.9744535,2,205,location_fuzzy,0.9615,1,อ่างทอง|4,matched,exact_key
ศรีนครินทร์,อ่างทอง,5,constituency,election_day,223,214,8,1,59,1,24,122,7,1,0,7,478,ศรีนครินทร์,อ่างทอง,6,6,ศาลาประจ าหมู่บ้านบ้านเกาะเหรียง,272,พัทลุง,อำเภอศรีนครินทร์,อ่างทอง,ศาลาประจำหมู่บ้านบ้านเกาะเหรียง,7.5629896,99.9241575,2,206,location_exact_normalized,1.0,1,อ่างทอง|5,matched,exact_key
ศรีนครินทร์,อ่างทอง,6,constituency,election_day,299,285,6,8,138,0,29,98,17,0,3,7,479,ศรีนครินทร์,อ่างทอง,7,7,ศาลาเอนกประสงค์บ้านต้นตอ,389,พัทลุง,อำเภอศรีนครินทร์,อ่างทอง,ศาลาอเนกประสงค์บ้านต้นตอ,7.5564909,99.9744535,2,207,location_fuzzy,0.9583,1,อ่างทอง|6,matched,exact_key
ศรีนครินทร์,อ่างทอง,7,constituency,election_day,250,242,6,2,130,0,20,82,10,0,0,7,480,ศรีนครินทร์,อ่างทอง,8,8,ศาลาอเนกประสงค์บ้านเกาะขัน,279,พัทลุง,อำเภอศรีนครินทร์,อ่างทอง,ศาลาอเนกประสงค์บ้านเกาะขัน,7.5564909,99.9744535,2,208,location_exact_normalized,1.0,1,อ่างทอง|7,matched,exact_key
ป่าพะยอม,เกาะเต่า,0,constituency,election_day,530,511,16,3,191,6,24,267,20,3,0,4,390,ป่าพะยอม,เกาะเต่า,1,1,ศาลาประจ าหมู่บ้านบ้านไร่เจ็ดสิบ,621,พัทลุง,อำเภอป่าพะยอม,เกาะเต่า,ศาลาประจำหมู่บ้านบ้านไร่เจ็ดสิบ,7.8113025,99.8459774,2,175,location_exact_normalized,1.0,1,เกาะเต่า|0,matched,exact_key
ป่าพะยอม,เกาะเต่า,1,constituency,election_day,334,325,4,5,88,2,42,178,15,0,0,4,391,ป่าพะยอม,เกาะเต่า,2,2,ศาลาประจ าหมู่บ้านบ้านห้วยกรวด,408,พัทลุง,อำเภอป่าพะยอม,เกาะเต่า,ศาลาประจำหมู่บ้านบ้านห้วยกรวด,7.8554397,99.9101915,2,176,location_exact_normalized,1.0,1,เกาะเต่า|1,matched,exact_key
ป่าพะยอม,เกาะเต่า,2,constituency,election_day,339,329,3,7,89,2,28,191,18,1,0,4,392,ป่าพะยอม,เกาะเต่า,3,3,ศาลาประจ าหมู่บ้านบ้านบางหล่อ,462,พัทลุง,อำเภอป่าพะยอม,เกาะเต่า,ศาลาประจำหมู่บ้านบ้านบางหล่อ,7.791444299999999,99.8295765,2,177,location_exact_normalized,1.0,1,เกาะเต่า|2,matched,exact_key
ป่าพะยอม,เกาะเต่า,3,constituency,election_day,556,539,4,13,139,5,32,329,33,0,1,5,393,ป่าพะยอม,เกาะเต่า,4,3,ศูนย์สาธิตการตลาดบ้านบางหล่อ,660,พัทลุง,อำเภอป่าพะยอม,เกาะเต่า,ศูนย์สาธิตการตลาดบ้านบางหล่อ,7.791444299999999,99.8295765,2,178,location_exact_normalized,1.0,1,เกาะเต่า|3,matched,exact_key
ป่าพะยอม,เกาะเต่า,4,constituency,election_day,381,369,9,3,84,3,54,202,21,1,4,5,394,ป่าพะยอม,เกาะเต่า,5,4,ศาลาประจ าหมู่บ้านบ้านคลองใหญ่,1005,พัทลุง,อำเภอป่าพะยอม,เกาะเต่า,ศาลาประจำหมู่บ้านบ้านคลองใหญ่,7.8265429,99.8689005,2,179,location_exact_normalized,1.0,1,เกาะเต่า|4,matched,exact_key
ป่าพะยอม,เกาะเต่า,5,constituency,election_day,411,395,3,13,101,1,41,226,25,1,0,5,395,ป่าพะยอม,เกาะเต่า,6,5,ศาลาประจ าหมู่บ้านบ้านไสเลียบ,473,พัทลุง,อำเภอป่าพะยอม,เกาะเต่า,ศาลาประจำหมู่บ้านบ้านไสเลียบ,7.8321524,99.8957282,2,180,location_exact_normalized,1.0,1,เกาะเต่า|5,matched,exact_key
ป่าพะยอม,เกาะเต่า,6,constituency,election_day,352,343,4,5,57,1,56,205,22,2,0,5,396,ป่าพะยอม,เกาะเต่า,7,5,ศูนย์เรียนรู้บ้านไสเลียบ,623,พัทลุง,อำเภอป่าพะยอม,เกาะเต่า,ศูนย์เรียนรู้บ้านไสเลียบ,7.8321524,99.8957282,2,181,location_exact_normalized,1.0,1,เกาะเต่า|6,matched,exact_key
ป่าพะยอม,เกาะเต่า,7,constituency,election_day,500,486,8,6,92,3,58,301,30,0,2,5,397,ป่าพะยอม,เกาะเต่า,8,6,ศาลาประจ าหมู่บ้านบ้านปากเหมือง,555,พัทลุง,อำเภอป่าพะยอม,เกาะเต่า,ศาลาประจำหมู่บ้านบ้านปากเหมือง,7.77781,99.8342437,2,182,location_exact_normalized,1.0,1,เกาะเต่า|7,matched,exact_key
ป่าพะยอม,เกาะเต่า,8,constituency,election_day,424,406,8,10,124,2,21,235,22,1,1,5,398,ป่าพะยอม,เกาะเต่า,9,7,ศาลาประจ าหมู่บ้านบ้านประชาสามัคคี,477,พัทลุง,อำเภอป่าพะยอม,เกาะเต่า,ศาลาประจำหมู่บ้านบ้านประชาสามัคคี,7.7700709,99.8878507,2,183,location_exact_normalized,1.0,1,เกาะเต่า|8,matched,exact_key
ป่าพะยอม,เกาะเต่า,9,constituency,election_day,380,369,6,5,111,26,25,175,31,1,0,5,399,ป่าพะยอม,เกาะเต่า,10,8,ศาลาประจ าหมู่บ้านบ้านหน าวัว,621,พัทลุง,อำเภอป่าพะยอม,เกาะเต่า,ศาลาประจำหมู่บ้านบ้านหนำวัว,7.784332600000001,99.8515593,2,184,location_exact_normalized,1.0,1,เกาะเต่า|9,matched,exact_key
ป่าพะยอม,เกาะเต่า,10,constituency,election_day,503,488,4,11,109,9,27,312,30,0,1,5,400,ป่าพะยอม,เกาะเต่า,11,9,ศาลาประจ าหมู่บ้านบ้านควนตะแบก,737,พัทลุง,อำเภอป่าพะยอม,เกาะเต่า,ศาลาประจำหมู่บ้านบ้านควนตะแบก,7.849026500000001,99.8403959,2,185,location_exact_normalized,1.0,1,เกาะเต่า|10,matched,exact_key
ป่าพะยอม,เกาะเต่า,11,constituency,election_day,579,558,11,10,163,3,65,281,42,0,4,5,401,ป่าพะยอม,เกาะเต่า,12,10,ศาลาประจ าหมู่บ้านบ้านห้วยปริง,854,พัทลุง,อำเภอป่าพะยอม,เกาะเต่า,ศาลาประจำหมู่บ้านบ้านห้วยปริง,7.819731300000001,99.9013657,2,186,location_exact_normalized,1.0,1,เกาะเต่า|11,matched,exact_key
ป่าพะยอม,เกาะเต่า,12,constituency,election_day,658,638,9,11,250,5,34,321,24,1,3,5,402,ป่าพะยอม,เกาะเต่า,13,11,ศาลาประจ าหมู่บ้านบ้านเกาะยวน,585,พัทลุง,อำเภอป่าพะยอม,เกาะเต่า,ศาลาประจำหมู่บ้านบ้านเกาะยวน,7.8504642,99.8934354,2,187,location_exact_normalized,1.0,1,เกาะเต่า|12,matched,exact_key
ป่าพะยอม,เกาะเต่า,13,constituency,election_day,493,477,5,11,134,1,62,258,22,0,0,5,403,ป่าพะยอม,เกาะเต่า,14,12,ศาลาประจ าหมู่บ้านบ้านห้วยไม้ไผ่,705,พัทลุง,อำเภอป่าพะยอม,เกาะเต่า,ศาลาประจำหมู่บ้านบ้านห้วยไม้ไผ่,7.76993,99.835768,2,188,location_exact_normalized,1.0,1,เกาะเต่า|13,matched,exact_key
ป่าพะยอม,เกาะเต่า,14,constituency,election_day,600,585,9,6,171,7,52,319,35,0,1,5,404,ป่าพะยอม,เกาะเต่า,15,13,ศาลาประจ าหมู่บ้านบ้านนา,943,พัทลุง,อำเภอป่าพะยอม,เกาะเต่า,ศาลาประจำหมู่บ้านบ้านนา,7.838677,99.863101,2,189,location_exact_normalized,1.0,1,เกาะเต่า|14,matched,exact_key
ป่าพะยอม,เกาะเต่า,15,constituency,election_day,371,356,6,9,119,7,56,156,12,2,4,,,,,,,,,,,,,,,,,,,,,unmatched,
ป่าพะยอม,เกาะเต่า,16,constituency,election_day,380,362,9,9,154,2,42,141,21,1,1,,,,,,,,,,,,,,,,,,,,,unmatched,
ศรีบรรพต,เขาปู่,0,constituency,election_day,359,340,9,10,86,6,35,183,27,1,2,6,444,ศรีบรรพต,เขาปู่,1,1,ศาลาประจ าหมู่บ้าน บ้านหน้าวัด,447,พัทลุง,อำเภอศรีบรรพต,เขาปู่,ศาลาประจำหมู่บ้าน บ้านหน้าวัด หมู่ที่ 1,7.704519400000001,99.8236533,2,147,location_fuzzy,0.875,1,เขาปู่|0,matched,exact_key
ศรีบรรพต,เขาปู่,1,constituency,election_day,494,464,15,15,174,1,58,192,38,0,1,6,445,ศรีบรรพต,เขาปู่,2,2,ศาลาประจ าหมู่บ้าน บ้านใสประดู่,615,พัทลุง,อำเภอศรีบรรพต,เขาปู่,ศาลาประจำหมู่บ้าน บ้านใสประดู่ หมู่ที่ 2,7.664779900000001,99.8385881,2,148,location_fuzzy,0.8788,1,เขาปู่|1,matched,exact_key
ศรีบรรพต,เขาปู่,2,constituency,election_day,198,181,4,13,36,0,16,120,9,0,0,6,446,ศรีบรรพต,เขาปู่,3,3,ศาลาประจ าหมู่บ้าน บ้านควนลม,235,พัทลุง,อำเภอศรีบรรพต,เขาปู่,ศาลาประจำหมู่บ้าน บ้านควนลม หมู่ที่ 3,7.729098599999999,99.8041245,2,149,location_fuzzy,0.8667,1,เขาปู่|2,matched,exact_key
ศรีบรรพต,เขาปู่,3,constituency,election_day,298,282,8,8,57,2,22,185,14,1,1,6,447,ศรีบรรพต,เขาปู่,4,4,ศาลาประจ าหมู่บ้าน บ้านทุ่งยูง,390,พัทลุง,อำเภอศรีบรรพต,เขาปู่,ศาลาประจำหมู่บ้าน บ้านทุ่งยูง หมู่ที่ 4,7.7451902,99.8041245,2,150,location_fuzzy,0.875,1,เขาปู่|3,matched,exact_key
ศรีบรรพต,เขาปู่,4,constituency,election_day,253,233,3,17,70,4,27,119,9,0,4,6,448,ศรีบรรพต,เขาปู่,5,5,ศาลาประจ าหมู่บ้าน บ้านด่าน,303,พัทลุง,อำเภอศรีบรรพต,เขาปู่,ศาลาประจำหมู่บ้าน บ้านด่าน หมู่ที่ 5,7.717472799999999,99.8431866,2,151,location_fuzzy,0.8621,1,เขาปู่|4,matched,exact_key
ศรีบรรพต,เขาปู่,5,constituency,election_day,499,478,10,11,149,4,38,245,40,2,0,6,449,ศรีบรรพต,เขาปู่,6,6,ศาลาประจ าหมู่บ้าน บ้านเหรียงงาม,619,พัทลุง,อำเภอศรีบรรพต,เขาปู่,ศาลาประจำหมู่บ้าน บ้านเหรียงงาม หมู่ที่ 6,7.7169567,99.8655158,2,152,location_fuzzy,0.8824,1,เขาปู่|5,matched,exact_key
ศรีบรรพต,เขาปู่,6,constituency,election_day,361,349,6,6,98,3,15,218,12,2,1,6,450,ศรีบรรพต,เขาปู่,7,7,ศาลาประจ าหมู่บ้าน บ้านเขาป้าแหร้,459,พัทลุง,อำเภอศรีบรรพต,เขาปู่,ศาลาประจำหมู่บ้าน บ้านเขาป้าแหร้ หมู่ที่ 7,7.741928,99.8292338,2,153,location_fuzzy,0.8857,1,เขาปู่|6,matched,exact_key
ศรีบรรพต,เขาปู่,7,constituency,election_day,435,412,10,13,117,5,65,198,22,2,3,6,451,ศรีบรรพต,เขาปู่,8,8,ศาลาประจ าหมู่บ้าน บ้านป่าตอ,564,พัทลุง,อำเภอศรีบรรพต,เขาปู่,ศาลาประจำหมู่บ้าน บ้านป่าตอ หมู่ที่ 8,7.699030199999999,99.8292338,2,154,location_fuzzy,0.8667,1,เขาปู่|7,matched,exact_key
ศรีบรรพต,เขาปู่,8,constituency,election_day,290,278,4,8,113,5,21,122,16,0,1,6,452,ศรีบรรพต,เขาปู่,9,9,ศาลาประจ าหมู่บ้าน บ้านในวัง,326,พัทลุง,อำเภอศรีบรรพต,เขาปู่,ศาลาประจำหมู่บ้าน บ้านในวัง หมู่ที่ 9,7.704519400000001,99.8236533,2,155,location_fuzzy,0.8667,1,เขาปู่|8,matched,exact_key
ศรีบรรพต,เขาปู่,9,constituency,election_day,283,278,2,3,35,0,29,200,14,0,0,6,453,ศรีบรรพต,เขาปู่,10,10,ศาลาประจ าหมู่บ้าน บ้านโหล๊ะปราง,299,พัทลุง,อำเภอศรีบรรพต,เขาปู่,ศาลาประจำหมู่บ้าน บ้านโหล๊ะปราง หมู่ที่ 10,7.704519400000001,99.8236533,2,156,location_fuzzy,0.8696,1,เขาปู่|9,matched,exact_key
ศรีบรรพต,เขาปู่,10,constituency,election_day,357,341,6,10,79,4,40,195,21,1,1,6,454,ศรีบรรพต,เขาปู่,11,11,ศาลาประจ าหมู่บ้าน บ้านเขาปู่,436,พัทลุง,อำเภอศรีบรรพต,เขาปู่,ศาลาประจำหมู่บ้าน บ้านเขาปู่ หมู่ที่ 11,7.704519400000001,99.8236533,2,157,location_fuzzy,0.8571,1,เขาปู่|10,matched,exact_key
ศรีบรรพต,เขาย่า,0,constituency,election_day,404,387,9,8,51,3,34,272,25,1,1,6,434,ศรีบรรพต,เขาย่า,1,1,ศาลาประจ าหมู่บ้าน บ้านส านักปราง,502,พัทลุง,อำเภอศรีบรรพต,เขาย่า,ศาลาประจำหมู่บ้าน บ้านสำนักปราง หมู่ที่ 1,7.728210699999999,99.9004167,2,137,location_fuzzy,0.8824,1,เขาย่า|0,matched,exact_key
ศรีบรรพต,เขาย่า,1,constituency,election_day,396,384,6,6,79,0,25,254,25,0,1,6,435,ศรีบรรพต,เขาย่า,2,2,ศาลาประจ าหมู่บ้าน บ้านสะพานยาง,478,พัทลุง,อำเภอศรีบรรพต,เขาย่า,ศาลาประจำหมู่บ้าน บ้านสะพานยาง หมู่ที่ 2,7.747962100000001,99.9157776,2,138,location_fuzzy,0.8788,1,เขาย่า|1,matched,exact_key
ศรีบรรพต,เขาย่า,2,constituency,election_day,537,524,3,10,129,11,57,302,24,0,1,6,436,ศรีบรรพต,เขาย่า,3,3,ศาลาประจ าหมู่บ้าน บ้านม่วง,648,พัทลุง,อำเภอศรีบรรพต,เขาย่า,ศาลาประจำหมู่บ้าน บ้านม่วง หมู่ที่ 3,7.7458666,99.890643,2,139,location_fuzzy,0.8621,1,เขาย่า|2,matched,exact_key
ศรีบรรพต,เขาย่า,3,constituency,election_day,474,456,11,7,117,2,36,280,21,0,0,6,437,ศรีบรรพต,เขาย่า,4,4,ศาลาประจ าหมู่บ้าน บ้านเขาย่าออก,518,พัทลุง,อำเภอศรีบรรพต,เขาย่า,ศาลาประจำหมู่บ้าน บ้านเขาย่าออก หมู่ที่ 4,7.7197137,99.9199675,2,140,location_fuzzy,0.8824,1,เขาย่า|3,matched,exact_key
ศรีบรรพต,เขาย่า,4,constituency,election_day,451,439,8,4,91,1,49,271,26,0,1,6,438,ศรีบรรพต,เขาย่า,5,5,ศาลาประจ าหมู่บ้าน บ้านโหล๊ะเร็ดตก,567,พัทลุง,อำเภอศรีบรรพต,เขาย่า,ศาลาประจำหมู่บ้าน บ้านโหล๊ะเร็ดตกหมู่ที่ 5,7.7576419,99.9032094,2,141,location_fuzzy,0.8889,1,เขาย่า|4,matched,exact_key
ศรีบรรพต,เขาย่า,5,constituency,election_day,496,468,15,13,164,3,40,232,21,3,5,6,439,ศรีบรรพต,เขาย่า,6,6,ศาลาประจ าหมู่บ้าน บ้านเขาย่าตก,574,พัทลุง,อำเภอศรีบรรพต,เขาย่า,ศาลาประจำหมู่บ้าน บ้านเขาย่าตก หมู่ที่ 6,7.710689700000001,99.9046058,2,142,location_fuzzy,0.8788,1,เขาย่า|5,matched,exact_key
ศรีบรรพต,เขาย่า,6,constituency,election_day,552,511,18,23,164,3,43,266,32,0,3,6,440,ศรีบรรพต,เขาย่า,7,7,ศาลาประจ าหมู่บ้าน บ้านโพรงงู,651,พัทลุง,อำเภอศรีบรรพต,เขาย่า,ศาลาประจำหมู่บ้าน บ้านโพรงงู หมู่ที่ 7,7.729908200000001,99.8850586,2,143,location_fuzzy,0.871,1,เขาย่า|6,matched,exact_key
ศรีบรรพต,เขาย่า,7,constituency,election_day,537,520,8,9,150,21,71,248,27,1,2,6,441,ศรีบรรพต,เขาย่า,8,8,ศาลาประจ าหมู่บ้าน บ้านโหล๊ะเร็ดออก,656,พัทลุง,อำเภอศรีบรรพต,เขาย่า,ศาลาประจำหมู่บ้าน บ้านโหล๊ะเร็ดออก หมู่ที่ 8,7.776026099999999,99.9199675,2,144,location_fuzzy,0.8919,1,เขาย่า|7,matched,exact_key
ศรีบรรพต,เขาย่า,8,constituency,election_day,375,359,3,13,45,0,45,249,18,0,2,6,442,ศรีบรรพต,เขาย่า,9,9,ศาลาประจ าหมู่บ้าน บ้านส านักวา,445,พัทลุง,อำเภอศรีบรรพต,เขาย่า,ศาลาประจำหมู่บ้าน บ้านสำนักวา หมู่ที่ 9,7.7206497,99.8865912,2,145,location_fuzzy,0.875,1,เขาย่า|8,matched,exact_key
ศรีบรรพต,เขาย่า,9,constituency,election_day,446,428,13,5,93,0,33,287,15,0,0,6,443,ศรีบรรพต,เขาย่า,10,10,ศาลาประจ าหมู่บ้าน บ้านหูหนาน,520,พัทลุง,อำเภอศรีบรรพต,เขาย่า,ศาลาประจำหมู่บ้าน บ้านหูหนาน หมู่ที่ 10,7.737366799999999,99.9101915,2,146,location_fuzzy,0.8571,1,เขาย่า|9,matched,exact_key
ควนขนุน,แพรกหา,0,constituency,election_day,622,609,8,5,137,1,43,389,39,0,0,3,356,ควนขนุน,แพรกหา,1,1,ศาลาประจ าหมู่บ้านบ้านม่วงเตี้ย,779,พัทลุง,อำเภอควนขนุน,แพรกหา,ศาลาประจำหมู่บ้านบ้านม่วงเตี้ย,7.666126299999999,100.0230734,2,129,location_exact_normalized,1.0,1,แพรกหา|0,matched,exact_key
ควนขนุน,แพรกหา,1,constituency,election_day,346,331,4,11,101,8,54,152,12,2,2,3,357,ควนขนุน,แพรกหา,2,2,ศาลาประจ าหมู่บ้านบ้านไสขาม,441,พัทลุง,อำเภอควนขนุน,แพรกหา,ศาลาประจำหมู่บ้านบ้านไสขาม,7.6506734,99.988483,2,130,location_exact_normalized,1.0,1,แพรกหา|1,matched,exact_key
ควนขนุน,แพรกหา,2,constituency,election_day,575,548,7,20,178,2,67,255,39,3,4,4,358,ควนขนุน,แพรกหา,3,3,ศาลาประจ าหมู่บ้านบ้านแพรกหา,697,พัทลุง,อำเภอควนขนุน,แพรกหา,ศาลาประจำหมู่บ้านบ้านแพรกหา,7.6503234,99.9875214,2,131,location_exact_normalized,1.0,1,แพรกหา|2,matched,exact_key
ควนขนุน,แพรกหา,3,constituency,election_day,680,651,16,13,229,2,45,333,41,0,1,4,359,ควนขนุน,แพรกหา,4,4,ศาลา อพป.บ้านเขาโต๊ะบุญ,804,พัทลุง,อำเภอควนขนุน,แพรกหา,ศาลา อพป.บ้านเขาโต๊ะบุญ,7.6641667,100.0083333,2,132,location_exact_normalized,1.0,1,แพรกหา|3,matched,exact_key
ควนขนุน,แพรกหา,4,constituency,election_day,677,648,17,12,209,0,69,326,44,0,0,4,360,ควนขนุน,แพรกหา,5,5,ศาลาประจ าหมู่บ้านบ้านเขาพังอิฐ,793,พัทลุง,อำเภอควนขนุน,แพรกหา,ศาลาประจำหมู่บ้านบ้านเขาพังอิฐ,7.6511029,100.0082279,2,133,location_exact_normalized,1.0,1,แพรกหา|4,matched,exact_key
ควนขนุน,แพรกหา,5,constituency,election_day,417,403,6,8,61,2,57,247,31,3,2,4,361,ควนขนุน,แพรกหา,6,6,ศาลาประจ าหมู่บ้านบ้านเขาป้าเจ้,501,พัทลุง,อำเภอควนขนุน,แพรกหา,ศาลาประจำหมู่บ้านบ้านเขาป้าเจ้,7.6520326,100.0080005,2,134,location_exact_normalized,1.0,1,แพรกหา|5,matched,exact_key
ควนขนุน,แพรกหา,6,constituency,election_day,434,421,9,4,154,0,35,204,28,0,0,4,362,ควนขนุน,แพรกหา,7,7,ศาลาประจ าหมู่บ้านบ้านไสหยี,535,พัทลุง,อำเภอควนขนุน,แพรกหา,ศาลาประจำหมู่บ้านบ้านไสหยี,7.6520326,100.0080005,2,135,location_exact_normalized,1.0,1,แพรกหา|6,matched,exact_key
ควนขนุน,แพรกหา,7,constituency,election_day,385,366,5,14,74,2,49,221,18,2,0,4,363,ควนขนุน,แพรกหา,8,8,ศาลาประจ าหมู่บ้านบ้านควนน้อย,469,พัทลุง,อำเภอควนขนุน,แพรกหา,ศาลาประจำหมู่บ้านบ้านควนน้อย,7.674832,100.003384,2,136,location_exact_normalized,1.0,1,แพรกหา|7,matched,exact_key
ควนขนุน,แหลมโตนด,0,constituency,election_day,512,494,16,2,263,3,54,151,20,1,2,1,253,ควนขนุน,แหลมโตนด,1,1,ศาลาประจ าหมู่บ้านบ้านกองเกวียน,642,พัทลุง,อำเภอควนขนุน,แหลมโตนด,ศาลาประจำหมู่บ้านบ้านกองเกวียน,7.828554299999999,100.0247788,2,47,location_exact_normalized,1.0,1,แหลมโตนด|0,matched,exact_key
ควนขนุน,แหลมโตนด,1,constituency,election_day,386,371,11,4,132,20,37,171,11,0,0,1,254,ควนขนุน,แหลมโตนด,2,2,ศาลาประจ าหมู่บ้านบ้านแหลมโตนด,532,พัทลุง,อำเภอควนขนุน,แหลมโตนด,ศาลาประจำหมู่บ้านบ้านแหลมโตนด,7.812371,100.049519,2,48,location_exact_normalized,1.0,1,แหลมโตนด|1,matched,exact_key
ควนขนุน,แหลมโตนด,2,constituency,election_day,326,312,10,4,110,4,16,165,15,0,2,1,255,ควนขนุน,แหลมโตนด,3,3,ศาลาประจ าหมู่บ้านบ้านมาบเนียน,397,พัทลุง,อำเภอควนขนุน,แหลมโตนด,ศาลาประจำหมู่บ้านบ้านมาบเนียน,7.838152273124791,100.0744355760674,2,49,location_exact_normalized,1.0,1,แหลมโตนด|2,matched,exact_key
ควนขนุน,แหลมโตนด,3,constituency,election_day,590,559,18,13,161,2,46,314,29,2,5,1,256,ควนขนุน,แหลมโตนด,4,4,ศาลาประจ าหมู่บ้านบ้านเตง (โคกถิน),756,พัทลุง,อำเภอควนขนุน,แหลมโตนด,ศาลาประจำหมู่บ้านบ้านเตง(โคกถิน),7.838233,100.0031462,2,50,location_exact_normalized,1.0,1,แหลมโตนด|3,matched,exact_key
ควนขนุน,แหลมโตนด,4,constituency,election_day,305,292,4,9,126,7,33,115,11,0,0,1,257,ควนขนุน,แหลมโตนด,5,5,ศาลาประจ าหมู่บ้านบ้านหนองสามก้อน,408,พัทลุง,อำเภอควนขนุน,แหลมโตนด,ศาลาประจำหมู่บ้านบ้านหนองสามก้อน,7.828554299999999,100.0247788,2,51,location_exact_normalized,1.0,1,แหลมโตนด|4,matched,exact_key
ควนขนุน,แหลมโตนด,5,constituency,election_day,224,213,10,1,133,6,23,47,3,1,0,1,258,ควนขนุน,แหลมโตนด,6,6,ศาลาประจ าหมู่บ้านบ้านทุ่งใน,270,พัทลุง,อำเภอควนขนุน,แหลมโตนด,ศาลาประจำหมู่บ้านบ้านทุ่งใน,7.828554299999999,100.0247788,2,52,location_exact_normalized,1.0,1,แหลมโตนด|5,matched,exact_key
ควนขนุน,แหลมโตนด,6,constituency,election_day,323,314,6,3,103,5,29,169,8,0,0,1,259,ควนขนุน,แหลมโตนด,7,7,ศาลาประจ าหมู่บ้านบ้านบนลาน,428,พัทลุง,อำเภอควนขนุน,แหลมโตนด,ศาลาประจำหมู่บ้านบ้านบนลาน,7.3838149,100.2598974,2,53,location_exact_normalized,1.0,1,แหลมโตนด|6,matched,exact_key
ควนขนุน,แหลมโตนด,7,constituency,election_day,276,263,8,5,116,8,16,106,14,2,1,1,260,ควนขนุน,แหลมโตนด,8,8,ศาลาประจ าหมู่บ้านบ้านเสือสะอาด,325,พัทลุง,อำเภอควนขนุน,แหลมโตนด,ศาลประจำหมู่บ้านบ้านเสือสะอาด,7.828554299999999,100.0247788,2,54,location_fuzzy,0.9831,1,แหลมโตนด|7,matched,exact_key
ควนขนุน,แหลมโตนด,8,constituency,election_day,232,228,1,3,72,28,43,75,6,1,3,1,261,ควนขนุน,แหลมโตนด,9,9,ศาลาประจ าหมู่บ้านบ้านในตลาด,332,พัทลุง,อำเภอควนขนุน,แหลมโตนด,ศาลาประจำหมู่บ้านบ้านในตลาด,7.3838149,100.2598974,2,55,location_exact_normalized,1.0,1,แหลมโตนด|8,matched,exact_key
ควนขนุน,โตนดด้วน,0,constituency,election_day,262,250,3,9,37,2,21,168,8,1,13,2,299,ควนขนุน,โตนดด้วน,1,1,ศาลาประจ าหมู่บ้านบ้านไสค า,322,พัทลุง,อำเภอควนขนุน,โตนดด้วน,ศาลาประจำหมู่บ้านบ้านไสคำ,7.7160528,100.0191857,2,69,location_exact_normalized,1.0,1,โตนดด้วน|0,matched,exact_key
ควนขนุน,โตนดด้วน,1,constituency,election_day,596,579,8,9,158,2,39,345,30,2,3,2,300,ควนขนุน,โตนดด้วน,2,2,ศาลาประจ าหมู่บ้านบ้านโคกโดน,751,พัทลุง,อำเภอควนขนุน,โตนดด้วน,ศาลาประจำหมู่บ้านบ้านโคกโดน,7.713701899999998,100.0255558,2,70,location_exact_normalized,1.0,1,โตนดด้วน|1,matched,exact_key
ควนขนุน,โตนดด้วน,2,constituency,election_day,246,234,7,5,49,0,28,140,15,1,1,2,301,ควนขนุน,โตนดด้วน,3,3,ศาลาประจ าหมู่บ้านบ้านหนองฟ้าผ่า,299,พัทลุง,อำเภอควนขนุน,โตนดด้วน,ศาลาประจำหมู่บ้านบ้านหนองฟ้าผ่า,7.7243442,100.0433388,2,71,location_exact_normalized,1.0,1,โตนดด้วน|2,matched,exact_key
ควนขนุน,โตนดด้วน,3,constituency,election_day,231,221,4,6,41,1,20,141,16,1,1,2,302,ควนขนุน,โตนดด้วน,4,4,ศาลาประจ าหมู่บ้านบ้านป่าตอ,291,พัทลุง,อำเภอควนขนุน,โตนดด้วน,ศาลาประจำหมู่บ้านบ้านป่าตอ,7.7285293,100.0221358,2,72,location_exact_normalized,1.0,1,โตนดด้วน|3,matched,exact_key
ควนขนุน,โตนดด้วน,4,constituency,election_day,558,546,4,8,122,4,43,348,24,2,3,2,303,ควนขนุน,โตนดด้วน,5,5,ศาลาประจ าหมู่บ้านบ้านวังจระเข้,668,พัทลุง,อำเภอควนขนุน,โตนดด้วน,ศาลาประจำหมู่บ้านบ้านวังจระเข้,7.7160528,100.0191857,2,73,location_exact_normalized,1.0,1,โตนดด้วน|4,matched,exact_key
ควนขนุน,โตนดด้วน,5,constituency,election_day,226,216,3,7,79,1,10,117,9,0,0,2,304,ควนขนุน,โตนดด้วน,6,6,ศาลาประจ าหมู่บ้านบ้านหนักกุล,262,พัทลุง,อำเภอควนขนุน,โตนดด้วน,ศาลาประจำหมู่บ้านบ้านหนักกุล,7.7160528,100.0191857,2,74,location_exact_normalized,1.0,1,โตนดด้วน|5,matched,exact_key
ควนขนุน,โตนดด้วน,6,constituency,election_day,705,675,13,17,129,3,51,448,43,1,0,2,305,ควนขนุน,โตนดด้วน,7,7,ศาลาประจ าหมู่บ้านบ้านโคกโพธิ์,822,พัทลุง,อำเภอควนขนุน,โตนดด้วน,ศาลาประจำหมู่บ้านบ้านโคกโพธิ์,7.691745399999999,100.0315103,2,75,location_exact_normalized,1.0,1,โตนดด้วน|6,matched,exact_key
ควนขนุน,โตนดด้วน,7,constituency,election_day,341,332,6,3,56,0,11,247,17,0,1,2,306,ควนขนุน,โตนดด้วน,8,8,ศาลาประจ าหมู่บ้านบ้านไสโดน,436,พัทลุง,อำเภอควนขนุน,โตนดด้วน,ศาลาประจำหมู่บ้านบ้านไสโดน,7.7160528,100.0191857,2,76,location_exact_normalized,1.0,1,โตนดด้วน|7,matched,exact_key
ควนขนุน,โตนดด้วน,8,constituency,election_day,431,408,10,13,128,3,30,213,32,1,1,2,307,ควนขนุน,โตนดด้วน,9,9,ศาลาประจ าหมู่บ้านบ้านโตนดด้วน หมู่ที่ 9,516,พัทลุง,อำเภอควนขนุน,โตนดด้วน,ศาลาประจำหมู่บ้านบ้านโตนดด้วน หมู่ที่ 9,7.7160528,100.0191857,2,77,location_exact_normalized,1.0,1,โตนดด้วน|8,matched,exact_key
ควนขนุน,โตนดด้วน,9,constituency,election_day,280,266,6,8,103,0,24,127,8,1,3,2,308,ควนขนุน,โตนดด้วน,10,10,ศาลาประจ าหมู่บ้านบ้านตีนคลอง,325,พัทลุง,อำเภอควนขนุน,โตนดด้วน,ศาลาประจำหมู่บ้านบ้านตีนคลอง,7.7160528,100.0191857,2,78,location_exact_normalized,1.0,1,โตนดด้วน|9,matched,exact_key
ควนขนุน,โตนดด้วน,10,constituency,election_day,374,363,4,7,24,1,24,295,17,1,1,2,309,ควนขนุน,โตนดด้วน,11,11,ศาลาประจ าหมู่บ้าน หมู่ที่ 11 บ้านไสเหรียง,454,พัทลุง,อำเภอควนขนุน,โตนดด้วน,ศาลาประจำหมู่บ้าน หมู่ที่ 11 บ้านไสเหรียง,7.7160528,100.0191857,2,79,location_exact_normalized,1.0,1,โตนดด้วน|10,matched,exact_key
,,0,constituency,out_of_district_advance,765,695,6,64,91,18,88,197,286,7,8,,,,,,,,,,,,,,,,,,,,,unmatched,
,,1,constituency,out_of_district_advance,761,689,11,61,114,19,101,211,233,5,6,,,,,,,,,,,,,,,,,,,,,unmatched,
,,2,constituency,out_of_district_advance,765,719,15,31,96,17,85,257,248,6,10,,,,,,,,,,,,,,,,,,,,,unmatched,
,,3,constituency,out_of_district_advance,520,475,5,40,60,9,65,172,159,5,5,,,,,,,,,,,,,,,,,,,,,unmatched,
,,4,constituency,out_of_district_advance,765,705,11,49,101,13,88,214,276,3,10,,,,,,,,,,,,,,,,,,,,,unmatched,
,,5,constituency,out_of_district_advance,763,692,12,59,116,15,98,209,238,5,11,,,,,,,,,,,,,,,,,,,,,unmatched,
,,6,constituency,out_of_district_advance,765,705,10,50,98,11,74,217,298,5,2,,,,,,,,,,,,,,,,,,,,,unmatched,
,,7,constituency,out_of_district_advance,765,692,11,62,95,19,92,229,241,7,9,,,,,,,,,,,,,,,,,,,,,unmatched,
,,8,constituency,out_of_district_advance,765,687,13,65,100,9,77,221,268,8,4,,,,,,,,,,,,,,,,,,,,,unmatched,
,,9,constituency,out_of_district_advance,770,699,13,58,125,17,91,220,230,5,11,,,,,,,,,,,,,,,,,,,,,unmatched,
,,0,constituency,in_district_advance,9,9,0,0,3,0,1,5,0,0,0,,,,,,,,,,,,,,,,,,,,,unmatched,
