source_file,unit_index,status,cross_status,stat_flags,ballot_total,ballot_valid,ballot_invalid,ballot_no_vote,cleaning_notes,issues,ไทยทรัพย์ทวี,เพื่อชาติไทย,ใหม่,มิติใหม่,รวมใจไทย,รวมไทยสร้างชาติ,พลวัต,ประชาธิปไดยใหม่,เพื่อไทย,ทางเลือกไทย,เศรษฐกิจ,เสรีรวมไทย,รวมพลังประชาชน,ท้องที่ไทย,อนาคตไทย,พลังเพื่อไทย,ไทยชนะ,พลังสังคมใหม่,สังคมประชาธิปไดยไทย,ฟิวชัน,ไทรวมพลัง,ก้าวอิสระ,ปวงชนไทย,วิชชั่นใหม่,เพื่อชีวิตใหม่,คลองไทย,ประชาธิปัตย์,ไทยก้าวหน้า,ไทยภักดี,แรงงานสร้างชาติ,ประชากรไทย,ครูไทยเพื่อประชาชน,ประชาชาติ,สร้างอนาคตไทย,รักชาติ,ไทยพร้อม,ภูมิใจไทย,พลังธรรมใหม่,กรีน,ไทยธรรม,แผ่นดินธรรม,กล้าธรรม,พลังประชารัฐ,โอกาสใหม่,เป็นธรรม,ประชาชน,ประชาไทย,ไทยสร้างไทย,ไทยก้าวใหม่,ประชาอาสาชาติ,พร้อม,เครือข่ายชาวนาแห่งประเทศไทย,ไทยพิทักษ์ธรรม,ความหวังใหม่,ไทยรวมไทย,เพื่อบ้านเมือง,พลังไทยรักชาติ
อำเภอกงหรา2/46ตำบลสมหวัง.pdf,0,FAIL,OK,,316.0,301.0,9.0,6.0,,scores['ไทยทรัพย์ทวี'] is None; scores['มิติใหม่'] is None; scores['รวมใจไทย'] is None; scores['ประชาธิปไดยใหม่'] is None; scores['ทางเลือกไทย'] is None; scores['เสรีรวมไทย'] is None; scores['ท้องที่ไทย'] is None; scores['อนาคตไทย'] is None; scores['พลังเพื่อไทย'] is None; scores['ไทยชนะ'] is None; scores['พลังสังคมใหม่'] is None; scores['สังคมประชาธิปไดยไทย'] is None; scores['ฟิวชัน'] is None; scores['ไทรวมพลัง'] is None; scores['ก้าวอิสระ'] is None; scores['ปวงชนไทย'] is None; scores['วิชชั่นใหม่'] is None; scores['เพื่อชีวิตใหม่'] is None; scores['ไทยก้าวหน้า'] is None; scores['แรงงานสร้างชาติ'] is None; scores['ประชากรไทย'] is None; scores['ประชาชาติ'] is None; scores['สร้างอนาคตไทย'] is None; scores['รักชาติ'] is None; scores['ไทยพร้อม'] is None; scores['พลังธรรมใหม่'] is None; scores['กรีน'] is None; scores['ไทยธรรม'] is None; scores['แผ่นดินธรรม'] is None; scores['พลังประชารัฐ'] is None; scores['โอกาสใหม่'] is None; scores['เป็นธรรม'] is None; scores['ประชาไทย'] is None; scores['ไทยก้าวใหม่'] is None; scores['ประชาอาสาชาติ'] is None; scores['พร้อม'] is None; scores['เครือข่ายชาวนาแห่งประเทศไทย'] is None; scores['ไทยพิทักษ์ธรรม'] is None; scores['ความหวังใหม่'] is None; scores['ไทยรวมไทย'] is None; scores['พลังไทยรักชาติ'] is None,,5.0,1.0,,,1.0,2.0,,6.0,,3.0,,1.0,,,,,,,,,,,,,2.0,189.0,,2.0,,,1.0,,,,,32.0,,,,,6.0,,,,1.0,,2.0,,,,,,,,3.0,
อำเภอกงหรา2/46ตำบลสมหวัง.pdf,1,FAIL,OK,,665.0,631.0,23.0,11.0,,scores['มิติใหม่'] is None; scores['ประชาธิปไดยใหม่'] is None; scores['ทางเลือกไทย'] is None; scores['สังคมประชาธิปไดยไทย'] is None; scores['ฟิวชัน'] is None; scores['วิชชั่นใหม่'] is None; scores['ประชาไทย'] is None; scores['ไทยก้าวใหม่'] is None; scores['ประชาอาสาชาติ'] is None,3.0,4.0,1.0,,3.0,6.0,4.0,,19.0,,8.0,0.0,0.0,1.0,0.0,0.0,2.0,0.0,,,0.0,0.0,0.0,,0.0,2.0,446.0,1.0,2.0,1.0,2.0,0.0,0.0,0.0,0.0,0.0,47.0,0.0,0.0,0.0,0.0,1.0,0.0,1.0,6.0,0.0,,0.0,,,0.0,0.0,0.0,0.0,0.0,2.0,0.0
อำเภอกงหรา2/46ตำบลสมหวัง.pdf,2,FAIL,OK,single_party_dominance: ประชาธิปัตย์,396.0,378.0,18.0,2.0,"scores['ประชาธิปัตย์']: '2,350' → 2350 (removed comma)",ballot_valid + ballot_invalid + ballot_no_vote does not equal ballot_total; scores['ประชาธิปไดยใหม่'] is None; scores['ทางเลือกไทย'] is None; scores['สังคมประชาธิปไดยไทย'] is None; scores['ฟิวชัน'] is None; scores['วิชชั่นใหม่'] is None; scores['ประชาไทย'] is None; scores['ไทยก้าวใหม่'] is None; scores['ประชาอาสาชาติ'] is None,1.0,5.0,1.0,0.0,1.0,0.0,2.0,,18.0,,6.0,1.0,0.0,0.0,0.0,0.0,1.0,0.0,,,0.0,0.0,0.0,,0.0,3.0,2350.0,0.0,0.0,0.0,0.0,0.0,0.0,1.0,0.0,0.0,53.0,0.0,0.0,0.0,0.0,4.0,0.0,0.0,0.0,0.0,,0.0,,,0.0,0.0,0.0,0.0,0.0,0.0,0.0
อำเภอกงหรา2/46ตำบลสมหวัง.pdf,3,FAIL,MISMATCH,score_outlier: ไทยพิทักษ์ธรรม; score_outlier: ไทยรวมไทย,358.0,322.0,31.0,,,ballot_no_vote is None; scores['ไทยทรัพย์ทวี'] is None; scores['ประชาธิปไดยใหม่'] is None; scores['ทางเลือกไทย'] is None; scores['รวมพลังประชาชน'] is None; scores['ท้องที่ไทย'] is None; scores['พลังเพื่อไทย'] is None; scores['ไทยชนะ'] is None; scores['พลังสังคมใหม่'] is None; scores['สังคมประชาธิปไดยไทย'] is None; scores['ฟิวชัน'] is None; scores['ไทรวมพลัง'] is None; scores['ก้าวอิสระ'] is None; scores['วิชชั่นใหม่'] is None; scores['ไทยภักดี'] is None; scores['แรงงานสร้างชาติ'] is None; scores['ประชากรไทย'] is None; scores['ครูไทยเพื่อประชาชน'] is None; scores['ประชาชาติ'] is None; scores['พลังธรรมใหม่'] is None; scores['กรีน'] is None; scores['ไทยธรรม'] is None; scores['แผ่นดินธรรม'] is None; scores['กล้าธรรม'] is None; scores['พลังประชารัฐ'] is None; scores['โอกาสใหม่'] is None; scores['เป็นธรรม'] is None; scores['ประชาไทย'] is None; scores['ไทยสร้างไทย'] is None; scores['ไทยก้าวใหม่'] is None; scores['ประชาอาสาชาติ'] is None; scores['เครือข่ายชาวนาแห่งประเทศไทย'] is None; scores['ความหวังใหม่'] is None; scores['พลังไทยรักชาติ'] is None; ballot_total differs between forms,,2.0,1.0,1.0,2.0,2.0,4.0,,12.0,,4.0,3.0,,,1.0,,,,,,,,1.0,,1.0,1.0,199.0,1.0,,,,,,1.0,1.0,1.0,40.0,,,,,,,,,29.0,,,,,1.0,,1.0,,2.0,2.0,
อำเภอกงหรา2/46ตำบลสมหวัง.pdf,4,FAIL,MISMATCH,,,,,,,ballot_total is None; ballot_valid is None; ballot_invalid is None; ballot_no_vote is None; scores['ไทยทรัพย์ทวี'] is None; scores['เพื่อชาติไทย'] is None; scores['ใหม่'] is None; scores['มิติใหม่'] is None; scores['รวมใจไทย'] is None; scores['รวมไทยสร้างชาติ'] is None; scores['พลวัต'] is None; scores['ประชาธิปไดยใหม่'] is None; scores['เพื่อไทย'] is None; scores['ทางเลือกไทย'] is None; scores['เศรษฐกิจ'] is None; scores['เสรีรวมไทย'] is None; scores['รวมพลังประชาชน'] is None; scores['ท้องที่ไทย'] is None; scores['อนาคตไทย'] is None; scores['พลังเพื่อไทย'] is None; scores['ไทยชนะ'] is None; scores['พลังสังคมใหม่'] is None; scores['สังคมประชาธิปไดยไทย'] is None; scores['ฟิวชัน'] is None; scores['ไทรวมพลัง'] is None; scores['ก้าวอิสระ'] is None; scores['ปวงชนไทย'] is None; scores['วิชชั่นใหม่'] is None; scores['เพื่อชีวิตใหม่'] is None; scores['คลองไทย'] is None; scores['ประชาธิปัตย์'] is None; scores['ไทยก้าวหน้า'] is None; scores['ไทยภักดี'] is None; scores['แรงงานสร้างชาติ'] is None; scores['ประชากรไทย'] is None; scores['ครูไทยเพื่อประชาชน'] is None; scores['ประชาชาติ'] is None; scores['สร้างอนาคตไทย'] is None; scores['รักชาติ'] is None; scores['ไทยพร้อม'] is None; scores['ภูมิใจไทย'] is None; scores['พลังธรรมใหม่'] is None; scores['กรีน'] is None; scores['ไทยธรรม'] is None; scores['แผ่นดินธรรม'] is None; scores['กล้าธรรม'] is None; scores['พลังประชารัฐ'] is None; scores['โอกาสใหม่'] is None; scores['เป็นธรรม'] is None; scores['ประชาชน'] is None; scores['ประชาไทย'] is None; scores['ไทยสร้างไทย'] is None; scores['ไทยก้าวใหม่'] is None; scores['ประชาอาสาชาติ'] is None; scores['พร้อม'] is None; scores['เครือข่ายชาวนาแห่งประเทศไทย'] is None; scores['ไทยพิทักษ์ธรรม'] is None; scores['ความหวังใหม่'] is None; scores['ไทยรวมไทย'] is None; scores['เพื่อบ้านเมือง'] is None; scores['พลังไทยรักชาติ'] is None; ballot_total differs between forms,,,,,,,,,,,,,,,,,,,,,,,,,,,,,,,,,,,,,,,,,,,,,,,,,,,,,,,,,
อำเภอกงหรา2/46ตำบลสมหวัง.pdf,5,FAIL,MISMATCH,score_outlier: เครือข่ายชาวนาแห่งประเทศไทย,374.0,347.0,16.0,11.0,,scores['ไทยทรัพย์ทวี'] is None; scores['ประชาธิปไดยใหม่'] is None; scores['ทางเลือกไทย'] is None; scores['สังคมประชาธิปไดยไทย'] is None; scores['ฟิวชัน'] is None; scores['ไทรวมพลัง'] is None; scores['วิชชั่นใหม่'] is None; scores['ประชาธิปัตย์'] is None; scores['ประชากรไทย'] is None; scores['ประชาไทย'] is None; scores['ไทยก้าวใหม่'] is None; ballot_total differs between forms,,3.0,0.0,1.0,3.0,3.0,1.0,,10.0,,3.0,1.0,0.0,0.0,0.0,1.0,1.0,0.0,,,,1.0,1.0,,0.0,1.0,,1.0,1.0,1.0,,0.0,0.0,0.0,0.0,0.0,19.0,0.0,0.0,0.0,0.0,0.0,1.0,0.0,0.0,0.0,,0.0,,0.0,0.0,1.0,0.0,0.0,1.0,3.0,0.0
อำเภอกงหรา2/46ตำบลสมหวัง.pdf,6,FAIL,MISMATCH,,427.0,404.0,19.0,4.0,,scores['ไทยทรัพย์ทวี'] is None; scores['มิติใหม่'] is None; scores['พลวัต'] is None; scores['ประชาธิปไดยใหม่'] is None; scores['ทางเลือกไทย'] is None; scores['สังคมประชาธิปไดยไทย'] is None; scores['ฟิวชัน'] is None; scores['ไทรวมพลัง'] is None; scores['วิชชั่นใหม่'] is None; scores['ประชาไทย'] is None; scores['ไทยก้าวใหม่'] is None; scores['ประชาอาสาชาติ'] is None; scores['ไทยรวมไทย'] is None; scores['เพื่อบ้านเมือง'] is None; scores['พลังไทยรักชาติ'] is None; ballot_total differs between forms,,4.0,0.0,,1.0,3.0,,,7.0,,0.0,0.0,0.0,0.0,0.0,0.0,3.0,0.0,,,,1.0,1.0,,0.0,1.0,249.0,0.0,2.0,0.0,1.0,0.0,0.0,0.0,0.0,1.0,32.0,0.0,0.0,0.0,0.0,2.0,0.0,0.0,0.0,0.0,,0.0,,,1.0,0.0,0.0,0.0,,,
อำเภอกงหรา2/46ตำบลสมหวัง.pdf,7,FAIL,OK,,197.0,187.0,4.0,6.0,,scores['ไทยทรัพย์ทวี'] is None; scores['ประชาธิปไดยใหม่'] is None; scores['ทางเลือกไทย'] is None; scores['สังคมประชาธิปไดยไทย'] is None; scores['ฟิวชัน'] is None; scores['วิชชั่นใหม่'] is None; scores['ประชาไทย'] is None; scores['ประชาอาสาชาติ'] is None,,0.0,1.0,4.0,0.0,1.0,1.0,,2.0,,4.0,0.0,0.0,0.0,0.0,0.0,0.0,1.0,,,0.0,0.0,0.0,,1.0,1.0,131.0,0.0,0.0,0.0,0.0,0.0,1.0,0.0,0.0,0.0,16.0,0.0,0.0,0.0,0.0,1.0,0.0,0.0,0.0,0.0,,0.0,0.0,,0.0,0.0,0.0,0.0,0.0,0.0,0.0
อำเภอกงหรา2/47ตำบลชะรัด.pdf,0,FAIL,OK,single_party_dominance: ประชาธิปัตย์; score_outlier: ประชาธิปัตย์; score_outlier: ประชากรไทย,593.0,562.0,17.0,14.0,"scores['อนาคตไทย']: 'l' → 1 (l→1 substitution); scores['ประชาธิปัตย์']: '3,577' → 3577 (removed comma); scores['สร้างอนาคตไทย']: 'l' → 1 (l→1 substitution)",scores['มิติใหม่'] is None; scores['ประชาธิปไดยใหม่'] is None; scores['ทางเลือกไทย'] is None; scores['เสรีรวมไทย'] is None; scores['รวมพลังประชาชน'] is None; scores['ท้องที่ไทย'] is None; scores['พลังเพื่อไทย'] is None; scores['พลังสังคมใหม่'] is None; scores['สังคมประชาธิปไดยไทย'] is None; scores['ฟิวชัน'] is None; scores['ก้าวอิสระ'] is None; scores['ปวงชนไทย'] is None; scores['วิชชั่นใหม่'] is None; scores['เพื่อชีวิตใหม่'] is None; scores['คลองไทย'] is None; scores['ไทยก้าวหน้า'] is None; scores['ไทยภักดี'] is None; scores['ครูไทยเพื่อประชาชน'] is None; scores['พลังธรรมใหม่'] is None; scores['กรีน'] is None; scores['ไทยธรรม'] is None; scores['แผ่นดินธรรม'] is None; scores['กล้าธรรม'] is None; scores['โอกาสใหม่'] is None; scores['เป็นธรรม'] is None; scores['ประชาไทย'] is None; scores['ไทยสร้างไทย'] is None; scores['ไทยก้าวใหม่'] is None; scores['ประชาอาสาชาติ'] is None; scores['เครือข่ายชาวนาแห่งประเทศไทย'] is None; scores['ไทยพิทักษ์ธรรม'] is None; scores['ความหวังใหม่'] is None; scores['ไทยรวมไทย'] is None; scores['พลังไทยรักชาติ'] is None,11.0,4.0,5.0,,1.0,3.0,4.0,,14.0,,6.0,,,,1.0,,6.0,,,,1.0,,,,,,3577.0,,,1.0,3.0,,2.0,1.0,1.0,2.0,78.0,,,,,,1.0,,,48.0,,,,,2.0,,,,,5.0,
อำเภอกงหรา2/47ตำบลชะรัด.pdf,1,FAIL,MISMATCH,single_party_dominance: ประชาธิปัตย์; single_party_dominance: ภูมิใจไทย,15.0,16.0,832.0,1.0,"ballot_invalid: '8,32' → 832 (removed comma)",ballot_valid + ballot_invalid + ballot_no_vote does not equal ballot_total; scores['ประชาธิปไดยใหม่'] is None; scores['ทางเลือกไทย'] is None; scores['สังคมประชาธิปไดยไทย'] is None; scores['ฟิวชัน'] is None; scores['ไทรวมพลัง'] is None; scores['วิชชั่นใหม่'] is None; scores['ประชากรไทย'] is None; scores['ไทยก้าวใหม่'] is None; scores['ประชาอาสาชาติ'] is None; ballot_total differs between forms,4.0,0.0,1.0,1.0,0.0,1.0,7.0,,8.0,,1.0,1.0,1.0,0.0,0.0,0.0,3.0,0.0,,,,0.0,0.0,,0.0,0.0,210.0,0.0,0.0,0.0,,0.0,2.0,0.0,0.0,0.0,75.0,1.0,0.0,0.0,0.0,1.0,0.0,0.0,0.0,1.0,0.0,0.0,,,0.0,0.0,0.0,0.0,1.0,1.0,0.0
อำเภอกงหรา2/47ตำบลชะรัด.pdf,2,FAIL,MISMATCH,score_outlier: ความหวังใหม่,2.0,631.0,16.0,8.0,"scores['ประชาธิปัตย์']: '3,90' → 390 (removed comma)",ballot_valid + ballot_invalid + ballot_no_vote does not equal ballot_total; scores['มิติใหม่'] is None; scores['ประชาธิปไดยใหม่'] is None; scores['ทางเลือกไทย'] is None; scores['รวมพลังประชาชน'] is None; scores['ท้องที่ไทย'] is None; scores['อนาคตไทย'] is None; scores['ไทยชนะ'] is None; scores['พลังสังคมใหม่'] is None; scores['สังคมประชาธิปไดยไทย'] is None; scores['ฟิวชัน'] is None; scores['ไทรวมพลัง'] is None; scores['ก้าวอิสระ'] is None; scores['ปวงชนไทย'] is None; scores['วิชชั่นใหม่'] is None; scores['เพื่อชีวิตใหม่'] is None; scores['ไทยก้าวหน้า'] is None; scores['ครูไทยเพื่อประชาชน'] is None; scores['สร้างอนาคตไทย'] is None; scores['รักชาติ'] is None; scores['กรีน'] is None; scores['ไทยธรรม'] is None; scores['แผ่นดินธรรม'] is None; scores['กล้าธรรม'] is None; scores['พลังประชารัฐ'] is None; scores['โอกาสใหม่'] is None; scores['ประชาไทย'] is None; scores['ไทยสร้างไทย'] is None; scores['ไทยก้าวใหม่'] is None; scores['ประชาอาสาชาติ'] is None; scores['เครือข่ายชาวนาแห่งประเทศไทย'] is None; scores['ไทยพิทักษ์ธรรม'] is None; scores['ไทยรวมไทย'] is None; scores['พลังไทยรักชาติ'] is None; ballot_total differs between forms,12.0,4.0,7.0,,1.0,5.0,5.0,,27.0,,2.0,2.0,,,,1.0,,,,,,,,,,3.0,390.0,,2.0,2.0,2.0,,5.0,,,2.0,5.0,1.0,,,,,,,1.0,90.0,,,,,2.0,,,1.0,,3.0,
อำเภอกงหรา2/47ตำบลชะรัด.pdf,3,FAIL,MISMATCH,score_outlier: ประชาชาติ,301.0,309.0,16.0,7.0,,ballot_valid + ballot_invalid + ballot_no_vote does not equal ballot_total; scores['ประชาธิปไดยใหม่'] is None; scores['ทางเลือกไทย'] is None; scores['รวมพลังประชาชน'] is None; scores['สังคมประชาธิปไดยไทย'] is None; scores['ฟิวชัน'] is None; scores['วิชชั่นใหม่'] is None; scores['ไทยก้าวใหม่'] is None; scores['ประชาอาสาชาติ'] is None; ballot_total differs between forms,2.0,0.0,0.0,0.0,1.0,4.0,2.0,,23.0,,0.0,0.0,,0.0,0.0,0.0,3.0,0.0,,,0.0,0.0,1.0,,0.0,0.0,171.0,0.0,0.0,0.0,0.0,0.0,6.0,0.0,0.0,2.0,7.0,1.0,0.0,0.0,0.0,2.0,0.0,0.0,0.0,0.0,0.0,0.0,,,2.0,0.0,0.0,0.0,0.0,1.0,0.0
อำเภอกงหรา2/47ตำบลชะรัด.pdf,4,FAIL,MISMATCH,score_outlier: มิติใหม่; score_outlier: รวมใจไทย; score_outlier: ประชาชาติ; score_outlier: ประชาไทย,399.0,383.0,14.0,2.0,,scores['ประชาธิปไดยใหม่'] is None; scores['ทางเลือกไทย'] is None; scores['เสรีรวมไทย'] is None; scores['ท้องที่ไทย'] is None; scores['อนาคตไทย'] is None; scores['พลังเพื่อไทย'] is None; scores['ไทยชนะ'] is None; scores['พลังสังคมใหม่'] is None; scores['สังคมประชาธิปไดยไทย'] is None; scores['ฟิวชัน'] is None; scores['ไทรวมพลัง'] is None; scores['ก้าวอิสระ'] is None; scores['ปวงชนไทย'] is None; scores['วิชชั่นใหม่'] is None; scores['คลองไทย'] is None; scores['ไทยก้าวหน้า'] is None; scores['ไทยภักดี'] is None; scores['ประชากรไทย'] is None; scores['ครูไทยเพื่อประชาชน'] is None; scores['สร้างอนาคตไทย'] is None; scores['ไทยพร้อม'] is None; scores['พลังธรรมใหม่'] is None; scores['กรีน'] is None; scores['ไทยธรรม'] is None; scores['แผ่นดินธรรม'] is None; scores['กล้าธรรม'] is None; scores['พลังประชารัฐ'] is None; scores['โอกาสใหม่'] is None; scores['เป็นธรรม'] is None; scores['ไทยสร้างไทย'] is None; scores['ไทยก้าวใหม่'] is None; scores['ประชาอาสาชาติ'] is None; scores['เครือข่ายชาวนาแห่งประเทศไทย'] is None; scores['ไทยพิทักษ์ธรรม'] is None; scores['ความหวังใหม่'] is None; ballot_total differs between forms,2.0,5.0,1.0,9.0,9.0,3.0,7.0,,41.0,,7.0,,2.0,,,,,,,,,,,,2.0,,190.0,,,1.0,,,7.0,,1.0,,55.0,,,,,,,,,2.0,3.0,,,,1.0,,,,1.0,1.0,1.0
อำเภอกงหรา2/47ตำบลชะรัด.pdf,5,FAIL,MISMATCH,,429.0,414.0,15.0,,,ballot_no_vote is None; scores['มิติใหม่'] is None; scores['พลวัต'] is None; scores['ประชาธิปไดยใหม่'] is None; scores['ทางเลือกไทย'] is None; scores['รวมพลังประชาชน'] is None; scores['สังคมประชาธิปไดยไทย'] is None; scores['ฟิวชัน'] is None; scores['วิชชั่นใหม่'] is None; scores['ประชาอาสาชาติ'] is None; scores['เครือข่ายชาวนาแห่งประเทศไทย'] is None; ballot_total differs between forms,4.0,4.0,1.0,,2.0,2.0,,,31.0,,4.0,0.0,,0.0,0.0,0.0,1.0,0.0,,,1.0,0.0,0.0,,0.0,0.0,192.0,0.0,2.0,0.0,0.0,0.0,1.0,0.0,0.0,1.0,45.0,1.0,0.0,0.0,0.0,1.0,0.0,0.0,0.0,0.0,1.0,0.0,0.0,,1.0,,0.0,0.0,0.0,0.0,0.0
อำเภอกงหรา2/47ตำบลชะรัด.pdf,6,FAIL,MISMATCH,,,,,,,ballot_total is None; ballot_valid is None; ballot_invalid is None; ballot_no_vote is None; scores['ไทยทรัพย์ทวี'] is None; scores['เพื่อชาติไทย'] is None; scores['ใหม่'] is None; scores['มิติใหม่'] is None; scores['รวมใจไทย'] is None; scores['รวมไทยสร้างชาติ'] is None; scores['พลวัต'] is None; scores['ประชาธิปไดยใหม่'] is None; scores['เพื่อไทย'] is None; scores['ทางเลือกไทย'] is None; scores['เศรษฐกิจ'] is None; scores['เสรีรวมไทย'] is None; scores['รวมพลังประชาชน'] is None; scores['ท้องที่ไทย'] is None; scores['อนาคตไทย'] is None; scores['พลังเพื่อไทย'] is None; scores['ไทยชนะ'] is None; scores['พลังสังคมใหม่'] is None; scores['สังคมประชาธิปไดยไทย'] is None; scores['ฟิวชัน'] is None; scores['ไทรวมพลัง'] is None; scores['ก้าวอิสระ'] is None; scores['ปวงชนไทย'] is None; scores['วิชชั่นใหม่'] is None; scores['เพื่อชีวิตใหม่'] is None; scores['คลองไทย'] is None; scores['ประชาธิปัตย์'] is None; scores['ไทยก้าวหน้า'] is None; scores['ไทยภักดี'] is None; scores['แรงงานสร้างชาติ'] is None; scores['ประชากรไทย'] is None; scores['ครูไทยเพื่อประชาชน'] is None; scores['ประชาชาติ'] is None; scores['สร้างอนาคตไทย'] is None; scores['รักชาติ'] is None; scores['ไทยพร้อม'] is None; scores['ภูมิใจไทย'] is None; scores['พลังธรรมใหม่'] is None; scores['กรีน'] is None; scores['ไทยธรรม'] is None; scores['แผ่นดินธรรม'] is None; scores['กล้าธรรม'] is None; scores['พลังประชารัฐ'] is None; scores['โอกาสใหม่'] is None; scores['เป็นธรรม'] is None; scores['ประชาชน'] is None; scores['ประชาไทย'] is None; scores['ไทยสร้างไทย'] is None; scores['ไทยก้าวใหม่'] is None; scores['ประชาอาสาชาติ'] is None; scores['พร้อม'] is None; scores['เครือข่ายชาวนาแห่งประเทศไทย'] is None; scores['ไทยพิทักษ์ธรรม'] is None; scores['ความหวังใหม่'] is None; scores['ไทยรวมไทย'] is None; scores['เพื่อบ้านเมือง'] is None; scores['พลังไทยรักชาติ'] is None; ballot_total differs between forms,,,,,,,,,,,,,,,,,,,,,,,,,,,,,,,,,,,,,,,,,,,,,,,,,,,,,,,,,
อำเภอกงหรา2/47ตำบลชะรัด.pdf,7,FAIL,OK,score_outlier: ไทยก้าวหน้า,617.0,592.0,15.0,10.0,,scores['มิติใหม่'] is None; scores['รวมไทยสร้างชาติ'] is None; scores['ประชาธิปไดยใหม่'] is None; scores['ทางเลือกไทย'] is None; scores['สังคมประชาธิปไดยไทย'] is None; scores['ฟิวชัน'] is None; scores['ไทยก้าวใหม่'] is None; scores['ประชาอาสาชาติ'] is None,7.0,2.0,1.0,,1.0,,5.0,,8.0,,4.0,0.0,2.0,0.0,0.0,1.0,2.0,0.0,,,0.0,0.0,0.0,1.0,2.0,3.0,359.0,2.0,1.0,0.0,0.0,0.0,1.0,0.0,2.0,1.0,99.0,1.0,0.0,0.0,0.0,1.0,0.0,0.0,0.0,2.0,1.0,0.0,,,1.0,0.0,0.0,0.0,1.0,1.0,0.0
อำเภอกงหรา2/47ตำบลชะรัด.pdf,8,FAIL,MISMATCH,score_outlier: ใหม่; score_outlier: รวมใจไทย; score_outlier: ภูมิใจไทย; score_outlier: พลังประชารัฐ; score_outlier: ไทยสร้างไทย; score_outlier: เพื่อบ้านเมือง,375.0,3620.0,97.0,,"ballot_total: '๓,๗๕' → 375 (thai digit; removed comma); ballot_valid: '๓,๖๒๐' → 3620 (thai digit; removed comma); ballot_invalid: '๙๗' → 97 (thai digit); scores['ไทยทรัพย์ทวี']: '๙' → 9 (thai digit); scores['เพื่อชาติไทย']: '๗๕' → 75 (thai digit); scores['ใหม่']: '๙' → 9 (thai digit); scores['รวมใจไทย']: '๙' → 9 (thai digit); scores['รวมไทยสร้างชาติ']: '๔' → 4 (thai digit); scores['พลวัต']: '๓๔' → 34 (thai digit); scores['เพื่อไทย']: '๒๒' → 22 (thai digit); scores['เศรษฐกิจ']: '๙' → 9 (thai digit); scores['ไทยชนะ']: '๑' → 1 (thai digit); scores['คลองไทย']: '๑' → 1 (thai digit); scores['ประชาธิปัตย์']: '๒๒' → 22 (thai digit); scores['ประชาชาติ']: '๒' → 2 (thai digit)",ballot_no_vote is None; scores['มิติใหม่'] is None; scores['ประชาธิปไดยใหม่'] is None; scores['ทางเลือกไทย'] is None; scores['เสรีรวมไทย'] is None; scores['รวมพลังประชาชน'] is None; scores['ท้องที่ไทย'] is None; scores['อนาคตไทย'] is None; scores['พลังเพื่อไทย'] is None; scores['พลังสังคมใหม่'] is None; scores['สังคมประชาธิปไดยไทย'] is None; scores['ฟิวชัน'] is None; scores['ไทรวมพลัง'] is None; scores['ก้าวอิสระ'] is None; scores['ปวงชนไทย'] is None; scores['วิชชั่นใหม่'] is None; scores['เพื่อชีวิตใหม่'] is None; scores['ไทยก้าวหน้า'] is None; scores['ไทยภักดี'] is None; scores['แรงงานสร้างชาติ'] is None; scores['ประชากรไทย'] is None; scores['ครูไทยเพื่อประชาชน'] is None; scores['สร้างอนาคตไทย'] is None; scores['รักชาติ'] is None; scores['พลังธรรมใหม่'] is None; scores['กรีน'] is None; scores['ไทยธรรม'] is None; scores['แผ่นดินธรรม'] is None; scores['กล้าธรรม'] is None; scores['โอกาสใหม่'] is None; scores['เป็นธรรม'] is None; scores['ประชาไทย'] is None; scores['ไทยก้าวใหม่'] is None; scores['ประชาอาสาชาติ'] is None; scores['เครือข่ายชาวนาแห่งประเทศไทย'] is None; scores['ไทยพิทักษ์ธรรม'] is None; scores['ความหวังใหม่'] is None; scores['ไทยรวมไทย'] is None; scores['พลังไทยรักชาติ'] is None; ballot_total differs between forms,9.0,75.0,9.0,,9.0,4.0,34.0,,22.0,,9.0,,,,,,1.0,,,,,,,,,1.0,22.0,,,,,,2.0,,,9.0,429.0,,,,,,9.0,,,29.0,,9.0,,,9.0,,,,,9.0,
อำเภอกงหรา2/47ตำบลชะรัด.pdf,9,FAIL,MISMATCH,,,,,,,ballot_total is None; ballot_valid is None; ballot_invalid is None; ballot_no_vote is None; scores['ไทยทรัพย์ทวี'] is None; scores['เพื่อชาติไทย'] is None; scores['ใหม่'] is None; scores['มิติใหม่'] is None; scores['รวมใจไทย'] is None; scores['รวมไทยสร้างชาติ'] is None; scores['พลวัต'] is None; scores['ประชาธิปไดยใหม่'] is None; scores['เพื่อไทย'] is None; scores['ทางเลือกไทย'] is None; scores['เศรษฐกิจ'] is None; scores['เสรีรวมไทย'] is None; scores['รวมพลังประชาชน'] is None; scores['ท้องที่ไทย'] is None; scores['อนาคตไทย'] is None; scores['พลังเพื่อไทย'] is None; scores['ไทยชนะ'] is None; scores['พลังสังคมใหม่'] is None; scores['สังคมประชาธิปไดยไทย'] is None; scores['ฟิวชัน'] is None; scores['ไทรวมพลัง'] is None; scores['ก้าวอิสระ'] is None; scores['ปวงชนไทย'] is None; scores['วิชชั่นใหม่'] is None; scores['เพื่อชีวิตใหม่'] is None; scores['คลองไทย'] is None; scores['ประชาธิปัตย์'] is None; scores['ไทยก้าวหน้า'] is None; scores['ไทยภักดี'] is None; scores['แรงงานสร้างชาติ'] is None; scores['ประชากรไทย'] is None; scores['ครูไทยเพื่อประชาชน'] is None; scores['ประชาชาติ'] is None; scores['สร้างอนาคตไทย'] is None; scores['รักชาติ'] is None; scores['ไทยพร้อม'] is None; scores['ภูมิใจไทย'] is None; scores['พลังธรรมใหม่'] is None; scores['กรีน'] is None; scores['ไทยธรรม'] is None; scores['แผ่นดินธรรม'] is None; scores['กล้าธรรม'] is None; scores['พลังประชารัฐ'] is None; scores['โอกาสใหม่'] is None; scores['เป็นธรรม'] is None; scores['ประชาชน'] is None; scores['ประชาไทย'] is None; scores['ไทยสร้างไทย'] is None; scores['ไทยก้าวใหม่'] is None; scores['ประชาอาสาชาติ'] is None; scores['พร้อม'] is None; scores['เครือข่ายชาวนาแห่งประเทศไทย'] is None; scores['ไทยพิทักษ์ธรรม'] is None; scores['ความหวังใหม่'] is None; scores['ไทยรวมไทย'] is None; scores['เพื่อบ้านเมือง'] is None; scores['พลังไทยรักชาติ'] is None; ballot_total differs between forms,,,,,,,,,,,,,,,,,,,,,,,,,,,,,,,,,,,,,,,,,,,,,,,,,,,,,,,,,
อำเภอศรีนครินทร์/42ตำบลลำสินธ์ุ.pdf,0,FAIL,MISMATCH,score_outlier: โอกาสใหม่,561.0,539.0,11.0,11.0,,scores['ไทยทรัพย์ทวี'] is None; scores['พลวัต'] is None; scores['ประชาธิปไดยใหม่'] is None; scores['ทางเลือกไทย'] is None; scores['รวมพลังประชาชน'] is None; scores['ท้องที่ไทย'] is None; scores['สังคมประชาธิปไดยไทย'] is None; scores['ฟิวชัน'] is None; scores['ไทรวมพลัง'] is None; scores['ปวงชนไทย'] is None; scores['วิชชั่นใหม่'] is None; scores['ไทยภักดี'] is None; scores['ประชากรไทย'] is None; scores['สร้างอนาคตไทย'] is None; scores['ประชาไทย'] is None; scores['ไทยก้าวใหม่'] is None; ballot_total differs between forms,,6.0,0.0,0.0,2.0,9.0,,,75.0,,4.0,1.0,,,0.0,0.0,2.0,0.0,,,,0.0,,,0.0,1.0,0.0,0.0,,2.0,,1.0,0.0,,4.0,0.0,52.0,0.0,0.0,0.0,0.0,2.0,0.0,2.0,1.0,0.0,,0.0,,1.0,25.0,0.0,0.0,0.0,0.0,0.0,0.0
อำเภอศรีนครินทร์/42ตำบลลำสินธ์ุ.pdf,1,FAIL,OK,,399.0,380.0,15.0,4.0,,scores['ไทยทรัพย์ทวี'] is None; scores['ประชาธิปไดยใหม่'] is None; scores['ทางเลือกไทย'] is None; scores['สังคมประชาธิปไดยไทย'] is None; scores['ฟิวชัน'] is None; scores['วิชชั่นใหม่'] is None; scores['ประชาไทย'] is None; scores['ไทยก้าวใหม่'] is None; scores['ประชาอาสาชาติ'] is None,,1.0,1.0,0.0,1.0,5.0,6.0,,28.0,,5.0,1.0,2.0,0.0,1.0,0.0,0.0,0.0,,,0.0,0.0,0.0,,0.0,1.0,202.0,0.0,0.0,0.0,0.0,0.0,0.0,0.0,0.0,0.0,60.0,0.0,0.0,0.0,0.0,0.0,0.0,0.0,1.0,2.0,,0.0,,,0.0,0.0,0.0,0.0,0.0,0.0,0.0
อำเภอศรีนครินทร์/42ตำบลลำสินธ์ุ.pdf,2,FAIL,OK,single_party_dominance: เพื่อชาติไทย; single_party_dominance: ประชาธิปัตย์; score_outlier: เพื่อชาติไทย; score_outlier: คลองไทย; score_outlier: ไทยภักดี; score_outlier: ไทยพร้อม; score_outlier: พร้อม,536.0,508.0,28.0,0.0,"scores['ไทยทรัพย์ทวี']: '๑๐' → 10 (thai digit); scores['เพื่อชาติไทย']: '๑,๓๓๗' → 1337 (thai digit; removed comma); scores['ใหม่']: '๐' → 0 (thai digit); scores['มิติใหม่']: '๐' → 0 (thai digit); scores['รวมใจไทย']: '๑' → 1 (thai digit); scores['รวมไทยสร้างชาติ']: '๑' → 1 (thai digit); scores['พลวัต']: '๔' → 4 (thai digit); scores['เพื่อไทย']: '๑' → 1 (thai digit); scores['ประชาธิปัตย์']: '2,271' → 2271 (removed comma)",scores['ประชาธิปไดยใหม่'] is None; scores['ทางเลือกไทย'] is None; scores['สังคมประชาธิปไดยไทย'] is None; scores['ฟิวชัน'] is None; scores['ไทรวมพลัง'] is None; scores['ประชาไทย'] is None; scores['ไทยก้าวใหม่'] is None,10.0,1337.0,0.0,0.0,1.0,1.0,4.0,,1.0,,7.0,9.0,9.0,0.0,0.0,0.0,2.0,0.0,,,,0.0,0.0,0.0,0.0,5.0,2271.0,0.0,9.0,0.0,0.0,0.0,0.0,0.0,0.0,72.0,168.0,0.0,1.0,0.0,0.0,0.0,0.0,0.0,0.0,9.0,,1.0,,0.0,72.0,0.0,0.0,0.0,0.0,0.0,0.0
อำเภอศรีนครินทร์/42ตำบลลำสินธ์ุ.pdf,3,FAIL,MISMATCH,single_party_dominance: ประชาธิปัตย์; score_outlier: ไทยชนะ; score_outlier: ประชาชาติ,22.0,208.0,90.0,2.0,ballot_total: '๒๒' → 22 (thai digit); ballot_valid: '๒๐๘' → 208 (thai digit); ballot_no_vote: '๒' → 2 (thai digit); scores['เพื่อชาติไทย']: '๗' → 7 (thai digit); scores['ใหม่']: '๗' → 7 (thai digit); scores['มิติใหม่']: '๐' → 0 (thai digit); scores['รวมใจไทย']: '๐' → 0 (thai digit); scores['รวมไทยสร้างชาติ']: '๓' → 3 (thai digit); scores['พลวัต']: '๕' → 5 (thai digit); scores['เพื่อไทย']: '๓๑' → 31 (thai digit),ballot_valid + ballot_invalid + ballot_no_vote does not equal ballot_total; scores['ไทยทรัพย์ทวี'] is None; scores['ประชาธิปไดยใหม่'] is None; scores['ทางเลือกไทย'] is None; scores['รวมพลังประชาชน'] is None; scores['สังคมประชาธิปไดยไทย'] is None; scores['ฟิวชัน'] is None; scores['ไทรวมพลัง'] is None; scores['วิชชั่นใหม่'] is None; scores['ประชาไทย'] is None; scores['ไทยก้าวใหม่'] is None; scores['ประชาอาสาชาติ'] is None; ballot_total differs between forms,,7.0,7.0,0.0,0.0,3.0,5.0,,31.0,,0.0,9.0,,0.0,0.0,0.0,9.0,0.0,,,,0.0,0.0,,0.0,0.0,900.0,0.0,0.0,0.0,0.0,0.0,9.0,0.0,0.0,0.0,27.0,0.0,0.0,0.0,0.0,0.0,0.0,0.0,0.0,0.0,,0.0,,,0.0,0.0,0.0,0.0,0.0,0.0,2.0
อำเภอศรีนครินทร์/42ตำบลลำสินธ์ุ.pdf,4,FAIL,MISMATCH,single_party_dominance: เศรษฐกิจ,417.0,401.0,14.0,2.0,"scores['เศรษฐกิจ']: '2,162' → 2162 (removed comma)",scores['ไทยทรัพย์ทวี'] is None; scores['มิติใหม่'] is None; scores['พลวัต'] is None; scores['ประชาธิปไดยใหม่'] is None; scores['ทางเลือกไทย'] is None; scores['สังคมประชาธิปไดยไทย'] is None; scores['ฟิวชัน'] is None; scores['วิชชั่นใหม่'] is None; scores['ประชาไทย'] is None; scores['ไทยก้าวใหม่'] is None; scores['ประชาอาสาชาติ'] is None; ballot_total differs between forms,,3.0,0.0,,1.0,5.0,,,117.0,,2162.0,1.0,0.0,0.0,0.0,0.0,3.0,0.0,,,0.0,0.0,0.0,,1.0,1.0,271.0,0.0,1.0,0.0,0.0,0.0,0.0,0.0,1.0,2.0,38.0,0.0,0.0,0.0,0.0,2.0,1.0,1.0,0.0,0.0,,0.0,,,2.0,0.0,0.0,0.0,0.0,1.0,0.0
อำเภอศรีนครินทร์/42ตำบลลำสินธ์ุ.pdf,5,FAIL,OK,,2.0,567.0,19.0,5.0,,ballot_valid + ballot_invalid + ballot_no_vote does not equal ballot_total; scores['มิติใหม่'] is None; scores['ประชาธิปไดยใหม่'] is None; scores['ทางเลือกไทย'] is None; scores['ท้องที่ไทย'] is None; scores['อนาคตไทย'] is None; scores['สังคมประชาธิปไดยไทย'] is None; scores['ฟิวชัน'] is None; scores['ไทรวมพลัง'] is None; scores['ปวงชนไทย'] is None; scores['วิชชั่นใหม่'] is None; scores['เพื่อชีวิตใหม่'] is None; scores['คลองไทย'] is None; scores['ไทยภักดี'] is None; scores['แรงงานสร้างชาติ'] is None; scores['ประชากรไทย'] is None; scores['ครูไทยเพื่อประชาชน'] is None; scores['ประชาชาติ'] is None; scores['สร้างอนาคตไทย'] is None; scores['รักชาติ'] is None; scores['ไทยพร้อม'] is None; scores['กรีน'] is None; scores['ไทยธรรม'] is None; scores['แผ่นดินธรรม'] is None; scores['โอกาสใหม่'] is None; scores['เป็นธรรม'] is None; scores['ประชาไทย'] is None; scores['ไทยสร้างไทย'] is None; scores['ไทยก้าวใหม่'] is None; scores['ประชาอาสาชาติ'] is None; scores['พร้อม'] is None; scores['เครือข่ายชาวนาแห่งประเทศไทย'] is None; scores['ไทยพิทักษ์ธรรม'] is None; scores['ความหวังใหม่'] is None; scores['ไทยรวมไทย'] is None; scores['พลังไทยรักชาติ'] is None,8.0,2.0,3.0,,1.0,3.0,7.0,,30.0,,9.0,1.0,2.0,,,1.0,2.0,1.0,,,,1.0,,,,,388.0,1.0,,,,,,,,,39.0,1.0,,,,1.0,1.0,,,2.0,,,,,,,,,,2.0,
อำเภอศรีนครินทร์/42ตำบลลำสินธ์ุ.pdf,6,FAIL,MISMATCH,score_outlier: คลองไทย; score_outlier: แรงงานสร้างชาติ,604.0,567.0,33.0,4.0,,scores['ไทยทรัพย์ทวี'] is None; scores['ประชาธิปไดยใหม่'] is None; scores['ทางเลือกไทย'] is None; scores['ท้องที่ไทย'] is None; scores['สังคมประชาธิปไดยไทย'] is None; scores['ฟิวชัน'] is None; scores['วิชชั่นใหม่'] is None; scores['ไทยก้าวใหม่'] is None; scores['ประชาอาสาชาติ'] is None; ballot_total differs between forms,,76.0,2.0,0.0,2.0,1.0,9.0,,23.0,,4.0,1.0,1.0,,0.0,1.0,4.0,2.0,,,0.0,0.0,0.0,,0.0,6.0,389.0,1.0,1.0,3.0,0.0,0.0,0.0,0.0,1.0,2.0,52.0,0.0,0.0,0.0,0.0,0.0,1.0,0.0,0.0,1.0,0.0,0.0,,,2.0,0.0,0.0,0.0,1.0,3.0,0.0
อำเภอศรีนครินทร์/42ตำบลลำสินธ์ุ.pdf,7,FAIL,MISMATCH,,,,,,,ballot_total is None; ballot_valid is None; ballot_invalid is None; ballot_no_vote is None; scores['ไทยทรัพย์ทวี'] is None; scores['เพื่อชาติไทย'] is None; scores['ใหม่'] is None; scores['มิติใหม่'] is None; scores['รวมใจไทย'] is None; scores['รวมไทยสร้างชาติ'] is None; scores['พลวัต'] is None; scores['ประชาธิปไดยใหม่'] is None; scores['เพื่อไทย'] is None; scores['ทางเลือกไทย'] is None; scores['เศรษฐกิจ'] is None; scores['เสรีรวมไทย'] is None; scores['รวมพลังประชาชน'] is None; scores['ท้องที่ไทย'] is None; scores['อนาคตไทย'] is None; scores['พลังเพื่อไทย'] is None; scores['ไทยชนะ'] is None; scores['พลังสังคมใหม่'] is None; scores['สังคมประชาธิปไดยไทย'] is None; scores['ฟิวชัน'] is None; scores['ไทรวมพลัง'] is None; scores['ก้าวอิสระ'] is None; scores['ปวงชนไทย'] is None; scores['วิชชั่นใหม่'] is None; scores['เพื่อชีวิตใหม่'] is None; scores['คลองไทย'] is None; scores['ประชาธิปัตย์'] is None; scores['ไทยก้าวหน้า'] is None; scores['ไทยภักดี'] is None; scores['แรงงานสร้างชาติ'] is None; scores['ประชากรไทย'] is None; scores['ครูไทยเพื่อประชาชน'] is None; scores['ประชาชาติ'] is None; scores['สร้างอนาคตไทย'] is None; scores['รักชาติ'] is None; scores['ไทยพร้อม'] is None; scores['ภูมิใจไทย'] is None; scores['พลังธรรมใหม่'] is None; scores['กรีน'] is None; scores['ไทยธรรม'] is None; scores['แผ่นดินธรรม'] is None; scores['กล้าธรรม'] is None; scores['พลังประชารัฐ'] is None; scores['โอกาสใหม่'] is None; scores['เป็นธรรม'] is None; scores['ประชาชน'] is None; scores['ประชาไทย'] is None; scores['ไทยสร้างไทย'] is None; scores['ไทยก้าวใหม่'] is None; scores['ประชาอาสาชาติ'] is None; scores['พร้อม'] is None; scores['เครือข่ายชาวนาแห่งประเทศไทย'] is None; scores['ไทยพิทักษ์ธรรม'] is None; scores['ความหวังใหม่'] is None; scores['ไทยรวมไทย'] is None; scores['เพื่อบ้านเมือง'] is None; scores['พลังไทยรักชาติ'] is None; ballot_total differs between forms,,,,,,,,,,,,,,,,,,,,,,,,,,,,,,,,,,,,,,,,,,,,,,,,,,,,,,,,,
อำเภอศรีนครินทร์/42ตำบลลำสินธ์ุ.pdf,8,FAIL,MISMATCH,score_outlier: ใหม่,233.0,214.0,19.0,0.0,,scores['ไทยทรัพย์ทวี'] is None; scores['ประชาธิปไดยใหม่'] is None; scores['ทางเลือกไทย'] is None; scores['สังคมประชาธิปไดยไทย'] is None; scores['ฟิวชัน'] is None; scores['วิชชั่นใหม่'] is None; scores['ประชาชาติ'] is None; scores['ประชาไทย'] is None; scores['ไทยก้าวใหม่'] is None; scores['ประชาอาสาชาติ'] is None; ballot_total differs between forms,,1.0,9.0,0.0,1.0,3.0,5.0,,22.0,,3.0,0.0,0.0,0.0,0.0,0.0,0.0,0.0,,,0.0,0.0,0.0,,0.0,1.0,97.0,0.0,2.0,0.0,0.0,0.0,,0.0,0.0,0.0,30.0,0.0,0.0,0.0,0.0,2.0,0.0,0.0,1.0,0.0,,0.0,,,0.0,0.0,0.0,0.0,0.0,1.0,0.0
อำเภอศรีนครินทร์/43ตำบลอ่างทอง.pdf,0,FAIL,OK,,450.0,421.0,22.0,7.0,,scores['ไทยทรัพย์ทวี'] is None; scores['มิติใหม่'] is None; scores['ประชาธิปไดยใหม่'] is None; scores['ทางเลือกไทย'] is None; scores['สังคมประชาธิปไดยไทย'] is None; scores['ฟิวชัน'] is None; scores['ไทรวมพลัง'] is None; scores['ปวงชนไทย'] is None; scores['ไทยก้าวใหม่'] is None; scores['ประชาอาสาชาติ'] is None,,3.0,1.0,,4.0,4.0,5.0,,19.0,,2.0,5.0,0.0,0.0,0.0,1.0,2.0,0.0,,,,1.0,,0.0,0.0,1.0,246.0,0.0,1.0,0.0,0.0,1.0,0.0,0.0,0.0,0.0,53.0,1.0,0.0,0.0,0.0,2.0,0.0,0.0,1.0,0.0,1.0,0.0,,,0.0,0.0,0.0,0.0,0.0,3.0,0.0
อำเภอศรีนครินทร์/43ตำบลอ่างทอง.pdf,1,FAIL,MISMATCH,single_party_dominance: เศรษฐกิจ; single_party_dominance: รวมพลังประชาชน; single_party_dominance: ท้องที่ไทย; single_party_dominance: ประชาชน; score_outlier: เศรษฐกิจ; score_outlier: รวมพลังประชาชน; score_outlier: ท้องที่ไทย; score_outlier: ประชาชน,379.0,366.0,10.0,3.0,"scores['เศรษฐกิจ']: '8,000' → 8000 (removed comma); scores['รวมพลังประชาชน']: '1,000' → 1000 (removed comma); scores['ท้องที่ไทย']: '4,000' → 4000 (removed comma); scores['ประชาชน']: '1,000' → 1000 (removed comma)",scores['มิติใหม่'] is None; scores['ประชาธิปไดยใหม่'] is None; scores['ทางเลือกไทย'] is None; scores['สังคมประชาธิปไดยไทย'] is None; scores['ฟิวชัน'] is None; scores['ไทรวมพลัง'] is None; scores['วิชชั่นใหม่'] is None; scores['ประชาชาติ'] is None; scores['พลังประชารัฐ'] is None; scores['ประชาไทย'] is None; scores['ไทยก้าวใหม่'] is None; ballot_total differs between forms,3.0,0.0,0.0,,0.0,4.0,1.0,,6.0,,8000.0,0.0,1000.0,4000.0,0.0,0.0,0.0,0.0,,,,0.0,0.0,,0.0,0.0,223.0,0.0,0.0,1.0,0.0,1.0,,1.0,1.0,1.0,36.0,1.0,0.0,0.0,0.0,2.0,,0.0,1.0,1000.0,,0.0,,0.0,1.0,0.0,0.0,0.0,0.0,1.0,0.0
อำเภอศรีนครินทร์/43ตำบลอ่างทอง.pdf,2,FAIL,MISMATCH,single_party_dominance: เศรษฐกิจ; single_party_dominance: ประชาธิปัตย์; single_party_dominance: ภูมิใจไทย; single_party_dominance: พลังธรรมใหม่; single_party_dominance: เป็นธรรม; score_outlier: พลังธรรมใหม่; score_outlier: เป็นธรรม,134.0,22.0,16.0,40.0,,ballot_valid + ballot_invalid + ballot_no_vote does not equal ballot_total; scores['มิติใหม่'] is None; scores['พลวัต'] is None; scores['ประชาธิปไดยใหม่'] is None; scores['ทางเลือกไทย'] is None; scores['สังคมประชาธิปไดยไทย'] is None; scores['ฟิวชัน'] is None; scores['วิชชั่นใหม่'] is None; scores['ไทยก้าวใหม่'] is None; scores['ประชาอาสาชาติ'] is None; ballot_total differs between forms,7.0,4.0,0.0,,3.0,4.0,,,18.0,,700.0,0.0,1.0,0.0,0.0,0.0,2.0,0.0,,,0.0,0.0,0.0,,0.0,0.0,304.0,1.0,2.0,1.0,0.0,1.0,0.0,0.0,0.0,0.0,36.0,265.0,1.0,0.0,0.0,0.0,0.0,0.0,250.0,1.0,0.0,0.0,,,0.0,0.0,0.0,0.0,0.0,2.0,0.0
อำเภอศรีนครินทร์/43ตำบลอ่างทอง.pdf,3,FAIL,OK,single_party_dominance: ใหม่; single_party_dominance: รวมใจไทย; single_party_dominance: รวมไทยสร้างชาติ; single_party_dominance: พลวัต; single_party_dominance: เพื่อไทย; single_party_dominance: เศรษฐกิจ; single_party_dominance: เสรีรวมไทย; single_party_dominance: รวมพลังประชาชน; single_party_dominance: ปวงชนไทย; single_party_dominance: เพื่อชีวิตใหม่; single_party_dominance: คลองไทย; single_party_dominance: ประชาธิปัตย์; single_party_dominance: แรงงานสร้างชาติ; single_party_dominance: ประชาชาติ; single_party_dominance: รักชาติ; single_party_dominance: ภูมิใจไทย; single_party_dominance: กรีน; single_party_dominance: กล้าธรรม; single_party_dominance: เป็นธรรม; single_party_dominance: ประชาชน; single_party_dominance: ประชาไทย; single_party_dominance: พลังไทยรักชาติ; score_outlier: ปวงชนไทย; score_outlier: รักชาติ; score_outlier: พลังไทยรักชาติ,2.0,1.0,2.0,3.0,ballot_total: '๒' → 2 (thai digit); ballot_valid: '๑' → 1 (thai digit); ballot_invalid: '๒' → 2 (thai digit); ballot_no_vote: '๓' → 3 (thai digit),ballot_valid + ballot_invalid + ballot_no_vote does not equal ballot_total; scores['ไทยทรัพย์ทวี'] is None; scores['เพื่อชาติไทย'] is None; scores['มิติใหม่'] is None; scores['ประชาธิปไดยใหม่'] is None; scores['ทางเลือกไทย'] is None; scores['ท้องที่ไทย'] is None; scores['อนาคตไทย'] is None; scores['พลังเพื่อไทย'] is None; scores['ไทยชนะ'] is None; scores['พลังสังคมใหม่'] is None; scores['สังคมประชาธิปไดยไทย'] is None; scores['ฟิวชัน'] is None; scores['ไทรวมพลัง'] is None; scores['ก้าวอิสระ'] is None; scores['วิชชั่นใหม่'] is None; scores['ไทยก้าวหน้า'] is None; scores['ไทยภักดี'] is None; scores['ประชากรไทย'] is None; scores['ครูไทยเพื่อประชาชน'] is None; scores['สร้างอนาคตไทย'] is None; scores['ไทยพร้อม'] is None; scores['พลังธรรมใหม่'] is None; scores['ไทยธรรม'] is None; scores['แผ่นดินธรรม'] is None; scores['พลังประชารัฐ'] is None; scores['โอกาสใหม่'] is None; scores['ไทยสร้างไทย'] is None; scores['ไทยก้าวใหม่'] is None; scores['ประชาอาสาชาติ'] is None; scores['พร้อม'] is None; scores['เครือข่ายชาวนาแห่งประเทศไทย'] is None; scores['ไทยพิทักษ์ธรรม'] is None; scores['ความหวังใหม่'] is None; scores['ไทยรวมไทย'] is None; scores['เพื่อบ้านเมือง'] is None,,,4.0,,1.0,5.0,2.0,,12.0,,4.0,1.0,1.0,,,,,,,,,,2.0,,2.0,2.0,305.0,,,1.0,,,1.0,,516.0,,117.0,,1.0,,,1.0,,,2.0,1.0,2.0,,,,,,,,,,516.0
อำเภอศรีนครินทร์/43ตำบลอ่างทอง.pdf,4,FAIL,MISMATCH,score_outlier: รวมไทยสร้างชาติ,300.0,295.0,5.0,0.0,,scores['มิติใหม่'] is None; scores['ประชาธิปไดยใหม่'] is None; scores['ทางเลือกไทย'] is None; scores['สังคมประชาธิปไดยไทย'] is None; scores['ฟิวชัน'] is None; scores['วิชชั่นใหม่'] is None; scores['ประชาไทย'] is None; scores['ไทยก้าวใหม่'] is None; ballot_total differs between forms,5.0,1.0,2.0,,1.0,16.0,3.0,,22.0,,3.0,0.0,1.0,0.0,0.0,0.0,0.0,0.0,,,0.0,1.0,1.0,,0.0,2.0,5.0,0.0,0.0,0.0,0.0,2.0,0.0,0.0,0.0,0.0,33.0,0.0,0.0,0.0,0.0,0.0,2.0,0.0,0.0,1.0,,0.0,,0.0,0.0,0.0,0.0,0.0,0.0,3.0,0.0
อำเภอศรีนครินทร์/43ตำบลอ่างทอง.pdf,5,FAIL,MISMATCH,,228.0,219.0,3.0,3.0,,ballot_valid + ballot_invalid + ballot_no_vote does not equal ballot_total; scores['มิติใหม่'] is None; scores['รวมไทยสร้างชาติ'] is None; scores['พลวัต'] is None; scores['ประชาธิปไดยใหม่'] is None; scores['ทางเลือกไทย'] is None; scores['รวมพลังประชาชน'] is None; scores['สังคมประชาธิปไดยไทย'] is None; scores['ฟิวชัน'] is None; scores['ไทรวมพลัง'] is None; scores['ประชาไทย'] is None; scores['ไทยก้าวใหม่'] is None; scores['ประชาอาสาชาติ'] is None; ballot_total differs between forms,9.0,2.0,1.0,,1.0,,,,9.0,,3.0,1.0,,0.0,0.0,0.0,2.0,0.0,,,,0.0,0.0,0.0,0.0,0.0,198.0,0.0,0.0,0.0,2.0,0.0,0.0,0.0,0.0,1.0,21.0,1.0,1.0,0.0,0.0,0.0,0.0,0.0,0.0,0.0,,1.0,,,1.0,0.0,0.0,0.0,0.0,3.0,0.0
อำเภอศรีนครินทร์/43ตำบลอ่างทอง.pdf,6,FAIL,OK,,2.0,292.0,910.0,7.0,,ballot_valid + ballot_invalid + ballot_no_vote does not equal ballot_total; scores['ประชาธิปไดยใหม่'] is None; scores['ทางเลือกไทย'] is None; scores['สังคมประชาธิปไดยไทย'] is None; scores['ฟิวชัน'] is None; scores['วิชชั่นใหม่'] is None; scores['ไทยก้าวใหม่'] is None; scores['ประชาอาสาชาติ'] is None,1.0,1.0,0.0,0.0,0.0,9.0,2.0,,14.0,,1.0,1.0,0.0,0.0,0.0,0.0,0.0,0.0,,,0.0,0.0,0.0,,0.0,0.0,157.0,0.0,1.0,0.0,0.0,0.0,0.0,0.0,0.0,0.0,32.0,0.0,0.0,0.0,0.0,4.0,1.0,0.0,0.0,0.0,0.0,0.0,,,0.0,0.0,0.0,0.0,0.0,0.0,0.0
อำเภอศรีนครินทร์/43ตำบลอ่างทอง.pdf,7,FAIL,OK,,250.0,229.0,21.0,0.0,,scores['ไทยทรัพย์ทวี'] is None; scores['มิติใหม่'] is None; scores['ประชาธิปไดยใหม่'] is None; scores['ทางเลือกไทย'] is None; scores['สังคมประชาธิปไดยไทย'] is None; scores['ฟิวชัน'] is None; scores['วิชชั่นใหม่'] is None; scores['กรีน'] is None; scores['ประชาอาสาชาติ'] is None,,2.0,2.0,,0.0,3.0,2.0,,22.0,,2.0,0.0,0.0,0.0,0.0,0.0,1.0,0.0,,,0.0,0.0,0.0,,1.0,1.0,135.0,0.0,0.0,0.0,0.0,0.0,0.0,0.0,0.0,0.0,24.0,0.0,,0.0,0.0,0.0,2.0,0.0,0.0,0.0,0.0,0.0,0.0,,0.0,0.0,0.0,0.0,0.0,0.0,0.0
อำเภอศรีนครินทร์/44ตำบลบ้านนา.pdf,0,FAIL,OK,score_outlier: ปวงชนไทย,619.0,576.0,33.0,10.0,,scores['ไทยทรัพย์ทวี'] is None; scores['ประชาธิปไดยใหม่'] is None; scores['ทางเลือกไทย'] is None; scores['สังคมประชาธิปไดยไทย'] is None; scores['ฟิวชัน'] is None; scores['วิชชั่นใหม่'] is None; scores['ประชาไทย'] is None; scores['ประชาอาสาชาติ'] is None; scores['เครือข่ายชาวนาแห่งประเทศไทย'] is None,,4.0,0.0,1.0,4.0,2.0,8.0,,35.0,,15.0,1.0,0.0,0.0,0.0,1.0,1.0,0.0,,,0.0,0.0,2.0,,1.0,1.0,306.0,0.0,7.0,1.0,1.0,0.0,0.0,1.0,4.0,0.0,82.0,0.0,0.0,0.0,0.0,0.0,0.0,0.0,0.0,0.0,,0.0,2.0,,0.0,,0.0,0.0,0.0,1.0,0.0
อำเภอศรีนครินทร์/44ตำบลบ้านนา.pdf,1,FAIL,MISMATCH,ballot_total_outlier; single_party_dominance: เพื่อไทย; score_outlier: เพื่อไทย; score_outlier: ไทยภักดี; score_outlier: เพื่อบ้านเมือง,1493.0,1486.0,7.0,0.0,"ballot_total: '1,493' → 1493 (removed comma); ballot_valid: '1,486' → 1486 (removed comma); scores['เพื่อไทย']: '1,486' → 1486 (removed comma); scores['ประชาธิปัตย์']: '1,101' → 1101 (removed comma); scores['รักชาติ']: '๐' → 0 (thai digit); scores['ไทยพร้อม']: '๐' → 0 (thai digit); scores['ภูมิใจไทย']: '๗๒' → 72 (thai digit); scores['พลังธรรมใหม่']: '๐' → 0 (thai digit); scores['กรีน']: '๐' → 0 (thai digit); scores['ไทยธรรม']: '๐' → 0 (thai digit); scores['แผ่นดินธรรม']: '๐' → 0 (thai digit); scores['กล้าธรรม']: '๐' → 0 (thai digit); scores['พลังประชารัฐ']: '๐' → 0 (thai digit); scores['โอกาสใหม่']: '๐' → 0 (thai digit); scores['เป็นธรรม']: '๐' → 0 (thai digit); scores['ประชาไทย']: '๐' → 0 (thai digit); scores['ไทยสร้างไทย']: '๐' → 0 (thai digit); scores['พร้อม']: '๐' → 0 (thai digit); scores['เครือข่ายชาวนาแห่งประเทศไทย']: '๐' → 0 (thai digit); scores['ไทยพิทักษ์ธรรม']: '๐' → 0 (thai digit); scores['ความหวังใหม่']: '๐' → 0 (thai digit); scores['ไทยรวมไทย']: '๐' → 0 (thai digit); scores['เพื่อบ้านเมือง']: '๙' → 9 (thai digit); scores['พลังไทยรักชาติ']: '๐' → 0 (thai digit)",scores['ไทยทรัพย์ทวี'] is None; scores['ประชาธิปไดยใหม่'] is None; scores['ทางเลือกไทย'] is None; scores['รวมพลังประชาชน'] is None; scores['สังคมประชาธิปไดยไทย'] is None; scores['ฟิวชัน'] is None; scores['ไทยก้าวใหม่'] is None; scores['ประชาอาสาชาติ'] is None; ballot_total differs between forms,,7.0,0.0,0.0,0.0,8.0,0.0,,1486.0,,9.0,0.0,,0.0,0.0,0.0,0.0,0.0,,,0.0,0.0,0.0,0.0,0.0,0.0,1101.0,0.0,9.0,0.0,0.0,0.0,0.0,0.0,0.0,0.0,72.0,0.0,0.0,0.0,0.0,0.0,0.0,0.0,0.0,0.0,0.0,0.0,,,0.0,0.0,0.0,0.0,0.0,9.0,0.0
อำเภอศรีนครินทร์/44ตำบลบ้านนา.pdf,2,FAIL,OK,,501.0,468.0,22.0,11.0,,scores['ประชาธิปไดยใหม่'] is None; scores['ทางเลือกไทย'] is None; scores['สังคมประชาธิปไดยไทย'] is None; scores['ฟิวชัน'] is None; scores['วิชชั่นใหม่'] is None; scores['พลังประชารัฐ'] is None; scores['ไทยก้าวใหม่'] is None; scores['ประชาอาสาชาติ'] is None,0.0,4.0,2.0,0.0,0.0,7.0,5.0,,32.0,,4.0,0.0,0.0,0.0,0.0,0.0,0.0,0.0,,,0.0,0.0,0.0,,0.0,0.0,252.0,1.0,5.0,1.0,0.0,0.0,0.0,0.0,1.0,1.0,84.0,1.0,0.0,0.0,0.0,2.0,,0.0,0.0,0.0,0.0,1.0,,,1.0,0.0,0.0,0.0,0.0,0.0,0.0
อำเภอศรีนครินทร์/44ตำบลบ้านนา.pdf,3,FAIL,OK,single_party_dominance: เพื่อชีวิตใหม่; score_outlier: เพื่อชีวิตใหม่,439.0,413.0,15.0,11.0,"scores['เพื่อชีวิตใหม่']: '2,000' → 2000 (removed comma)",scores['ไทยทรัพย์ทวี'] is None; scores['ประชาธิปไดยใหม่'] is None; scores['ทางเลือกไทย'] is None; scores['สังคมประชาธิปไดยไทย'] is None; scores['ฟิวชัน'] is None; scores['วิชชั่นใหม่'] is None; scores['ประชาไทย'] is None; scores['ไทยก้าวใหม่'] is None; scores['ประชาอาสาชาติ'] is None,,2.0,2.0,0.0,0.0,2.0,11.0,,20.0,,9.0,0.0,0.0,0.0,1.0,0.0,1.0,0.0,,,0.0,0.0,0.0,,2000.0,0.0,247.0,0.0,0.0,0.0,1.0,1.0,0.0,0.0,0.0,0.0,63.0,0.0,0.0,0.0,0.0,0.0,0.0,0.0,0.0,0.0,,0.0,,,0.0,0.0,0.0,0.0,0.0,1.0,0.0
อำเภอศรีนครินทร์/44ตำบลบ้านนา.pdf,4,FAIL,MISMATCH,,,,,,,ballot_total is None; ballot_valid is None; ballot_invalid is None; ballot_no_vote is None; scores['ไทยทรัพย์ทวี'] is None; scores['เพื่อชาติไทย'] is None; scores['ใหม่'] is None; scores['มิติใหม่'] is None; scores['รวมใจไทย'] is None; scores['รวมไทยสร้างชาติ'] is None; scores['พลวัต'] is None; scores['ประชาธิปไดยใหม่'] is None; scores['เพื่อไทย'] is None; scores['ทางเลือกไทย'] is None; scores['เศรษฐกิจ'] is None; scores['เสรีรวมไทย'] is None; scores['รวมพลังประชาชน'] is None; scores['ท้องที่ไทย'] is None; scores['อนาคตไทย'] is None; scores['พลังเพื่อไทย'] is None; scores['ไทยชนะ'] is None; scores['พลังสังคมใหม่'] is None; scores['สังคมประชาธิปไดยไทย'] is None; scores['ฟิวชัน'] is None; scores['ไทรวมพลัง'] is None; scores['ก้าวอิสระ'] is None; scores['ปวงชนไทย'] is None; scores['วิชชั่นใหม่'] is None; scores['เพื่อชีวิตใหม่'] is None; scores['คลองไทย'] is None; scores['ประชาธิปัตย์'] is None; scores['ไทยก้าวหน้า'] is None; scores['ไทยภักดี'] is None; scores['แรงงานสร้างชาติ'] is None; scores['ประชากรไทย'] is None; scores['ครูไทยเพื่อประชาชน'] is None; scores['ประชาชาติ'] is None; scores['สร้างอนาคตไทย'] is None; scores['รักชาติ'] is None; scores['ไทยพร้อม'] is None; scores['ภูมิใจไทย'] is None; scores['พลังธรรมใหม่'] is None; scores['กรีน'] is None; scores['ไทยธรรม'] is None; scores['แผ่นดินธรรม'] is None; scores['กล้าธรรม'] is None; scores['พลังประชารัฐ'] is None; scores['โอกาสใหม่'] is None; scores['เป็นธรรม'] is None; scores['ประชาชน'] is None; scores['ประชาไทย'] is None; scores['ไทยสร้างไทย'] is None; scores['ไทยก้าวใหม่'] is None; scores['ประชาอาสาชาติ'] is None; scores['พร้อม'] is None; scores['เครือข่ายชาวนาแห่งประเทศไทย'] is None; scores['ไทยพิทักษ์ธรรม'] is None; scores['ความหวังใหม่'] is None; scores['ไทยรวมไทย'] is None; scores['เพื่อบ้านเมือง'] is None; scores['พลังไทยรักชาติ'] is None; ballot_total differs between forms,,,,,,,,,,,,,,,,,,,,,,,,,,,,,,,,,,,,,,,,,,,,,,,,,,,,,,,,,
อำเภอศรีนครินทร์/44ตำบลบ้านนา.pdf,5,FAIL,MISMATCH,single_party_dominance: เศรษฐกิจ; score_outlier: เสรีรวมไทย,477.0,474.0,18.0,1.0,,ballot_valid + ballot_invalid + ballot_no_vote does not equal ballot_total; scores['ไทยทรัพย์ทวี'] is None; scores['ประชาธิปไดยใหม่'] is None; scores['ทางเลือกไทย'] is None; scores['สังคมประชาธิปไดยไทย'] is None; scores['ฟิวชัน'] is None; scores['วิชชั่นใหม่'] is None; scores['ประชาชาติ'] is None; scores['ไทยก้าวใหม่'] is None; scores['ประชาอาสาชาติ'] is None; ballot_total differs between forms,,3.0,0.0,0.0,1.0,3.0,2.0,,20.0,,483.0,150.0,101.0,100.0,0.0,0.0,0.0,0.0,,,0.0,0.0,0.0,,2.0,0.0,110.0,0.0,0.0,0.0,1.0,0.0,,0.0,0.0,0.0,109.0,0.0,0.0,0.0,0.0,0.0,1.0,0.0,1.0,101.0,0.0,0.0,,,0.0,0.0,0.0,0.0,0.0,0.0,0.0
อำเภอศรีนครินทร์/44ตำบลบ้านนา.pdf,6,FAIL,MISMATCH,single_party_dominance: เพื่อไทย; single_party_dominance: ประชาธิปัตย์; single_party_dominance: ภูมิใจไทย; score_outlier: ไทยธรรม,12.0,9.0,12.0,3.0,,ballot_valid + ballot_invalid + ballot_no_vote does not equal ballot_total; scores['ประชาธิปไดยใหม่'] is None; scores['ทางเลือกไทย'] is None; scores['สังคมประชาธิปไดยไทย'] is None; scores['ฟิวชัน'] is None; scores['ไทรวมพลัง'] is None; scores['วิชชั่นใหม่'] is None; scores['ประชาไทย'] is None; scores['ไทยก้าวใหม่'] is None; scores['ประชาอาสาชาติ'] is None; ballot_total differs between forms,2.0,5.0,0.0,0.0,4.0,3.0,4.0,,21.0,,5.0,0.0,1.0,0.0,0.0,0.0,2.0,0.0,,,,0.0,0.0,,0.0,0.0,245.0,0.0,2.0,1.0,0.0,0.0,0.0,0.0,0.0,1.0,48.0,0.0,0.0,1.0,0.0,1.0,0.0,0.0,0.0,1.0,,1.0,,,1.0,0.0,0.0,0.0,0.0,0.0,0.0
อำเภอศรีนครินทร์/44ตำบลบ้านนา.pdf,7,FAIL,MISMATCH,score_outlier: ไทรวมพลัง; score_outlier: ความหวังใหม่,2.0,574.0,14.0,3.0,,ballot_valid + ballot_invalid + ballot_no_vote does not equal ballot_total; scores['ประชาธิปไดยใหม่'] is None; scores['ทางเลือกไทย'] is None; scores['รวมพลังประชาชน'] is None; scores['สังคมประชาธิปไดยไทย'] is None; scores['ฟิวชัน'] is None; scores['ก้าวอิสระ'] is None; scores['ปวงชนไทย'] is None; scores['วิชชั่นใหม่'] is None; scores['เพื่อชีวิตใหม่'] is None; scores['คลองไทย'] is None; scores['ประชาธิปัตย์'] is None; scores['ไทยภักดี'] is None; scores['แรงงานสร้างชาติ'] is None; scores['ประชากรไทย'] is None; scores['ครูไทยเพื่อประชาชน'] is None; scores['สร้างอนาคตไทย'] is None; scores['ภูมิใจไทย'] is None; scores['ประชาไทย'] is None; scores['ไทยก้าวใหม่'] is None; ballot_total differs between forms,2.0,3.0,1.0,0.0,4.0,9.0,2.0,,27.0,,4.0,2.0,,0.0,0.0,1.0,0.0,0.0,,,2.0,,,,,,,0.0,,,,,2.0,,0.0,2.0,,0.0,0.0,0.0,0.0,2.0,0.0,0.0,0.0,91.0,,0.0,,0.0,2.0,0.0,0.0,1.0,0.0,0.0,0.0
อำเภอศรีนครินทร์/44ตำบลบ้านนา.pdf,8,FAIL,MISMATCH,single_party_dominance: ประชาธิปัตย์; score_outlier: ไทยชนะ; score_outlier: พลังสังคมใหม่; score_outlier: ประชาธิปัตย์; score_outlier: ครูไทยเพื่อประชาชน; score_outlier: ภูมิใจไทย; score_outlier: กล้าธรรม; score_outlier: ไทยสร้างไทย,479.0,409.0,5.0,90.0,"scores['ประชาธิปัตย์']: '๓,๙๙๖' → 3996 (thai digit; removed comma); scores['แรงงานสร้างชาติ']: '๒' → 2 (thai digit); scores['ภูมิใจไทย']: '๓๓๗' → 337 (thai digit)",ballot_valid + ballot_invalid + ballot_no_vote does not equal ballot_total; scores['ประชาธิปไดยใหม่'] is None; scores['ทางเลือกไทย'] is None; scores['สังคมประชาธิปไดยไทย'] is None; scores['ฟิวชัน'] is None; scores['ประชาไทย'] is None; scores['ไทยก้าวใหม่'] is None; scores['ประชาอาสาชาติ'] is None; ballot_total differs between forms,2.0,3.0,0.0,0.0,0.0,2.0,2.0,,62.0,,4.0,0.0,9.0,0.0,0.0,0.0,9.0,9.0,,,0.0,0.0,0.0,0.0,0.0,0.0,3996.0,0.0,0.0,2.0,0.0,9.0,0.0,0.0,0.0,0.0,337.0,0.0,0.0,0.0,0.0,9.0,0.0,0.0,0.0,9.0,,9.0,,,0.0,0.0,0.0,0.0,0.0,0.0,0.0
อำเภอศรีนครินทร์/44ตำบลบ้านนา.pdf,9,FAIL,OK,,341.0,327.0,12.0,2.0,,scores['ไทยทรัพย์ทวี'] is None; scores['ประชาธิปไดยใหม่'] is None; scores['ทางเลือกไทย'] is None; scores['รวมพลังประชาชน'] is None; scores['สังคมประชาธิปไดยไทย'] is None; scores['ฟิวชัน'] is None; scores['วิชชั่นใหม่'] is None; scores['ประชาไทย'] is None; scores['ไทยก้าวใหม่'] is None; scores['ประชาอาสาชาติ'] is None,,1.0,2.0,0.0,1.0,2.0,3.0,,24.0,,1.0,2.0,,0.0,0.0,0.0,1.0,0.0,,,0.0,0.0,0.0,,0.0,0.0,215.0,1.0,0.0,0.0,0.0,0.0,1.0,0.0,0.0,1.0,23.0,0.0,0.0,0.0,0.0,0.0,0.0,0.0,0.0,0.0,,1.0,,,1.0,0.0,0.0,0.0,0.0,2.0,0.0
อำเภอศรีนครินทร์/44ตำบลบ้านนา.pdf,10,FAIL,OK,score_outlier: ไทยธรรม,427.0,409.0,14.0,4.0,,scores['ไทยทรัพย์ทวี'] is None; scores['ประชาธิปไดยใหม่'] is None; scores['ทางเลือกไทย'] is None; scores['สังคมประชาธิปไดยไทย'] is None; scores['ฟิวชัน'] is None; scores['ก้าวอิสระ'] is None; scores['ประชาไทย'] is None; scores['ไทยก้าวใหม่'] is None; scores['ประชาอาสาชาติ'] is None,,3.0,0.0,1.0,0.0,2.0,3.0,,16.0,,3.0,1.0,0.0,1.0,0.0,0.0,3.0,0.0,,,1.0,,0.0,0.0,1.0,0.0,22.0,1.0,1.0,0.0,0.0,0.0,0.0,0.0,0.0,0.0,79.0,0.0,0.0,1.0,0.0,1.0,0.0,0.0,0.0,0.0,,0.0,,,0.0,0.0,0.0,0.0,0.0,0.0,0.0
อำเภอศรีนครินทร์/44ตำบลบ้านนา.pdf,11,FAIL,OK,score_outlier: ประชากรไทย; score_outlier: แผ่นดินธรรม,387.0,361.0,21.0,5.0,,scores['ประชาธิปไดยใหม่'] is None; scores['ทางเลือกไทย'] is None; scores['สังคมประชาธิปไดยไทย'] is None; scores['ฟิวชัน'] is None; scores['ไทรวมพลัง'] is None; scores['ประชาไทย'] is None; scores['ไทยก้าวใหม่'] is None; scores['ประชาอาสาชาติ'] is None,3.0,2.0,0.0,0.0,2.0,3.0,2.0,,14.0,,6.0,0.0,0.0,1.0,0.0,0.0,1.0,0.0,,,,0.0,0.0,0.0,0.0,0.0,229.0,0.0,2.0,1.0,3.0,0.0,0.0,0.0,51.0,20.0,36.0,0.0,0.0,0.0,2.0,1.0,0.0,0.0,0.0,0.0,,0.0,,,20.0,0.0,0.0,0.0,0.0,3.0,0.0
อำเภอศรีนครินทร์/45ตำบลชุมพล.pdf,0,FAIL,MISMATCH,single_party_dominance: ประชาธิปัตย์; score_outlier: ไทยพิทักษ์ธรรม,105.0,100.0,25.0,24.0,,ballot_valid + ballot_invalid + ballot_no_vote does not equal ballot_total; scores['ไทยทรัพย์ทวี'] is None; scores['ประชาธิปไดยใหม่'] is None; scores['ทางเลือกไทย'] is None; scores['สังคมประชาธิปไดยไทย'] is None; scores['ฟิวชัน'] is None; scores['วิชชั่นใหม่'] is None; scores['ไทยก้าวใหม่'] is None; scores['ประชาอาสาชาติ'] is None; ballot_total differs between forms,,4.0,2.0,0.0,3.0,7.0,7.0,,35.0,,8.0,2.0,3.0,0.0,0.0,2.0,5.0,0.0,,,0.0,0.0,1.0,,1.0,0.0,341.0,0.0,0.0,1.0,1.0,0.0,1.0,0.0,0.0,3.0,63.0,0.0,0.0,0.0,0.0,0.0,0.0,1.0,0.0,3.0,0.0,1.0,,,3.0,0.0,1.0,0.0,0.0,2.0,1.0
อำเภอศรีนครินทร์/45ตำบลชุมพล.pdf,1,FAIL,MISMATCH,,2.0,328.0,12.0,5.0,,ballot_valid + ballot_invalid + ballot_no_vote does not equal ballot_total; scores['ประชาธิปไดยใหม่'] is None; scores['ทางเลือกไทย'] is None; scores['สังคมประชาธิปไดยไทย'] is None; scores['ฟิวชัน'] is None; scores['วิชชั่นใหม่'] is None; scores['ประชาไทย'] is None; scores['ไทยก้าวใหม่'] is None; scores['ประชาอาสาชาติ'] is None; ballot_total differs between forms,3.0,2.0,0.0,0.0,1.0,2.0,6.0,,19.0,,5.0,2.0,1.0,0.0,0.0,0.0,1.0,0.0,,,0.0,1.0,0.0,,0.0,0.0,212.0,1.0,0.0,0.0,1.0,0.0,1.0,0.0,0.0,0.0,15.0,0.0,1.0,0.0,0.0,1.0,0.0,0.0,0.0,1.0,,1.0,,,0.0,0.0,0.0,0.0,0.0,0.0,1.0
อำเภอศรีนครินทร์/45ตำบลชุมพล.pdf,2,FAIL,OK,,363.0,339.0,16.0,8.0,,scores['ประชาธิปไดยใหม่'] is None; scores['ทางเลือกไทย'] is None; scores['รวมพลังประชาชน'] is None; scores['สังคมประชาธิปไดยไทย'] is None; scores['ฟิวชัน'] is None; scores['วิชชั่นใหม่'] is None; scores['ไทยก้าวใหม่'] is None; scores['ประชาอาสาชาติ'] is None,1.0,1.0,2.0,0.0,2.0,7.0,4.0,,37.0,,7.0,1.0,,0.0,1.0,1.0,2.0,0.0,,,0.0,0.0,0.0,,0.0,0.0,153.0,0.0,2.0,1.0,0.0,1.0,2.0,0.0,0.0,0.0,30.0,1.0,0.0,0.0,0.0,2.0,1.0,0.0,2.0,1.0,2.0,0.0,,,0.0,0.0,0.0,0.0,0.0,1.0,0.0
อำเภอศรีนครินทร์/45ตำบลชุมพล.pdf,3,FAIL,OK,score_outlier: รวมใจไทย; score_outlier: อนาคตไทย; score_outlier: ก้าวอิสระ,418.0,399.0,19.0,24.0,,ballot_valid + ballot_invalid + ballot_no_vote does not equal ballot_total; scores['ไทยทรัพย์ทวี'] is None; scores['พลวัต'] is None; scores['ประชาธิปไดยใหม่'] is None; scores['ทางเลือกไทย'] is None; scores['ท้องที่ไทย'] is None; scores['สังคมประชาธิปไดยไทย'] is None; scores['ฟิวชัน'] is None; scores['ไทรวมพลัง'] is None; scores['วิชชั่นใหม่'] is None; scores['ประชาไทย'] is None; scores['ไทยก้าวใหม่'] is None; scores['ประชาอาสาชาติ'] is None,,24.0,0.0,3.0,9.0,8.0,,,38.0,,18.0,1.0,3.0,,2.0,3.0,1.0,0.0,,,,2.0,1.0,,0.0,0.0,5.0,1.0,2.0,0.0,1.0,0.0,1.0,1.0,0.0,0.0,46.0,0.0,1.0,0.0,0.0,6.0,0.0,0.0,0.0,5.0,,1.0,,,0.0,0.0,0.0,0.0,0.0,0.0,0.0
อำเภอศรีนครินทร์/45ตำบลชุมพล.pdf,4,FAIL,MISMATCH,single_party_dominance: ประชาธิปัตย์,102.0,98.0,13.0,5.0,,ballot_valid + ballot_invalid + ballot_no_vote does not equal ballot_total; scores['ไทยทรัพย์ทวี'] is None; scores['ประชาธิปไดยใหม่'] is None; scores['ทางเลือกไทย'] is None; scores['สังคมประชาธิปไดยไทย'] is None; scores['ฟิวชัน'] is None; scores['วิชชั่นใหม่'] is None; scores['ประชาไทย'] is None; scores['ไทยก้าวใหม่'] is None; scores['ประชาอาสาชาติ'] is None; ballot_total differs between forms,,2.0,1.0,0.0,1.0,2.0,6.0,,22.0,,1.0,1.0,1.0,0.0,0.0,1.0,0.0,0.0,,,0.0,1.0,0.0,,0.0,1.0,248.0,1.0,0.0,0.0,1.0,0.0,0.0,0.0,0.0,1.0,27.0,0.0,0.0,0.0,0.0,1.0,1.0,0.0,0.0,1.0,,0.0,,,1.0,0.0,0.0,0.0,0.0,0.0,0.0
อำเภอศรีนครินทร์/45ตำบลชุมพล.pdf,5,FAIL,OK,score_outlier: ปวงชนไทย; score_outlier: สร้างอนาคตไทย,493.0,455.0,22.0,16.0,,scores['ประชาธิปไดยใหม่'] is None; scores['ทางเลือกไทย'] is None; scores['สังคมประชาธิปไดยไทย'] is None; scores['ฟิวชัน'] is None; scores['ไทรวมพลัง'] is None; scores['วิชชั่นใหม่'] is None; scores['ประชาธิปัตย์'] is None; scores['ประชาไทย'] is None; scores['ไทยก้าวใหม่'] is None; scores['ประชาอาสาชาติ'] is None,3.0,1.0,1.0,1.0,0.0,6.0,6.0,,25.0,,2.0,5.0,2.0,0.0,0.0,1.0,1.0,0.0,,,,0.0,2.0,,1.0,1.0,,0.0,0.0,0.0,0.0,0.0,1.0,2.0,1.0,0.0,53.0,2.0,0.0,0.0,0.0,0.0,1.0,0.0,1.0,2.0,,1.0,,,0.0,0.0,0.0,0.0,0.0,0.0,0.0
อำเภอศรีนครินทร์/45ตำบลชุมพล.pdf,6,FAIL,OK,,274.0,259.0,5.0,10.0,,scores['ไทยทรัพย์ทวี'] is None; scores['ประชาธิปไดยใหม่'] is None; scores['ทางเลือกไทย'] is None; scores['สังคมประชาธิปไดยไทย'] is None; scores['ฟิวชัน'] is None; scores['ไทรวมพลัง'] is None; scores['วิชชั่นใหม่'] is None; scores['พลังประชารัฐ'] is None; scores['ประชาอาสาชาติ'] is None,,1.0,0.0,0.0,3.0,2.0,3.0,,14.0,,8.0,0.0,0.0,0.0,0.0,1.0,0.0,0.0,,,,0.0,0.0,,0.0,0.0,150.0,1.0,0.0,0.0,0.0,0.0,0.0,0.0,0.0,0.0,25.0,0.0,0.0,0.0,0.0,0.0,,0.0,0.0,0.0,0.0,0.0,0.0,,0.0,0.0,0.0,0.0,0.0,1.0,1.0
อำเภอศรีนครินทร์/45ตำบลชุมพล.pdf,7,FAIL,OK,score_outlier: ไทยก้าวหน้า,637.0,604.0,20.0,13.0,,scores['ไทยทรัพย์ทวี'] is None; scores['ประชาธิปไดยใหม่'] is None; scores['ทางเลือกไทย'] is None; scores['พลังเพื่อไทย'] is None; scores['พลังสังคมใหม่'] is None; scores['สังคมประชาธิปไดยไทย'] is None; scores['ฟิวชัน'] is None; scores['ไทรวมพลัง'] is None; scores['ก้าวอิสระ'] is None; scores['ปวงชนไทย'] is None; scores['วิชชั่นใหม่'] is None; scores['เพื่อชีวิตใหม่'] is None; scores['คลองไทย'] is None; scores['ประชากรไทย'] is None; scores['ครูไทยเพื่อประชาชน'] is None; scores['ประชาชาติ'] is None; scores['สร้างอนาคตไทย'] is None; scores['รักชาติ'] is None; scores['ภูมิใจไทย'] is None; scores['กรีน'] is None; scores['ไทยธรรม'] is None; scores['แผ่นดินธรรม'] is None; scores['โอกาสใหม่'] is None; scores['เป็นธรรม'] is None; scores['ประชาไทย'] is None; scores['ไทยก้าวใหม่'] is None; scores['ประชาอาสาชาติ'] is None; scores['เครือข่ายชาวนาแห่งประเทศไทย'] is None; scores['ไทยพิทักษ์ธรรม'] is None; scores['ความหวังใหม่'] is None; scores['ไทยรวมไทย'] is None; scores['เพื่อบ้านเมือง'] is None; scores['พลังไทยรักชาติ'] is None,,5.0,1.0,1.0,3.0,5.0,3.0,,36.0,,4.0,3.0,2.0,1.0,1.0,,1.0,,,,,,,,,,301.0,2.0,6.0,2.0,,,,,,1.0,,1.0,,,,1.0,2.0,,,2.0,,2.0,,,1.0,,,,,,
อำเภอศรีนครินทร์/45ตำบลชุมพล.pdf,8,FAIL,OK,,290.0,274.0,9.0,7.0,,scores['ประชาธิปไดยใหม่'] is None; scores['ทางเลือกไทย'] is None; scores['สังคมประชาธิปไดยไทย'] is None; scores['ฟิวชัน'] is None; scores['ประชากรไทย'] is None; scores['ครูไทยเพื่อประชาชน'] is None; scores['ประชาชาติ'] is None; scores['สร้างอนาคตไทย'] is None; scores['ไทยก้าวใหม่'] is None,2.0,1.0,0.0,0.0,1.0,0.0,2.0,,10.0,,3.0,0.0,0.0,0.0,0.0,0.0,0.0,0.0,,,0.0,0.0,0.0,0.0,0.0,1.0,116.0,0.0,0.0,0.0,,,,,0.0,0.0,99.0,0.0,0.0,0.0,0.0,0.0,0.0,0.0,0.0,0.0,1.0,0.0,,0.0,0.0,0.0,0.0,0.0,0.0,1.0,0.0
อำเภอศรีนครินทร์/45ตำบลชุมพล.pdf,9,FAIL,OK,,349.0,331.0,9.0,9.0,,scores['ไทยทรัพย์ทวี'] is None; scores['ประชาธิปไดยใหม่'] is None; scores['ทางเลือกไทย'] is None; scores['สังคมประชาธิปไดยไทย'] is None; scores['ฟิวชัน'] is None; scores['ปวงชนไทย'] is None; scores['ไทยก้าวใหม่'] is None; scores['ประชาอาสาชาติ'] is None,,2.0,2.0,1.0,0.0,4.0,5.0,,26.0,,3.0,0.0,1.0,0.0,0.0,0.0,0.0,0.0,,,0.0,0.0,,0.0,0.0,1.0,206.0,0.0,0.0,0.0,1.0,1.0,0.0,0.0,0.0,0.0,31.0,0.0,0.0,0.0,0.0,1.0,0.0,0.0,0.0,1.0,1.0,4.0,,,0.0,0.0,0.0,0.0,0.0,1.0,0.0
อำเภอศรีนครินทร์/45ตำบลชุมพล.pdf,10,FAIL,MISMATCH,single_party_dominance: ประชาธิปัตย์; score_outlier: ไทรวมพลัง,527.0,526.0,1.0,0.0,scores['รักชาติ']: 'O' → 0 (O→0 substitution); scores['ไทยพร้อม']: 'O' → 0 (O→0 substitution); scores['พลังธรรมใหม่']: 'O' → 0 (O→0 substitution); scores['กรีน']: 'O' → 0 (O→0 substitution); scores['ไทยธรรม']: 'O' → 0 (O→0 substitution); scores['แผ่นดินธรรม']: 'O' → 0 (O→0 substitution); scores['กล้าธรรม']: 'O' → 0 (O→0 substitution); scores['โอกาสใหม่']: 'O' → 0 (O→0 substitution); scores['เป็นธรรม']: 'O' → 0 (O→0 substitution); scores['ไทยสร้างไทย']: 'O' → 0 (O→0 substitution); scores['พร้อม']: 'O' → 0 (O→0 substitution); scores['เครือข่ายชาวนาแห่งประเทศไทย']: 'O' → 0 (O→0 substitution); scores['ไทยพิทักษ์ธรรม']: 'O' → 0 (O→0 substitution); scores['ความหวังใหม่']: 'O' → 0 (O→0 substitution); scores['ไทยรวมไทย']: 'O' → 0 (O→0 substitution); scores['พลังไทยรักชาติ']: 'O' → 0 (O→0 substitution),scores['ประชาธิปไดยใหม่'] is None; scores['ทางเลือกไทย'] is None; scores['สังคมประชาธิปไดยไทย'] is None; scores['ฟิวชัน'] is None; scores['วิชชั่นใหม่'] is None; scores['ประชาไทย'] is None; scores['ไทยก้าวใหม่'] is None; scores['ประชาอาสาชาติ'] is None; ballot_total differs between forms,7.0,3.0,1.0,0.0,0.0,4.0,10.0,,37.0,,3.0,0.0,0.0,0.0,0.0,1.0,1.0,1.0,,,3.0,0.0,0.0,,0.0,1.0,840.0,0.0,3.0,1.0,0.0,1.0,0.0,0.0,0.0,0.0,44.0,0.0,0.0,0.0,0.0,0.0,2.0,0.0,0.0,0.0,,0.0,,,0.0,0.0,0.0,0.0,0.0,4.0,0.0
อำเภอศรีนครินทร์/45ตำบลชุมพล.pdf,11,FAIL,MISMATCH,single_party_dominance: พลวัต; single_party_dominance: ประชาธิปัตย์; score_outlier: พลวัต; score_outlier: พลังเพื่อไทย; score_outlier: ไทยชนะ,24.0,25.0,9.0,0.0,ballot_total: '๒๔' → 24 (thai digit); ballot_valid: '๒๕' → 25 (thai digit); ballot_invalid: '๐๙' → 9 (thai digit); ballot_no_vote: '๐' → 0 (thai digit); scores['ใหม่']: '๒' → 2 (thai digit),ballot_valid + ballot_invalid + ballot_no_vote does not equal ballot_total; scores['ประชาธิปไดยใหม่'] is None; scores['ทางเลือกไทย'] is None; scores['สังคมประชาธิปไดยไทย'] is None; scores['ฟิวชัน'] is None; scores['วิชชั่นใหม่'] is None; scores['ไทยก้าวใหม่'] is None; scores['ประชาอาสาชาติ'] is None; ballot_total differs between forms,0.0,0.0,2.0,0.0,1.0,2.0,87.0,,22.0,,7.0,9.0,9.0,9.0,0.0,9.0,9.0,0.0,,,0.0,0.0,0.0,,0.0,0.0,118.0,0.0,0.0,0.0,0.0,0.0,0.0,0.0,0.0,0.0,20.0,0.0,0.0,0.0,0.0,1.0,1.0,0.0,0.0,9.0,0.0,0.0,,,0.0,0.0,0.0,0.0,0.0,1.0,0.0
อำเภอศรีนครินทร์/45ตำบลชุมพล.pdf,12,FAIL,OK,score_outlier: ไทยก้าวหน้า; score_outlier: กรีน,204.0,245.0,3.0,6.0,,ballot_valid + ballot_invalid + ballot_no_vote does not equal ballot_total; scores['ประชาธิปไดยใหม่'] is None; scores['ทางเลือกไทย'] is None; scores['ท้องที่ไทย'] is None; scores['สังคมประชาธิปไดยไทย'] is None; scores['ฟิวชัน'] is None; scores['เพื่อชีวิตใหม่'] is None; scores['คลองไทย'] is None; scores['ประชาธิปัตย์'] is None; scores['ไทยภักดี'] is None; scores['แรงงานสร้างชาติ'] is None; scores['ประชากรไทย'] is None; scores['ครูไทยเพื่อประชาชน'] is None; scores['ประชาชาติ'] is None; scores['สร้างอนาคตไทย'] is None; scores['พลังประชารัฐ'] is None; scores['ประชาไทย'] is None; scores['ไทยก้าวใหม่'] is None; scores['ประชาอาสาชาติ'] is None,1.0,0.0,0.0,0.0,0.0,3.0,1.0,,12.0,,4.0,0.0,1.0,,0.0,0.0,2.0,0.0,,,0.0,0.0,0.0,1.0,,,,2.0,,,,,,,1.0,0.0,7.0,0.0,2.0,0.0,0.0,0.0,,0.0,0.0,1.0,,0.0,,,0.0,0.0,0.0,0.0,0.0,0.0,1.0
อำเภอศรีนครินทร์/45ตำบลชุมพล.pdf,13,FAIL,MISMATCH,score_outlier: เครือข่ายชาวนาแห่งประเทศไทย,2.0,260.0,10.0,5.0,,ballot_valid + ballot_invalid + ballot_no_vote does not equal ballot_total; scores['พลวัต'] is None; scores['ประชาธิปไดยใหม่'] is None; scores['ทางเลือกไทย'] is None; scores['สังคมประชาธิปไดยไทย'] is None; scores['ฟิวชัน'] is None; scores['วิชชั่นใหม่'] is None; scores['ประชาไทย'] is None; scores['ไทยก้าวใหม่'] is None; scores['ประชาอาสาชาติ'] is None; ballot_total differs between forms,0.0,3.0,2.0,0.0,4.0,0.0,,,18.0,,1.0,3.0,3.0,0.0,0.0,0.0,0.0,0.0,,,0.0,0.0,1.0,,0.0,1.0,166.0,0.0,0.0,0.0,0.0,0.0,0.0,0.0,0.0,0.0,20.0,0.0,0.0,0.0,0.0,0.0,0.0,0.0,0.0,3.0,,4.0,,,0.0,1.0,0.0,0.0,0.0,0.0,0.0
อำเภอศรีนครินทร์/45ตำบลชุมพล.pdf,14,FAIL,MISMATCH,,247.0,242.0,5.0,0.0,,scores['ไทยทรัพย์ทวี'] is None; scores['ประชาธิปไดยใหม่'] is None; scores['ทางเลือกไทย'] is None; scores['สังคมประชาธิปไดยไทย'] is None; scores['ฟิวชัน'] is None; scores['วิชชั่นใหม่'] is None; scores['ไทยก้าวใหม่'] is None; scores['ประชาอาสาชาติ'] is None; ballot_total differs between forms,,2.0,0.0,0.0,1.0,1.0,2.0,,14.0,,1.0,0.0,0.0,0.0,0.0,0.0,0.0,0.0,,,0.0,0.0,0.0,,1.0,1.0,164.0,0.0,0.0,0.0,0.0,0.0,0.0,1.0,0.0,0.0,17.0,1.0,0.0,0.0,0.0,0.0,0.0,0.0,0.0,0.0,1.0,1.0,,,0.0,0.0,0.0,0.0,0.0,1.0,0.0
